file,line,form,module,names,level
idaes/__init__.py,23,import,os,,0
idaes/__init__.py,24,import,copy,,0
idaes/__init__.py,25,import,logging,,0
idaes/__init__.py,26,from,typing,Optional;List,0
idaes/__init__.py,27,from,importlib.metadata,version,0
idaes/__init__.py,29,from,pyomo.common.fileutils,find_library,0
idaes/__init__.py,31,from,,config,1
idaes/__init__.py,213,from,pyomo.common.log,pyomo_logger,0
idaes/__init__.py,51,from,_idaes_v1_compat,activate,0
idaes/apps/caprese/categorize.py,16,from,pyomo.environ,Reference;ComponentUID;Objective,0
idaes/apps/caprese/categorize.py,21,from,pyomo.dae,DerivativeVar,0
idaes/apps/caprese/categorize.py,22,from,pyomo.common.collections,ComponentSet;ComponentMap,0
idaes/apps/caprese/categorize.py,23,from,pyomo.core.expr.visitor,identify_variables,0
idaes/apps/caprese/categorize.py,24,from,pyomo.contrib.incidence_analysis.interface,IncidenceGraphInterface,0
idaes/apps/caprese/categorize.py,25,from,pyomo.common.deprecation,deprecated,0
idaes/apps/caprese/categorize.py,27,import,idaes.apps.caprese.nmpc_var,,0
idaes/apps/caprese/categorize.py,28,from,idaes.apps.caprese.common.config,VariableCategory;ConstraintCategory,0
idaes/apps/caprese/common/config.py,18,import,enum,,0
idaes/apps/caprese/common/config.py,19,from,pyomo.environ,SolverFactory,0
idaes/apps/caprese/common/config.py,20,from,pyomo.core.base.var,VarData,0
idaes/apps/caprese/controller.py,16,from,idaes.apps.caprese.common.config,ControlPenaltyType,0
idaes/apps/caprese/controller.py,19,from,idaes.apps.caprese.common.config,VariableCategory,0
idaes/apps/caprese/controller.py,21,from,idaes.apps.caprese.nmpc_var,DiffVar;AlgVar;InputVar;DerivVar;FixedVar;MeasuredVar,0
idaes/apps/caprese/controller.py,29,from,idaes.apps.caprese.dynamic_block,_DynamicBlockData;DynamicBlock,0
idaes/apps/caprese/controller.py,34,from,pyomo.environ,Objective;check_optimal_termination;Constraint;Block,0
idaes/apps/caprese/controller.py,40,from,pyomo.common.collections,ComponentMap,0
idaes/apps/caprese/controller.py,41,from,pyomo.dae.set_utils,deactivate_model_at,0
idaes/apps/caprese/controller.py,42,from,pyomo.core.base.indexed_component,UnindexedComponent_set,0
idaes/apps/caprese/dynamic_block.py,18,from,collections,OrderedDict,0
idaes/apps/caprese/dynamic_block.py,20,import,idaes.logger,,0
idaes/apps/caprese/dynamic_block.py,21,from,idaes.apps.caprese.util,initialize_by_element_in_range,0
idaes/apps/caprese/dynamic_block.py,22,from,idaes.apps.caprese.common.config,InputOption,0
idaes/apps/caprese/dynamic_block.py,25,from,idaes.apps.caprese.common.config,VariableCategory,0
idaes/apps/caprese/dynamic_block.py,26,from,idaes.apps.caprese.categorize,categorize_dae_variables;CATEGORY_TYPE_MAP,0
idaes/apps/caprese/dynamic_block.py,30,from,idaes.apps.caprese.nmpc_var,NmpcVar;_NmpcVector;DiffVar;DerivVar;AlgVar;InputVar;FixedVar;MeasuredVar,0
idaes/apps/caprese/dynamic_block.py,40,from,idaes.core.util.model_statistics,degrees_of_freedom,0
idaes/apps/caprese/dynamic_block.py,42,from,pyomo.environ,Block;Reference;TransformationFactory;Var;Set;ComponentUID;Suffix,0
idaes/apps/caprese/dynamic_block.py,51,from,pyomo.core.base.initializer,Initializer,0
idaes/apps/caprese/dynamic_block.py,52,from,pyomo.core.base.block,BlockData;SubclassOf,0
idaes/apps/caprese/dynamic_block.py,53,from,pyomo.core.base.indexed_component,UnindexedComponent_set,0
idaes/apps/caprese/dynamic_block.py,54,from,pyomo.common.collections,ComponentMap,0
idaes/apps/caprese/dynamic_block.py,55,from,pyomo.common.config,ConfigDict;ConfigValue,0
idaes/apps/caprese/dynamic_block.py,56,from,pyomo.core.base.range,remainder,0
idaes/apps/caprese/dynamic_block.py,57,from,pyomo.dae.flatten,flatten_dae_components,0
idaes/apps/caprese/examples/cstr_model.py,17,from,pyomo.environ,ConcreteModel;SolverFactory;units;TransformationFactory,0
idaes/apps/caprese/examples/cstr_model.py,23,from,pyomo.network,Arc,0
idaes/apps/caprese/examples/cstr_model.py,25,from,idaes.core,FlowsheetBlock;MaterialBalanceType;EnergyBalanceType;MomentumBalanceType,0
idaes/apps/caprese/examples/cstr_model.py,31,from,idaes.core.util.tests.test_initialization,AqueousEnzymeParameterBlock;EnzymeReactionParameterBlock,0
idaes/apps/caprese/examples/cstr_model.py,35,from,idaes.core.util.model_statistics,degrees_of_freedom,0
idaes/apps/caprese/examples/cstr_model.py,36,from,idaes.models.unit_models,CSTR;Mixer;MomentumMixingType,0
idaes/apps/caprese/examples/cstr_model.py,37,from,idaes.core.solvers,get_solver,0
idaes/apps/caprese/examples/cstr_model.py,38,from,idaes.apps.caprese,nmpc,0
idaes/apps/caprese/examples/cstr_model.py,39,from,idaes.apps.caprese.nmpc,*,0
idaes/apps/caprese/examples/cstr_nmpc.py,17,import,random,,0
idaes/apps/caprese/examples/cstr_nmpc.py,18,from,idaes.apps.caprese.nmpc,NMPCSim,0
idaes/apps/caprese/examples/cstr_nmpc.py,19,from,idaes.apps.caprese.util,apply_noise_with_bounds,0
idaes/apps/caprese/examples/cstr_nmpc.py,20,from,pyomo.environ,SolverFactory,0
idaes/apps/caprese/examples/cstr_nmpc.py,21,from,pyomo.dae.initialization,solve_consistent_initial_conditions,0
idaes/apps/caprese/examples/cstr_nmpc.py,22,import,idaes.logger,,0
idaes/apps/caprese/examples/cstr_nmpc.py,23,from,idaes.apps.caprese.examples.cstr_model,make_model,0
idaes/apps/caprese/examples/cstr_nmpc.py,24,from,idaes.core.solvers,get_solver,0
idaes/apps/caprese/examples/cstr_nmpc.py,25,import,pandas,,0
idaes/apps/caprese/examples/cstr_nmpc.py,26,import,matplotlib.pyplot,,0
idaes/apps/caprese/examples/cstr_reduced.py,17,import,random,,0
idaes/apps/caprese/examples/cstr_reduced.py,18,from,idaes.apps.caprese.nmpc,NMPCSim,0
idaes/apps/caprese/examples/cstr_reduced.py,19,from,idaes.apps.caprese.dynamic_block,DynamicBlock,0
idaes/apps/caprese/examples/cstr_reduced.py,20,from,idaes.apps.caprese.controller,ControllerBlock,0
idaes/apps/caprese/examples/cstr_reduced.py,21,from,idaes.apps.caprese.util,apply_noise_with_bounds,0
idaes/apps/caprese/examples/cstr_reduced.py,22,from,idaes.apps.caprese.categorize,categorize_dae_variables_and_constraints;VariableCategory;ConstraintCategory,0
idaes/apps/caprese/examples/cstr_reduced.py,27,from,idaes.core.solvers,get_solver,0
idaes/apps/caprese/examples/cstr_reduced.py,32,import,pyomo.environ,,0
idaes/apps/caprese/examples/cstr_reduced.py,33,from,pyomo.dae.flatten,flatten_dae_components,0
idaes/apps/caprese/examples/cstr_reduced.py,34,from,pyomo.dae.initialization,solve_consistent_initial_conditions,0
idaes/apps/caprese/examples/cstr_reduced.py,35,from,pyomo.contrib.pynumero.interfaces.pyomo_nlp,PyomoNLP,0
idaes/apps/caprese/examples/cstr_reduced.py,36,from,pyomo.contrib.incidence_analysis.interface,IncidenceGraphInterface,0
idaes/apps/caprese/examples/cstr_reduced.py,37,from,pyomo.core.expr.calculus.derivatives,reverse_ad,0
idaes/apps/caprese/examples/cstr_reduced.py,39,import,idaes.logger,,0
idaes/apps/caprese/examples/cstr_reduced.py,40,from,idaes.apps.caprese.examples.cstr_model,make_model,0
idaes/apps/caprese/examples/cstr_reduced.py,42,import,numpy,,0
idaes/apps/caprese/examples/cstr_reduced.py,43,import,scipy.sparse,,0
idaes/apps/caprese/examples/cstr_reduced.py,44,import,pandas,,0
idaes/apps/caprese/examples/cstr_reduced.py,45,import,matplotlib.pyplot,,0
idaes/apps/caprese/examples/cstr_reduced.py,409,import,pdb,,0
idaes/apps/caprese/nmpc.py,18,import,random,,0
idaes/apps/caprese/nmpc.py,19,from,pyomo.environ,ComponentUID,0
idaes/apps/caprese/nmpc.py,22,from,pyomo.util.slices,slice_component_along_sets,0
idaes/apps/caprese/nmpc.py,23,from,pyomo.common.config,ConfigDict;ConfigValue,0
idaes/apps/caprese/nmpc.py,25,from,idaes.apps.caprese.dynamic_block,DynamicBlock,0
idaes/apps/caprese/nmpc.py,28,from,idaes.apps.caprese.controller,ControllerBlock,0
idaes/apps/caprese/nmpc_var.py,18,from,pyomo.core.base.var,IndexedVar,0
idaes/apps/caprese/nmpc_var.py,19,from,pyomo.core.base.indexed_component_slice,IndexedComponent_slice,0
idaes/apps/caprese/rolling.py,16,from,pyomo.core.base.componentuid,ComponentUID,0
idaes/apps/caprese/rolling.py,17,from,collections,OrderedDict,0
idaes/apps/caprese/rolling.py,18,import,bisect,,0
idaes/apps/caprese/util.py,18,from,pyomo.environ,check_optimal_termination;Constraint;Var;SolverFactory,0
idaes/apps/caprese/util.py,24,from,pyomo.common.collections,ComponentSet;ComponentMap,0
idaes/apps/caprese/util.py,25,from,pyomo.dae.flatten,flatten_dae_components,0
idaes/apps/caprese/util.py,26,from,pyomo.dae.set_utils,is_in_block_indexed_by,0
idaes/apps/caprese/util.py,27,from,pyomo.core.expr.visitor,identify_variables,0
idaes/apps/caprese/util.py,28,from,pyomo.core.base.constraint,ConstraintData,0
idaes/apps/caprese/util.py,29,from,pyomo.core.base.block,BlockData,0
idaes/apps/caprese/util.py,31,from,idaes.core.util.model_statistics,degrees_of_freedom,0
idaes/apps/caprese/util.py,32,from,idaes.core.util.dyn_utils,get_activity_dict;deactivate_model_at;get_implicit_index_of_set;get_fixed_dict;deactivate_constraints_unindexed_by,0
idaes/apps/caprese/util.py,39,from,idaes.core.solvers,get_solver,0
idaes/apps/caprese/util.py,40,from,idaes.apps.caprese.common.config,NoiseBoundOption,0
idaes/apps/caprese/util.py,41,import,idaes.logger,,0
idaes/apps/caprese/util.py,43,import,random,,0
idaes/apps/grid_integration/__init__.py,13,from,tracker,Tracker,1
idaes/apps/grid_integration/__init__.py,14,from,bidder,Bidder;SelfScheduler,1
idaes/apps/grid_integration/__init__.py,15,from,coordinator,DoubleLoopCoordinator,1
idaes/apps/grid_integration/__init__.py,16,from,forecaster,PlaceHolderForecaster,1
idaes/apps/grid_integration/__init__.py,17,from,multiperiod.multiperiod,MultiPeriodModel,1
idaes/apps/grid_integration/__init__.py,18,from,pricetaker.price_taker_model,PriceTakerModel,1
idaes/apps/grid_integration/__init__.py,19,from,pricetaker.design_and_operation_models,DesignModel;OperationModel;StorageModel,1
idaes/apps/grid_integration/bidder.py,13,import,os,,0
idaes/apps/grid_integration/bidder.py,14,from,abc,ABC;abstractmethod,0
idaes/apps/grid_integration/bidder.py,15,import,datetime,,0
idaes/apps/grid_integration/bidder.py,16,import,pandas,,0
idaes/apps/grid_integration/bidder.py,17,import,pyomo.environ,,0
idaes/apps/grid_integration/bidder.py,18,from,pyomo.opt.base.solvers,OptSolver,0
idaes/apps/grid_integration/bidder.py,19,from,pyomo.common.dependencies,attempt_import,0
idaes/apps/grid_integration/bidder.py,20,from,idaes.apps.grid_integration.utils,convert_marginal_costs_to_actual_costs,0
idaes/apps/grid_integration/bidder.py,21,import,idaes.logger,,0
idaes/apps/grid_integration/bidder.py,25,from,egret.model_library.transmission,tx_utils,0
idaes/apps/grid_integration/coordinator.py,13,from,itertools,zip_longest,0
idaes/apps/grid_integration/coordinator.py,14,from,types,ModuleType,0
idaes/apps/grid_integration/coordinator.py,16,from,pyomo.common.dependencies,attempt_import,0
idaes/apps/grid_integration/coordinator.py,17,from,pyomo.common.config,ConfigDict;ConfigValue,0
idaes/apps/grid_integration/coordinator.py,18,import,pyomo.environ,,0
idaes/apps/grid_integration/coordinator.py,19,from,idaes.apps.grid_integration.utils,convert_marginal_costs_to_actual_costs,0
idaes/apps/grid_integration/examples/thermal_generator.py,13,import,pyomo.environ,,0
idaes/apps/grid_integration/examples/thermal_generator.py,14,from,collections,deque,0
idaes/apps/grid_integration/examples/thermal_generator.py,15,import,pandas,,0
idaes/apps/grid_integration/examples/thermal_generator.py,16,from,idaes.apps.grid_integration,Tracker,0
idaes/apps/grid_integration/examples/thermal_generator.py,17,from,idaes.apps.grid_integration,Bidder,0
idaes/apps/grid_integration/examples/thermal_generator.py,18,from,idaes.apps.grid_integration,PlaceHolderForecaster,0
idaes/apps/grid_integration/examples/thermal_generator.py,19,from,idaes.apps.grid_integration.model_data,ThermalGeneratorModelData,0
idaes/apps/grid_integration/examples/thermal_generator.py,21,from,pyomo.common.dependencies,attempt_import,0
idaes/apps/grid_integration/examples/thermal_generator.py,702,from,idaes.apps.grid_integration.examples.utils,rts_gmlc_generator_dataframe;rts_gmlc_bus_dataframe;prescient_5bus;daily_da_price_means;daily_rt_price_means;daily_da_price_stds;daily_rt_price_stds,0
idaes/apps/grid_integration/examples/thermal_generator_prescient_plugin.py,13,import,pyomo.environ,,0
idaes/apps/grid_integration/examples/thermal_generator_prescient_plugin.py,14,import,os,,0
idaes/apps/grid_integration/examples/thermal_generator_prescient_plugin.py,15,from,idaes.apps.grid_integration,Tracker,0
idaes/apps/grid_integration/examples/thermal_generator_prescient_plugin.py,16,from,idaes.apps.grid_integration,Bidder,0
idaes/apps/grid_integration/examples/thermal_generator_prescient_plugin.py,17,from,idaes.apps.grid_integration,PlaceHolderForecaster,0
idaes/apps/grid_integration/examples/thermal_generator_prescient_plugin.py,18,from,idaes.apps.grid_integration,DoubleLoopCoordinator,0
idaes/apps/grid_integration/examples/thermal_generator_prescient_plugin.py,19,from,idaes.apps.grid_integration.examples.thermal_generator,ThermalGenerator,0
idaes/apps/grid_integration/examples/thermal_generator_prescient_plugin.py,20,from,idaes.apps.grid_integration.examples.utils,rts_gmlc_generator_dataframe;rts_gmlc_bus_dataframe;daily_da_price_means;daily_rt_price_means;daily_da_price_stds;daily_rt_price_stds,0
idaes/apps/grid_integration/examples/utils.py,14,from,importlib,resources,0
idaes/apps/grid_integration/examples/utils.py,15,from,pathlib,Path,0
idaes/apps/grid_integration/examples/utils.py,16,import,os,,0
idaes/apps/grid_integration/examples/utils.py,18,import,pandas,,0
idaes/apps/grid_integration/forecaster.py,13,from,abc,ABC;abstractmethod,0
idaes/apps/grid_integration/forecaster.py,14,from,numbers,Real,0
idaes/apps/grid_integration/forecaster.py,15,import,pandas,,0
idaes/apps/grid_integration/forecaster.py,16,import,numpy,,0
idaes/apps/grid_integration/forecaster.py,17,import,idaes.logger,,0
idaes/apps/grid_integration/model_data.py,14,from,numbers,Real,0
idaes/apps/grid_integration/model_data.py,15,from,math,isclose,0
idaes/apps/grid_integration/model_data.py,16,from,abc,ABC;abstractmethod,0
idaes/apps/grid_integration/multiperiod/multiperiod.py,13,import,pyomo.environ,,0
idaes/apps/grid_integration/multiperiod/multiperiod.py,14,from,idaes.core.solvers,get_solver,0
idaes/apps/grid_integration/multiperiod/multiperiod.py,15,from,idaes.core.util.exceptions,InitializationError,0
idaes/apps/grid_integration/multiperiod/multiperiod.py,16,import,matplotlib.pyplot,,0
idaes/apps/grid_integration/multiperiod/multiperiod.py,17,import,logging,,0
idaes/apps/grid_integration/pricetaker/clustering.py,18,from,typing,Union,0
idaes/apps/grid_integration/pricetaker/clustering.py,19,import,matplotlib.pyplot,,0
idaes/apps/grid_integration/pricetaker/clustering.py,20,import,numpy,,0
idaes/apps/grid_integration/pricetaker/clustering.py,21,import,pandas,,0
idaes/apps/grid_integration/pricetaker/clustering.py,22,from,scipy.interpolate,splrep;splev,0
idaes/apps/grid_integration/pricetaker/clustering.py,23,from,pyomo.common.dependencies,attempt_import,0
idaes/apps/grid_integration/pricetaker/clustering.py,24,import,idaes.logger,,0
idaes/apps/grid_integration/pricetaker/clustering.py,29,from,sklearn.cluster,KMeans,0
idaes/apps/grid_integration/pricetaker/clustering.py,30,from,sklearn.metrics,silhouette_score,0
idaes/apps/grid_integration/pricetaker/design_and_operation_models.py,14,from,pyomo.environ,Binary;Constraint;Expression;NonNegativeReals;Param;Var,0
idaes/apps/grid_integration/pricetaker/design_and_operation_models.py,15,from,pyomo.common.config,Bool;ConfigDict;ConfigValue;PositiveInt;NonNegativeFloat,0
idaes/apps/grid_integration/pricetaker/design_and_operation_models.py,22,from,idaes.core.base.process_base,declare_process_block_class,0
idaes/apps/grid_integration/pricetaker/design_and_operation_models.py,23,from,idaes.core.base.process_base,ProcessBlockData,0
idaes/apps/grid_integration/pricetaker/design_and_operation_models.py,24,from,idaes.core.util.config,ConfigurationError;is_in_range,0
idaes/apps/grid_integration/pricetaker/design_and_operation_models.py,25,import,idaes.logger,,0
idaes/apps/grid_integration/pricetaker/price_taker_model.py,14,import,re,,0
idaes/apps/grid_integration/pricetaker/price_taker_model.py,15,from,typing,Optional;Union;Callable;List,0
idaes/apps/grid_integration/pricetaker/price_taker_model.py,16,import,matplotlib.pyplot,,0
idaes/apps/grid_integration/pricetaker/price_taker_model.py,17,import,pandas,,0
idaes/apps/grid_integration/pricetaker/price_taker_model.py,18,from,pyomo.environ,ConcreteModel;Block;Var;Param;RangeSet;Objective;Constraint;NonNegativeReals;Expression;maximize;value,0
idaes/apps/grid_integration/pricetaker/price_taker_model.py,32,from,pyomo.common.config,ConfigDict;ConfigValue;NonNegativeInt;NonNegativeFloat;ListOf;PositiveInt,0
idaes/apps/grid_integration/pricetaker/price_taker_model.py,41,from,idaes.apps.grid_integration.pricetaker.design_and_operation_models,DesignModelData;OperationModelData;StorageModelData;is_valid_startup_types,0
idaes/apps/grid_integration/pricetaker/price_taker_model.py,47,from,idaes.apps.grid_integration.pricetaker.clustering,generate_daily_data;cluster_lmp_data;get_optimal_num_clusters,0
idaes/apps/grid_integration/pricetaker/price_taker_model.py,52,from,idaes.apps.grid_integration.pricetaker.unit_commitment,UnitCommitmentData;capacity_limits;ramping_limits;startup_shutdown_constraints,0
idaes/apps/grid_integration/pricetaker/price_taker_model.py,58,from,idaes.core.util.config,ConfigurationError;is_in_range,0
idaes/apps/grid_integration/pricetaker/price_taker_model.py,59,import,idaes.logger,,0
idaes/apps/grid_integration/pricetaker/unit_commitment.py,20,from,typing,Union;Optional,0
idaes/apps/grid_integration/pricetaker/unit_commitment.py,21,from,pyomo.common.config,ConfigDict;ConfigValue,0
idaes/apps/grid_integration/pricetaker/unit_commitment.py,22,from,pyomo.environ,Block;Constraint;Var;Param;RangeSet;Binary,0
idaes/apps/grid_integration/pricetaker/unit_commitment.py,23,from,idaes.core.util.config,ConfigurationError;is_in_range,0
idaes/apps/grid_integration/tracker.py,13,import,pandas,,0
idaes/apps/grid_integration/tracker.py,14,import,pyomo.environ,,0
idaes/apps/grid_integration/tracker.py,15,from,pyomo.opt.base.solvers,OptSolver,0
idaes/apps/grid_integration/tracker.py,16,import,os,,0
idaes/apps/matopt/__init__.py,13,import,sys,,0
idaes/apps/matopt/__init__.py,13,import,os,,0
idaes/apps/matopt/__init__.py,18,from,matopt.materials,*,0
idaes/apps/matopt/__init__.py,19,from,matopt.opt,*,0
idaes/apps/matopt/materials/__init__.py,13,from,matopt.materials.lattices,*,0
idaes/apps/matopt/materials/__init__.py,14,from,matopt.materials.parsers,*,0
idaes/apps/matopt/materials/__init__.py,16,from,atom,Atom,1
idaes/apps/matopt/materials/__init__.py,17,from,canvas,Canvas,1
idaes/apps/matopt/materials/__init__.py,18,from,design,Design;loadFromPDBs;loadFromCFGs,1
idaes/apps/matopt/materials/__init__.py,19,from,tiling,LinearTiling;CubicTiling;PlanarTiling,1
idaes/apps/matopt/materials/__init__.py,20,from,geometry,*,1
idaes/apps/matopt/materials/__init__.py,21,from,motifs,areMotifViaTransF;areMotifViaTransFs;getEnumConfs,1
idaes/apps/matopt/materials/atom.py,13,from,abc,ABC,0
idaes/apps/matopt/materials/atom.py,15,from,bblock,BBlock,1
idaes/apps/matopt/materials/bblock.py,13,from,abc,abstractmethod,0
idaes/apps/matopt/materials/canvas.py,13,import,numpy,,0
idaes/apps/matopt/materials/canvas.py,14,from,copy,deepcopy,0
idaes/apps/matopt/materials/canvas.py,16,from,util.util,myArrayEq;myPointsEq;ListHasPoint,2
idaes/apps/matopt/materials/canvas.py,17,from,parsers.PDB,readPointsAndAtomsFromPDB,1
idaes/apps/matopt/materials/canvas.py,18,from,parsers.XYZ,readPointsAndAtomsFromXYZ,1
idaes/apps/matopt/materials/canvas.py,19,from,parsers.CFG,readPointsAndAtomsFromCFG,1
idaes/apps/matopt/materials/canvas.py,20,from,geometry,RectPrism,1
idaes/apps/matopt/materials/design.py,13,import,os,,0
idaes/apps/matopt/materials/design.py,14,from,copy,deepcopy,0
idaes/apps/matopt/materials/design.py,16,from,atom,Atom,1
idaes/apps/matopt/materials/design.py,17,from,canvas,Canvas,1
idaes/apps/matopt/materials/design.py,18,from,parsers.PDB,readPointsAndAtomsFromPDB;writeDesignToPDB,1
idaes/apps/matopt/materials/design.py,19,from,parsers.XYZ,readPointsAndAtomsFromXYZ;writeDesignToXYZ,1
idaes/apps/matopt/materials/design.py,20,from,parsers.CFG,readPointsAndAtomsFromCFG;writeDesignToCFG,1
idaes/apps/matopt/materials/design.py,21,from,parsers.POSCAR,readPointsAndAtomsFromPOSCAR;writeDesignToPOSCAR,1
idaes/apps/matopt/materials/geometry.py,23,from,abc,abstractmethod;ABC,0
idaes/apps/matopt/materials/geometry.py,24,from,copy,deepcopy,0
idaes/apps/matopt/materials/geometry.py,25,from,math,cos;sin;sqrt,0
idaes/apps/matopt/materials/geometry.py,27,import,numpy,,0
idaes/apps/matopt/materials/geometry.py,29,from,transform_func,ShiftFunc;ScaleFunc;RotateFunc;ReflectFunc,1
idaes/apps/matopt/materials/geometry.py,30,from,util.util,areEqual,2
idaes/apps/matopt/materials/lattices/__init__.py,13,from,fcc_lattice,FCCLattice,1
idaes/apps/matopt/materials/lattices/__init__.py,14,from,perovskite_lattice,PerovskiteLattice,1
idaes/apps/matopt/materials/lattices/__init__.py,15,from,cubic_lattice,CubicLattice,1
idaes/apps/matopt/materials/lattices/__init__.py,16,from,diamond_lattice,DiamondLattice,1
idaes/apps/matopt/materials/lattices/__init__.py,17,from,wurtzite_lattice,WurtziteLattice,1
idaes/apps/matopt/materials/lattices/cubic_lattice.py,13,import,numpy,,0
idaes/apps/matopt/materials/lattices/cubic_lattice.py,14,from,copy,deepcopy,0
idaes/apps/matopt/materials/lattices/cubic_lattice.py,16,from,geometry,Parallelepiped,2
idaes/apps/matopt/materials/lattices/cubic_lattice.py,17,from,transform_func,ScaleFunc,2
idaes/apps/matopt/materials/lattices/cubic_lattice.py,18,from,unit_cell_lattice,UnitCell;UnitCellLattice,1
idaes/apps/matopt/materials/lattices/cubic_lattice.py,19,from,tiling,CubicTiling,2
idaes/apps/matopt/materials/lattices/cubic_lattice.py,20,from,util.util,ListHasPoint,3
idaes/apps/matopt/materials/lattices/diamond_lattice.py,13,from,copy,deepcopy,0
idaes/apps/matopt/materials/lattices/diamond_lattice.py,14,from,math,sqrt,0
idaes/apps/matopt/materials/lattices/diamond_lattice.py,16,import,numpy,,0
idaes/apps/matopt/materials/lattices/diamond_lattice.py,18,from,unit_cell_lattice,UnitCell;UnitCellLattice,1
idaes/apps/matopt/materials/lattices/diamond_lattice.py,19,from,geometry,Cube,2
idaes/apps/matopt/materials/lattices/diamond_lattice.py,20,from,tiling,CubicTiling,2
idaes/apps/matopt/materials/lattices/diamond_lattice.py,21,from,transform_func,ScaleFunc;RotateFunc,2
idaes/apps/matopt/materials/lattices/diamond_lattice.py,22,from,util.util,ListHasPoint,3
idaes/apps/matopt/materials/lattices/fcc_lattice.py,13,from,copy,deepcopy,0
idaes/apps/matopt/materials/lattices/fcc_lattice.py,14,from,math,sqrt,0
idaes/apps/matopt/materials/lattices/fcc_lattice.py,16,import,numpy,,0
idaes/apps/matopt/materials/lattices/fcc_lattice.py,18,from,unit_cell_lattice,UnitCell;UnitCellLattice,1
idaes/apps/matopt/materials/lattices/fcc_lattice.py,19,from,geometry,Cube,2
idaes/apps/matopt/materials/lattices/fcc_lattice.py,20,from,tiling,CubicTiling,2
idaes/apps/matopt/materials/lattices/fcc_lattice.py,21,from,transform_func,ScaleFunc;RotateFunc,2
idaes/apps/matopt/materials/lattices/fcc_lattice.py,22,from,util.util,ListHasPoint,3
idaes/apps/matopt/materials/lattices/lattice.py,13,from,abc,abstractmethod,0
idaes/apps/matopt/materials/lattices/lattice.py,14,from,copy,deepcopy,0
idaes/apps/matopt/materials/lattices/lattice.py,15,import,numpy,,0
idaes/apps/matopt/materials/lattices/lattice.py,17,from,transform_func,TransformFunc;ShiftFunc;ScaleFunc;RotateFunc;ReflectFunc,2
idaes/apps/matopt/materials/lattices/perovskite_lattice.py,13,from,copy,deepcopy,0
idaes/apps/matopt/materials/lattices/perovskite_lattice.py,15,import,numpy,,0
idaes/apps/matopt/materials/lattices/perovskite_lattice.py,17,from,unit_cell_lattice,UnitCell;UnitCellLattice,1
idaes/apps/matopt/materials/lattices/perovskite_lattice.py,18,from,geometry,RectPrism,2
idaes/apps/matopt/materials/lattices/perovskite_lattice.py,19,from,tiling,CubicTiling,2
idaes/apps/matopt/materials/lattices/perovskite_lattice.py,20,from,transform_func,ScaleFunc;RotateFunc;ReflectFunc,2
idaes/apps/matopt/materials/lattices/unit_cell_lattice.py,13,from,abc,abstractmethod,0
idaes/apps/matopt/materials/lattices/unit_cell_lattice.py,14,from,copy,deepcopy,0
idaes/apps/matopt/materials/lattices/unit_cell_lattice.py,15,import,numpy,,0
idaes/apps/matopt/materials/lattices/unit_cell_lattice.py,17,from,util.util,myArrayEq,3
idaes/apps/matopt/materials/lattices/unit_cell_lattice.py,18,from,lattice,Lattice,1
idaes/apps/matopt/materials/lattices/unit_cell_lattice.py,19,from,transform_func,TransformFunc,2
idaes/apps/matopt/materials/lattices/wurtzite_lattice.py,13,from,copy,deepcopy,0
idaes/apps/matopt/materials/lattices/wurtzite_lattice.py,14,from,math,sqrt,0
idaes/apps/matopt/materials/lattices/wurtzite_lattice.py,16,import,numpy,,0
idaes/apps/matopt/materials/lattices/wurtzite_lattice.py,18,from,unit_cell_lattice,UnitCell;UnitCellLattice,1
idaes/apps/matopt/materials/lattices/wurtzite_lattice.py,19,from,geometry,Parallelepiped,2
idaes/apps/matopt/materials/lattices/wurtzite_lattice.py,20,from,tiling,CubicTiling,2
idaes/apps/matopt/materials/lattices/wurtzite_lattice.py,21,from,transform_func,ScaleFunc;RotateFunc,2
idaes/apps/matopt/materials/lattices/wurtzite_lattice.py,22,from,opt,DBL_TOL,3
idaes/apps/matopt/materials/lattices/wurtzite_lattice.py,23,from,util.util,ListHasPoint,3
idaes/apps/matopt/materials/motifs.py,13,from,copy,deepcopy,0
idaes/apps/matopt/materials/motifs.py,14,from,util.util,myPointEq,2
idaes/apps/matopt/materials/parsers/CFG.py,13,import,numpy,,0
idaes/apps/matopt/materials/parsers/CFG.py,15,from,geometry,RectPrism,2
idaes/apps/matopt/materials/parsers/CFG.py,16,from,atom,Atom,2
idaes/apps/matopt/materials/parsers/PDB.py,13,import,numpy,,0
idaes/apps/matopt/materials/parsers/PDB.py,15,from,atom,Atom,2
idaes/apps/matopt/materials/parsers/POSCAR.py,13,import,numpy,,0
idaes/apps/matopt/materials/parsers/POSCAR.py,15,from,geometry,Parallelepiped;RectPrism,2
idaes/apps/matopt/materials/parsers/POSCAR.py,16,from,atom,Atom,2
idaes/apps/matopt/materials/parsers/XYZ.py,13,import,numpy,,0
idaes/apps/matopt/materials/parsers/XYZ.py,15,from,atom,Atom,2
idaes/apps/matopt/materials/tiling.py,13,from,abc,abstractmethod;ABC,0
idaes/apps/matopt/materials/tiling.py,14,import,numpy,,0
idaes/apps/matopt/materials/tiling.py,16,from,geometry,Parallelepiped;Cylinder;CylindricalSector,1
idaes/apps/matopt/materials/tiling.py,17,from,design,Design,1
idaes/apps/matopt/materials/transform_func.py,13,from,abc,abstractmethod,0
idaes/apps/matopt/materials/transform_func.py,14,from,copy,deepcopy,0
idaes/apps/matopt/materials/transform_func.py,15,import,numpy,,0
idaes/apps/matopt/materials/transform_func.py,16,from,math,cos;sin,0
idaes/apps/matopt/materials/transform_func.py,18,from,util.util,areEqual,2
idaes/apps/matopt/opt/__init__.py,13,from,pyomo_modeling,*,1
idaes/apps/matopt/opt/__init__.py,14,from,mat_modeling,*,1
idaes/apps/matopt/opt/mat_modeling.py,13,from,abc,abstractmethod,0
idaes/apps/matopt/opt/mat_modeling.py,14,from,itertools,product,0
idaes/apps/matopt/opt/mat_modeling.py,16,from,pyomo.core.base.param,SimpleParam,0
idaes/apps/matopt/opt/mat_modeling.py,17,from,pyomo.opt.results,SolutionStatus,0
idaes/apps/matopt/opt/mat_modeling.py,19,from,pyomo_modeling,*,1
idaes/apps/matopt/opt/mat_modeling.py,20,from,materials.design,Design,2
idaes/apps/matopt/opt/pyomo_modeling.py,13,from,idaes.logger,getModelLogger,0
idaes/apps/matopt/opt/pyomo_modeling.py,17,from,pyomo.environ,*,0
idaes/apps/matopt/opt/pyomo_modeling.py,18,from,pyomo.core.base.var,VarData,0
idaes/apps/matopt/opt/pyomo_modeling.py,19,from,pyomo.core.expr.numeric_expr,MonomialTermExpression;SumExpression;NegationExpression,0
idaes/apps/matopt/opt/pyomo_modeling.py,24,from,util.util,isZero;areEqual,2
idaes/apps/nmpc/__init__.py,13,from,cost_expressions,get_tracking_cost_from_constant_setpoint,1
idaes/apps/nmpc/cost_expressions.py,16,from,pyomo.core.base.componentuid,ComponentUID,0
idaes/apps/nmpc/cost_expressions.py,17,from,pyomo.core.base.expression,Expression,0
idaes/apps/nmpc/dynamic_data/__init__.py,13,from,interval_data,assert_disjoint_intervals;load_inputs_into_model;interval_data_from_time_series,1
idaes/apps/uncertainty_propagation/examples/NRTL_model_scripts.py,19,from,idaes.core,FlowsheetBlock,0
idaes/apps/uncertainty_propagation/examples/NRTL_model_scripts.py,20,from,idaes.models.unit_models,Flash,0
idaes/apps/uncertainty_propagation/examples/NRTL_model_scripts.py,21,from,idaes.models.properties.activity_coeff_models.BTX_activity_coeff_VLE,BTXParameterBlock,0
idaes/apps/uncertainty_propagation/examples/NRTL_model_scripts.py,24,import,idaes.logger,,0
idaes/apps/uncertainty_propagation/examples/NRTL_model_scripts.py,25,from,pyomo.environ,*,0
idaes/apps/uncertainty_propagation/examples/rooney_biegler.py,19,import,pandas,,0
idaes/apps/uncertainty_propagation/examples/rooney_biegler.py,20,import,pyomo.environ,,0
idaes/apps/uncertainty_propagation/examples/simple_opt_problem.py,28,import,pyomo.environ,,0
idaes/apps/uncertainty_propagation/examples/simple_opt_problem.py,29,import,numpy,,0
idaes/apps/uncertainty_propagation/examples/simple_opt_problem.py,30,import,pytest,,0
idaes/apps/uncertainty_propagation/examples/simple_opt_problem.py,31,from,idaes.apps.uncertainty_propagation.uncertainties,propagate_uncertainty,0
idaes/apps/uncertainty_propagation/examples/uncertainty_propagation_NRTL.py,13,import,sys,,0
idaes/apps/uncertainty_propagation/examples/uncertainty_propagation_NRTL.py,14,import,os,,0
idaes/apps/uncertainty_propagation/examples/uncertainty_propagation_NRTL.py,17,from,idaes.apps.uncertainty_propagation.uncertainties,quantify_propagate_uncertainty,0
idaes/apps/uncertainty_propagation/examples/uncertainty_propagation_NRTL.py,20,import,pandas,,0
idaes/apps/uncertainty_propagation/examples/uncertainty_propagation_NRTL.py,21,from,idaes.apps.uncertainty_propagation.examples.NRTL_model_scripts,NRTL_model;NRTL_model_opt,0
idaes/apps/uncertainty_propagation/examples/uncertainty_propagation_rooney.py,13,import,sys,,0
idaes/apps/uncertainty_propagation/examples/uncertainty_propagation_rooney.py,14,import,os,,0
idaes/apps/uncertainty_propagation/examples/uncertainty_propagation_rooney.py,17,from,idaes.apps.uncertainty_propagation.uncertainties,quantify_propagate_uncertainty,0
idaes/apps/uncertainty_propagation/examples/uncertainty_propagation_rooney.py,20,import,pandas,,0
idaes/apps/uncertainty_propagation/examples/uncertainty_propagation_rooney.py,21,from,idaes.apps.uncertainty_propagation.examples.rooney_biegler,rooney_biegler_model;rooney_biegler_model_opt,0
idaes/apps/uncertainty_propagation/sens.py,22,from,pyomo.environ,Param;Var;Block;ComponentMap;Objective;Constraint;ConstraintList;Suffix;value;ComponentUID;check_optimal_termination,0
idaes/apps/uncertainty_propagation/sens.py,35,from,pyomo.common.sorting,sorted_robust,0
idaes/apps/uncertainty_propagation/sens.py,36,from,pyomo.core.expr,ExpressionReplacementVisitor,0
idaes/apps/uncertainty_propagation/sens.py,38,from,pyomo.common.modeling,unique_component_name,0
idaes/apps/uncertainty_propagation/sens.py,39,from,pyomo.opt,SolverFactory;SolverStatus,0
idaes/apps/uncertainty_propagation/sens.py,40,import,logging,,0
idaes/apps/uncertainty_propagation/sens.py,41,import,os,,0
idaes/apps/uncertainty_propagation/sens.py,42,import,shutil,,0
idaes/apps/uncertainty_propagation/sens.py,43,from,pyomo.common.dependencies,numpy;numpy_available,0
idaes/apps/uncertainty_propagation/sens.py,44,from,scipy,sparse,0
idaes/apps/uncertainty_propagation/uncertainties.py,14,import,idaes,,0
idaes/apps/uncertainty_propagation/uncertainties.py,15,import,os,,0
idaes/apps/uncertainty_propagation/uncertainties.py,16,import,pandas,,0
idaes/apps/uncertainty_propagation/uncertainties.py,17,import,numpy,,0
idaes/apps/uncertainty_propagation/uncertainties.py,18,from,scipy,sparse,0
idaes/apps/uncertainty_propagation/uncertainties.py,19,import,pyomo.contrib.parmest.parmest,,0
idaes/apps/uncertainty_propagation/uncertainties.py,20,from,pyomo.environ,*,0
idaes/apps/uncertainty_propagation/uncertainties.py,21,from,pyomo.opt,SolverFactory,0
idaes/apps/uncertainty_propagation/uncertainties.py,22,import,shutil,,0
idaes/apps/uncertainty_propagation/uncertainties.py,23,import,logging,,0
idaes/apps/uncertainty_propagation/uncertainties.py,24,from,collections,namedtuple,0
idaes/apps/uncertainty_propagation/uncertainties.py,25,from,idaes.apps.uncertainty_propagation.sens,SensitivityInterface;get_dsdp;get_dfds_dcds,0
idaes/beta.py,18,import,importlib,,0
idaes/beta.py,19,import,inspect,,0
idaes/beta.py,20,import,sys,,0
idaes/beta.py,22,import,idaes.logger,,0
idaes/commands/__init__.py,16,import,time,,0
idaes/commands/__init__.py,17,import,sys,,0
idaes/commands/__init__.py,18,import,importlib.util,,0
idaes/commands/__init__.py,24,import,pkgutil,,0
idaes/commands/__init__.py,25,import,click,,0
idaes/commands/__init__.py,26,from,idaes.commands.base,command_base,0
idaes/commands/base.py,22,import,logging,,0
idaes/commands/base.py,23,import,click,,0
idaes/commands/base.py,114,from,idaes.commands,_command_import_total_time,0
idaes/commands/config.py,23,import,click,,0
idaes/commands/config.py,25,from,idaes.commands,cb,0
idaes/commands/convergence.py,20,import,click,,0
idaes/commands/convergence.py,21,from,pyomo.common.dependencies,attempt_import,0
idaes/commands/convergence.py,22,from,idaes.commands,cb,0
idaes/commands/data_directory.py,23,import,os,,0
idaes/commands/data_directory.py,24,import,click,,0
idaes/commands/data_directory.py,25,import,idaes,,0
idaes/commands/data_directory.py,26,from,idaes.commands,cb,0
idaes/commands/env_info.py,20,import,click,,0
idaes/commands/env_info.py,22,from,idaes.commands,cb,0
idaes/commands/env_info.py,23,from,idaes.core.util.env_info,EnvironmentInfo,0
idaes/commands/examples.py,17,import,sys,,0
idaes/commands/examples.py,20,import,click,,0
idaes/commands/examples.py,23,from,idaes.commands,cb,0
idaes/commands/extensions.py,23,from,collections,defaultdict,0
idaes/commands/extensions.py,24,import,os,,0
idaes/commands/extensions.py,25,import,logging,,0
idaes/commands/extensions.py,26,from,platform,machine,0
idaes/commands/extensions.py,28,import,click,,0
idaes/commands/extensions.py,30,import,idaes,,0
idaes/commands/extensions.py,31,from,idaes.config,base_platforms;binary_distro_map;binary_arch_map,0
idaes/commands/extensions.py,32,from,idaes.config,canonical_arch;canonical_distro,0
idaes/commands/extensions.py,33,import,idaes.commands.util.download_bin,,0
idaes/commands/extensions.py,34,from,idaes.commands,cb,0
idaes/commands/run_flowsheet.py,17,from,idaes.core.util.structfs.runner_cli,main,0
idaes/commands/util/download_bin.py,20,import,os,,0
idaes/commands/util/download_bin.py,21,import,hashlib,,0
idaes/commands/util/download_bin.py,22,from,platform,machine,0
idaes/commands/util/download_bin.py,23,import,tarfile,,0
idaes/commands/util/download_bin.py,24,import,urllib,,0
idaes/commands/util/download_bin.py,26,from,pyomo.common.download,FileDownloader,0
idaes/commands/util/download_bin.py,28,import,idaes,,0
idaes/commands/util/download_bin.py,29,import,idaes.logger,,0
idaes/commands/util/download_bin.py,30,from,idaes.config,extra_binaries,0
idaes/config.py,17,import,logging.config,,0
idaes/config.py,18,import,json,,0
idaes/config.py,19,import,os,,0
idaes/config.py,21,import,pyomo.common.config,,0
idaes/config.py,22,from,pyomo.common.config,Bool,0
idaes/core/__init__.py,16,from,base.process_base,ProcessBlockData;useDefault;MaterialFlowBasis,1
idaes/core/__init__.py,17,from,base.process_block,ProcessBlock;declare_process_block_class,1
idaes/core/__init__.py,18,from,base.unit_model,UnitModelBlockData;UnitModelBlock,1
idaes/core/__init__.py,19,from,base.flowsheet_model,FlowsheetBlockData;FlowsheetBlock,1
idaes/core/__init__.py,20,from,base.property_base,StateBlockData;PhysicalParameterBlock;StateBlock,1
idaes/core/__init__.py,21,from,base.reaction_base,ReactionBlockDataBase;ReactionParameterBlock;ReactionBlockBase,1
idaes/core/__init__.py,26,from,base.control_volume_base,ControlVolumeBlockData;CONFIG_Template;MaterialBalanceType;EnergyBalanceType;MomentumBalanceType;FlowDirection,1
idaes/core/__init__.py,34,from,base.control_volume0d,ControlVolume0DBlock,1
idaes/core/__init__.py,35,from,base.control_volume1d,ControlVolume1DBlock;DistributedVars,1
idaes/core/__init__.py,36,from,base.extended_control_volume0d,ExtendedControlVolume0DBlock,1
idaes/core/__init__.py,37,from,base.extended_control_volume1d,ExtendedControlVolume1DBlock,1
idaes/core/__init__.py,38,from,base.phases,Phase;LiquidPhase;SolidPhase;VaporPhase;PhaseType;AqueousPhase,1
idaes/core/__init__.py,46,from,base.components,Component;Solvent;Solute;Ion;Cation;Anion;Apparent,1
idaes/core/__init__.py,47,from,base.costing_base,FlowsheetCostingBlock;FlowsheetCostingBlockData;UnitModelCostingBlock;register_idaes_currency_units,1
idaes/core/__init__.py,53,from,base.var_like_expression,VarLikeExpression,1
idaes/core/__init__.py,54,from,base.property_set,StandardPropertySet;ElectrolytePropertySet,1
idaes/core/base/components.py,22,from,pyomo.environ,Set;Param;Var;units,0
idaes/core/base/components.py,23,from,pyomo.common.config,ConfigBlock;ConfigValue;In;ListOf;Bool,0
idaes/core/base/components.py,25,from,idaes.core.base.process_base,declare_process_block_class;ProcessBlockData,0
idaes/core/base/components.py,26,from,idaes.core.base.phases,PhaseType,0
idaes/core/base/components.py,27,from,idaes.core.util.exceptions,ConfigurationError;PropertyPackageError,0
idaes/core/base/components.py,28,from,idaes.core.util.misc,set_param_from_config,0
idaes/core/base/components.py,29,import,idaes.logger,,0
idaes/core/base/control_volume0d.py,26,from,pyomo.environ,Constraint;Reals;units;Var;value,0
idaes/core/base/control_volume0d.py,27,from,pyomo.common.collections,ComponentMap,0
idaes/core/base/control_volume0d.py,28,from,pyomo.dae,DerivativeVar,0
idaes/core/base/control_volume0d.py,29,from,pyomo.common.deprecation,deprecation_warning,0
idaes/core/base/control_volume0d.py,32,from,idaes.core,declare_process_block_class;ControlVolumeBlockData;FlowDirection;MaterialFlowBasis;MaterialBalanceType,0
idaes/core/base/control_volume0d.py,39,from,idaes.core.util.exceptions,BalanceTypeNotSupportedError;BurntToast;ConfigurationError;PropertyNotSupportedError,0
idaes/core/base/control_volume0d.py,45,from,idaes.core.util.tables,create_stream_table_dataframe,0
idaes/core/base/control_volume0d.py,46,from,idaes.core.util,scaling,0
idaes/core/base/control_volume0d.py,47,import,idaes.logger,,0
idaes/core/base/control_volume0d.py,48,from,idaes.core.base.control_volume_base,ControlVolumeScalerBase,0
idaes/core/base/control_volume0d.py,50,from,idaes.core.scaling,DefaultScalingRecommendation,0
idaes/core/base/control_volume1d.py,24,import,copy,,0
idaes/core/base/control_volume1d.py,25,from,enum,Enum,0
idaes/core/base/control_volume1d.py,28,from,pyomo.environ,ComponentMap;Constraint;Expression;Param;Reals;TransformationFactory;units;Var;Reference;value,0
idaes/core/base/control_volume1d.py,40,from,pyomo.dae,ContinuousSet;DerivativeVar,0
idaes/core/base/control_volume1d.py,41,from,pyomo.common.config,ConfigValue;In,0
idaes/core/base/control_volume1d.py,42,from,pyomo.common.deprecation,deprecation_warning,0
idaes/core/base/control_volume1d.py,45,from,idaes.core,declare_process_block_class;ControlVolumeBlockData;FlowDirection;MaterialFlowBasis;MaterialBalanceType,0
idaes/core/base/control_volume1d.py,52,from,idaes.core.base.control_volume_base,ControlVolumeScalerBase,0
idaes/core/base/control_volume1d.py,53,from,idaes.core.scaling,DefaultScalingRecommendation,0
idaes/core/base/control_volume1d.py,54,from,idaes.core.util.exceptions,BalanceTypeNotSupportedError;BurntToast;ConfigurationError;PropertyNotSupportedError,0
idaes/core/base/control_volume1d.py,60,from,idaes.core.util.misc,add_object_reference,0
idaes/core/base/control_volume1d.py,61,from,idaes.core.util.config,is_transformation_method;is_transformation_scheme,0
idaes/core/base/control_volume1d.py,62,from,idaes.core.util,scaling,0
idaes/core/base/control_volume1d.py,64,import,idaes.logger,,0
idaes/core/base/control_volume_base.py,18,from,enum,Enum,0
idaes/core/base/control_volume_base.py,21,from,pyomo.environ,value,0
idaes/core/base/control_volume_base.py,22,from,pyomo.common.collections,ComponentMap,0
idaes/core/base/control_volume_base.py,23,from,pyomo.common.config,ConfigBlock;ConfigValue;In;Bool,0
idaes/core/base/control_volume_base.py,26,from,idaes.core,ProcessBlockData;MaterialFlowBasis;useDefault;declare_process_block_class,0
idaes/core/base/control_volume_base.py,32,from,idaes.core.util.config,is_physical_parameter_block;is_reaction_parameter_block;DefaultBool,0
idaes/core/base/control_volume_base.py,37,from,idaes.core.util.exceptions,BurntToast;ConfigurationError;PropertyNotSupportedError,0
idaes/core/base/control_volume_base.py,42,from,idaes.core.scaling,ConstraintScalingScheme;CustomScalerBase;get_scaling_factor,0
idaes/core/base/control_volume_base.py,47,import,idaes.logger,,0
idaes/core/base/costing_base.py,23,import,json,,0
idaes/core/base/costing_base.py,24,import,os,,0
idaes/core/base/costing_base.py,26,from,functools,partial,0
idaes/core/base/costing_base.py,28,import,pyomo.environ,,0
idaes/core/base/costing_base.py,29,from,pyomo.common.config,ConfigBlock;ConfigValue,0
idaes/core/base/costing_base.py,30,from,pyomo.common.fileutils,this_file_dir,0
idaes/core/base/costing_base.py,31,from,pyomo.util.calc_var_value,calculate_variable_from_constraint,0
idaes/core/base/costing_base.py,32,from,pyomo.contrib.fbbt.fbbt,compute_bounds_on_expr,0
idaes/core/base/costing_base.py,34,from,idaes.core,UnitModelBlockData,0
idaes/core/base/costing_base.py,35,from,idaes.core.base.process_base,declare_process_block_class;ProcessBlockData,0
idaes/core/base/costing_base.py,36,from,idaes.core.util.misc,add_object_reference;StrEnum,0
idaes/core/base/costing_base.py,37,from,idaes.core.util.exceptions,ConfigurationError,0
idaes/core/base/costing_base.py,39,import,idaes.logger,,0
idaes/core/base/extended_control_volume0d.py,19,from,pyomo.environ,Constraint;Expression,0
idaes/core/base/extended_control_volume0d.py,22,from,idaes.core.base.control_volume0d,ControlVolume0DBlockData,0
idaes/core/base/extended_control_volume0d.py,23,from,idaes.core,declare_process_block_class,0
idaes/core/base/extended_control_volume0d.py,24,from,idaes.core.util.exceptions,ConfigurationError,0
idaes/core/base/extended_control_volume0d.py,26,import,idaes.logger,,0
idaes/core/base/extended_control_volume1d.py,20,from,pyomo.environ,Constraint;Expression,0
idaes/core/base/extended_control_volume1d.py,23,from,idaes.core.base.control_volume1d,ControlVolume1DBlockData,0
idaes/core/base/extended_control_volume1d.py,24,from,idaes.core,declare_process_block_class,0
idaes/core/base/extended_control_volume1d.py,25,from,idaes.core.util.exceptions,ConfigurationError,0
idaes/core/base/extended_control_volume1d.py,27,import,idaes.logger,,0
idaes/core/base/flowsheet_model.py,20,from,warnings,warn,0
idaes/core/base/flowsheet_model.py,22,import,pyomo.environ,,0
idaes/core/base/flowsheet_model.py,23,from,pyomo.dae,ContinuousSet,0
idaes/core/base/flowsheet_model.py,24,from,pyomo.network,Arc,0
idaes/core/base/flowsheet_model.py,25,from,pyomo.common.config,ConfigValue;ListOf,0
idaes/core/base/flowsheet_model.py,26,from,pyomo.core.base.units_container,_PyomoUnit,0
idaes/core/base/flowsheet_model.py,28,from,idaes.core,ProcessBlockData;declare_process_block_class;UnitModelBlockData;useDefault,0
idaes/core/base/flowsheet_model.py,34,from,idaes.core.util.config,is_physical_parameter_block;is_time_domain;DefaultBool,0
idaes/core/base/flowsheet_model.py,39,from,idaes.core.util.misc,add_object_reference,0
idaes/core/base/flowsheet_model.py,40,from,idaes.core.util.exceptions,DynamicError;ConfigurationError,0
idaes/core/base/flowsheet_model.py,41,from,idaes.core.util.tables,create_stream_table_dataframe,0
idaes/core/base/flowsheet_model.py,43,import,idaes.logger,,0
idaes/core/base/flowsheet_model.py,70,import,idaes_ui,,0
idaes/core/base/flowsheet_model.py,78,import,idaes_ui,,0
idaes/core/base/phases.py,24,from,enum,Enum,0
idaes/core/base/phases.py,26,from,pyomo.environ,Set,0
idaes/core/base/phases.py,27,from,pyomo.common.config,ConfigBlock;ConfigDict;ConfigValue,0
idaes/core/base/phases.py,29,from,idaes.core.base.process_base,declare_process_block_class;ProcessBlockData,0
idaes/core/base/process_base.py,23,import,sys,,0
idaes/core/base/process_base.py,24,import,logging,,0
idaes/core/base/process_base.py,25,import,textwrap,,0
idaes/core/base/process_base.py,26,from,enum,Enum,0
idaes/core/base/process_base.py,28,from,pandas,DataFrame,0
idaes/core/base/process_base.py,30,from,pyomo.core.base.block,BlockData,0
idaes/core/base/process_base.py,31,from,pyomo.common.formatting,tabular_writer,0
idaes/core/base/process_base.py,32,from,pyomo.environ,Block,0
idaes/core/base/process_base.py,33,from,pyomo.gdp,Disjunct,0
idaes/core/base/process_base.py,34,from,pyomo.common.config,ConfigBlock,0
idaes/core/base/process_base.py,36,from,idaes.core.base.process_block,declare_process_block_class,0
idaes/core/base/process_base.py,37,from,idaes.core.initialization,BlockTriangularizationInitializer,0
idaes/core/base/process_base.py,38,from,idaes.core.util.exceptions,ConfigurationError;DynamicError;PropertyPackageError,0
idaes/core/base/process_base.py,43,from,idaes.core.util.tables,stream_table_dataframe_to_string,0
idaes/core/base/process_base.py,44,from,idaes.core.util.model_statistics,degrees_of_freedom;number_variables;number_activated_constraints;number_activated_blocks,0
idaes/core/base/process_base.py,50,from,idaes.core.util.units_of_measurement,report_quantity,0
idaes/core/base/process_block.py,23,import,sys,,0
idaes/core/base/process_block.py,24,import,logging,,0
idaes/core/base/process_block.py,25,import,inspect,,0
idaes/core/base/process_block.py,27,from,pyomo.common.config,ConfigBlock;String_ConfigFormatter,0
idaes/core/base/process_block.py,28,from,pyomo.environ,Block,0
idaes/core/base/process_block.py,29,from,pyomo.common.pyomo_typing,get_overloads_for,0
idaes/core/base/property_base.py,20,import,sys,,0
idaes/core/base/property_base.py,23,from,pyomo.environ,Set;value;Var;Expression;Constraint;Reference,0
idaes/core/base/property_base.py,24,from,pyomo.core.base.var,VarData,0
idaes/core/base/property_base.py,25,from,pyomo.core.base.expression,ExpressionData,0
idaes/core/base/property_base.py,26,from,pyomo.common.config,ConfigBlock;ConfigValue;Bool,0
idaes/core/base/property_base.py,27,from,pyomo.common.formatting,tabular_writer,0
idaes/core/base/property_base.py,28,from,pyomo.network,Port,0
idaes/core/base/property_base.py,31,from,idaes.core.base.process_block,ProcessBlock,0
idaes/core/base/property_base.py,32,from,idaes.core,ProcessBlockData;MaterialFlowBasis,0
idaes/core/base/property_base.py,33,from,idaes.core.base,property_meta,0
idaes/core/base/property_base.py,34,from,idaes.core.base.phases,PhaseData,0
idaes/core/base/property_base.py,35,from,idaes.core.base.components,ComponentData,0
idaes/core/base/property_base.py,36,from,idaes.core.util.config,is_physical_parameter_block,0
idaes/core/base/property_base.py,37,from,idaes.core.util.exceptions,ConfigurationError;PropertyPackageError,0
idaes/core/base/property_base.py,41,from,idaes.core.util.misc,add_object_reference,0
idaes/core/base/property_base.py,42,from,idaes.core.util.model_statistics,degrees_of_freedom;number_variables;number_activated_constraints;number_activated_blocks,0
idaes/core/base/property_base.py,48,from,idaes.core.util,scaling,0
idaes/core/base/property_base.py,49,import,idaes.logger,,0
idaes/core/base/property_base.py,50,from,idaes.core.base.util,build_on_demand,0
idaes/core/base/property_base.py,51,from,idaes.core.initialization,BlockTriangularizationInitializer,0
idaes/core/base/property_base.py,154,from,idaes.core.scaling.scaling_base,ScalerBase,0
idaes/core/base/property_meta.py,53,from,pyomo.environ,units,0
idaes/core/base/property_meta.py,54,from,pyomo.core.base.units_container,_PyomoUnit;InconsistentUnitsError,0
idaes/core/base/property_meta.py,55,from,pyomo.common.deprecation,deprecation_warning,0
idaes/core/base/property_meta.py,57,from,idaes.core.util.exceptions,PropertyPackageError,0
idaes/core/base/property_meta.py,58,from,idaes.core.base.property_set,StandardPropertySet;PropertySetBase,0
idaes/core/base/property_meta.py,59,import,idaes.logger,,0
idaes/core/base/property_set.py,21,from,copy,copy,0
idaes/core/base/property_set.py,23,from,pyomo.environ,units,0
idaes/core/base/property_set.py,24,from,pyomo.core.base.units_container,_PyomoUnit,0
idaes/core/base/property_set.py,26,from,idaes.core.util.exceptions,PropertyPackageError,0
idaes/core/base/property_set.py,27,import,idaes.logger,,0
idaes/core/base/reaction_base.py,21,from,pyomo.common.config,ConfigBlock;ConfigValue;Bool,0
idaes/core/base/reaction_base.py,22,from,pyomo.environ,Var;Constraint;Expression,0
idaes/core/base/reaction_base.py,25,from,idaes.core.base.process_block,ProcessBlock,0
idaes/core/base/reaction_base.py,26,from,idaes.core,ProcessBlockData;MaterialFlowBasis,0
idaes/core/base/reaction_base.py,27,from,idaes.core.base,property_meta,0
idaes/core/base/reaction_base.py,28,from,idaes.core.util.exceptions,PropertyPackageError,0
idaes/core/base/reaction_base.py,31,from,idaes.core.util.config,is_physical_parameter_block;is_reaction_parameter_block;is_state_block,0
idaes/core/base/reaction_base.py,36,from,idaes.core.util.misc,add_object_reference,0
idaes/core/base/reaction_base.py,37,from,idaes.core.base.util,build_on_demand,0
idaes/core/base/reaction_base.py,38,from,idaes.core.initialization,BlockTriangularizationInitializer,0
idaes/core/base/reaction_base.py,42,from,idaes.core.util,scaling,0
idaes/core/base/reaction_base.py,43,import,idaes.logger,,0
idaes/core/base/reaction_base.py,145,from,idaes.core.scaling.scaling_base,ScalerBase,0
idaes/core/base/unit_model.py,17,from,pyomo.environ,check_optimal_termination,0
idaes/core/base/unit_model.py,18,from,pyomo.common.config,ConfigValue,0
idaes/core/base/unit_model.py,19,from,pyomo.network,Port,0
idaes/core/base/unit_model.py,21,from,idaes.core.base.process_base,declare_process_block_class;ProcessBlockData;useDefault,0
idaes/core/base/unit_model.py,26,from,idaes.core.base.property_base,StateBlock,0
idaes/core/base/unit_model.py,27,from,idaes.core.base.control_volume_base,ControlVolumeBlockData;FlowDirection;MaterialBalanceType,0
idaes/core/base/unit_model.py,32,from,idaes.core.util.exceptions,BurntToast;ConfigurationError;BalanceTypeNotSupportedError;InitializationError,0
idaes/core/base/unit_model.py,38,from,idaes.core.util.tables,create_stream_table_dataframe,0
idaes/core/base/unit_model.py,39,import,idaes.logger,,0
idaes/core/base/unit_model.py,40,from,idaes.core.solvers,get_solver,0
idaes/core/base/unit_model.py,41,from,idaes.core.util.config,DefaultBool,0
idaes/core/base/unit_model.py,42,from,idaes.core.initialization,SingleControlVolumeUnitInitializer,0
idaes/core/base/util.py,19,from,idaes.core.util.exceptions,PropertyPackageError;PropertyNotSupportedError;BurntToast,0
idaes/core/base/var_like_expression.py,22,import,pyomo.environ,,0
idaes/core/base/var_like_expression.py,23,from,pyomo.core.base.expression,ExpressionData,0
idaes/core/base/var_like_expression.py,24,from,pyomo.core.base.component,ModelComponentFactory,0
idaes/core/base/var_like_expression.py,25,from,pyomo.core.base.indexed_component,UnindexedComponent_set,0
idaes/core/base/var_like_expression.py,28,from,pyomo.core.base.disable_methods,disable_methods,0
idaes/core/datasets.py,27,from,pyomo.common.deprecation,deprecation_warning,0
idaes/core/dmf/__init__.py,22,from,pyomo.common.deprecation,deprecation_warning,0
idaes/core/initialization/__init__.py,16,from,block_triangularization,BlockTriangularizationInitializer,1
idaes/core/initialization/__init__.py,17,from,general_hierarchical,SingleControlVolumeUnitInitializer,1
idaes/core/initialization/__init__.py,18,from,initialize_from_data,FromDataInitializer,1
idaes/core/initialization/__init__.py,19,from,initializer_base,ModularInitializerBase;InitializerBase;InitializationStatus,1
idaes/core/initialization/block_triangularization.py,17,from,pyomo.environ,check_optimal_termination,0
idaes/core/initialization/block_triangularization.py,18,from,pyomo.common.config,Bool;ConfigDict;ConfigValue,0
idaes/core/initialization/block_triangularization.py,19,from,pyomo.contrib.incidence_analysis,IncidenceGraphInterface;solve_strongly_connected_components,0
idaes/core/initialization/block_triangularization.py,24,from,idaes.core.initialization.initializer_base,InitializerBase;InitializationStatus,0
idaes/core/initialization/block_triangularization.py,28,from,idaes.core.solvers,get_solver,0
idaes/core/initialization/block_triangularization.py,29,from,idaes.core.util.exceptions,InitializationError,0
idaes/core/initialization/block_triangularization.py,30,from,idaes.core.util.model_statistics,number_activated_constraints,0
idaes/core/initialization/general_hierarchical.py,18,from,pyomo.environ,Block,0
idaes/core/initialization/general_hierarchical.py,19,from,pyomo.common.config,ConfigValue;Bool,0
idaes/core/initialization/general_hierarchical.py,21,from,idaes.core.initialization.initializer_base,ModularInitializerBase,0
idaes/core/initialization/general_hierarchical.py,22,from,idaes.core.util,to_json;from_json;StoreSpec,0
idaes/core/initialization/general_hierarchical.py,23,import,idaes.logger,,0
idaes/core/initialization/general_hierarchical.py,24,from,idaes.core.util.model_statistics,variables_in_activated_constraints_set,0
idaes/core/initialization/initialize_from_data.py,17,from,idaes.core.initialization.initializer_base,InitializerBase,0
idaes/core/initialization/initializer_base.py,17,from,enum,Enum,0
idaes/core/initialization/initializer_base.py,19,from,pyomo.environ,BooleanVar;Block;check_optimal_termination;Constraint;Var,0
idaes/core/initialization/initializer_base.py,26,from,pyomo.core.base.var,VarData,0
idaes/core/initialization/initializer_base.py,27,from,pyomo.common.config,ConfigDict;ConfigValue;String_ConfigFormatter,0
idaes/core/initialization/initializer_base.py,29,from,idaes.core.util.model_serializer,to_json;from_json;StoreSpec;_only_fixed,0
idaes/core/initialization/initializer_base.py,30,from,idaes.core.util.exceptions,InitializationError,0
idaes/core/initialization/initializer_base.py,31,from,idaes.core.util.model_statistics,degrees_of_freedom;large_residuals_set;variables_in_activated_constraints_set,0
idaes/core/initialization/initializer_base.py,36,import,idaes.logger,,0
idaes/core/initialization/initializer_base.py,37,from,idaes.core.solvers,get_solver,0
idaes/core/plugins/__init__.py,16,import,idaes.core.plugins.variable_replace,,0
idaes/core/plugins/__init__.py,17,import,idaes.core.plugins.simple_equality_eliminator,,0
idaes/core/plugins/simple_equality_eliminator.py,18,import,pyomo.environ,,0
idaes/core/plugins/simple_equality_eliminator.py,19,from,pyomo.core.base.transformation,TransformationFactory,0
idaes/core/plugins/simple_equality_eliminator.py,20,from,pyomo.core.plugins.transform.hierarchy,NonIsomorphicTransformation,0
idaes/core/plugins/simple_equality_eliminator.py,21,from,pyomo.core,expr,0
idaes/core/plugins/simple_equality_eliminator.py,22,from,pyomo.contrib.fbbt.fbbt,compute_bounds_on_expr,0
idaes/core/plugins/simple_equality_eliminator.py,23,from,pyomo.repn,generate_standard_repn,0
idaes/core/plugins/simple_equality_eliminator.py,24,import,idaes.logger,,0
idaes/core/plugins/variable_replace.py,18,from,pyomo.core.base.transformation,TransformationFactory,0
idaes/core/plugins/variable_replace.py,19,from,pyomo.core.plugins.transform.hierarchy,NonIsomorphicTransformation,0
idaes/core/plugins/variable_replace.py,20,from,pyomo.core,expr,0
idaes/core/plugins/variable_replace.py,21,from,pyomo.common.config,ConfigBlock;ConfigValue;document_kwargs_from_configdict,0
idaes/core/plugins/variable_replace.py,26,from,pyomo.core.base.var,VarData;Var,0
idaes/core/plugins/variable_replace.py,27,from,pyomo.core.base.constraint,Constraint,0
idaes/core/plugins/variable_replace.py,28,from,pyomo.core.base.expression,Expression,0
idaes/core/plugins/variable_replace.py,29,from,pyomo.core.base.objective,Objective,0
idaes/core/scaling/__init__.py,13,from,arc_constraint_scaler,ArcConstraintScaler,1
idaes/core/scaling/__init__.py,14,from,autoscaling,AutoScaler,1
idaes/core/scaling/__init__.py,15,from,custom_scaler_base,CustomScalerBase;ConstraintScalingScheme;DefaultScalingRecommendation,1
idaes/core/scaling/__init__.py,20,from,scaler_profiling,ScalingProfiler,1
idaes/core/scaling/__init__.py,21,from,util,scaling_factors_from_json_file;scaling_factors_to_json_file;scaling_factors_from_dict;scaling_factors_to_dict;get_scaling_factor;del_scaling_factor;set_scaling_factor;report_scaling_factors,1
idaes/core/scaling/arc_constraint_scaler.py,19,from,pyomo.environ,Constraint,0
idaes/core/scaling/arc_constraint_scaler.py,20,from,pyomo.network,Arc,0
idaes/core/scaling/arc_constraint_scaler.py,22,import,idaes.logger,,0
idaes/core/scaling/arc_constraint_scaler.py,23,from,idaes.core.scaling.custom_scaler_base,ConstraintScalingScheme;CustomScalerBase,0
idaes/core/scaling/autoscaling.py,19,import,scipy,,0
idaes/core/scaling/autoscaling.py,21,from,pyomo.environ,Block;Constraint;value;Var,0
idaes/core/scaling/autoscaling.py,27,from,pyomo.core.base.block,BlockData,0
idaes/core/scaling/autoscaling.py,28,from,pyomo.core.base.constraint,ConstraintData,0
idaes/core/scaling/autoscaling.py,29,from,pyomo.core.base.var,VarData,0
idaes/core/scaling/autoscaling.py,31,from,idaes.core.scaling.scaling_base,ScalerBase,0
idaes/core/scaling/autoscaling.py,32,from,idaes.core.scaling.util,get_scaling_factor,0
idaes/core/scaling/autoscaling.py,33,from,idaes.core.util.scaling,get_jacobian,0
idaes/core/scaling/custom_scaler_base.py,19,from,__future__,annotations,0
idaes/core/scaling/custom_scaler_base.py,20,from,copy,copy,0
idaes/core/scaling/custom_scaler_base.py,22,from,pyomo.environ,ComponentMap;units;value,0
idaes/core/scaling/custom_scaler_base.py,23,from,pyomo.core.base.units_container,UnitsError,0
idaes/core/scaling/custom_scaler_base.py,25,from,pyomo.core.base.block,Block;BlockData,0
idaes/core/scaling/custom_scaler_base.py,26,from,pyomo.core.base.constraint,ConstraintData,0
idaes/core/scaling/custom_scaler_base.py,27,from,pyomo.core.base.var,VarData;ScalarVar,0
idaes/core/scaling/custom_scaler_base.py,28,from,pyomo.core.base.expression,ExpressionData;ScalarExpression,0
idaes/core/scaling/custom_scaler_base.py,30,from,pyomo.common.collections,ComponentSet,0
idaes/core/scaling/custom_scaler_base.py,32,from,pyomo.core.expr,identify_components;identify_variables;replace_expressions,0
idaes/core/scaling/custom_scaler_base.py,33,from,pyomo.core.expr.calculus.derivatives,Modes;differentiate,0
idaes/core/scaling/custom_scaler_base.py,34,from,pyomo.common.deprecation,deprecation_warning,0
idaes/core/scaling/custom_scaler_base.py,35,from,pyomo.util.calc_var_value,calculate_variable_from_constraint,0
idaes/core/scaling/custom_scaler_base.py,37,from,idaes.core.scaling.scaling_base,CONFIG;ScalerBase,0
idaes/core/scaling/custom_scaler_base.py,38,from,idaes.core.scaling.nominal_value_tools,NominalValueExtractionVisitor,0
idaes/core/scaling/custom_scaler_base.py,39,import,idaes.logger,,0
idaes/core/scaling/custom_scaler_base.py,40,from,idaes.core.util.exceptions,BurntToast,0
idaes/core/scaling/custom_scaler_base.py,41,from,idaes.core.util.misc,StrEnum,0
idaes/core/scaling/custom_scaler_base.py,984,from,idaes.core.base.property_base,StateBlock;StateBlockData,0
idaes/core/scaling/custom_scaler_base.py,985,from,idaes.core.base.reaction_base,ReactionBlockBase;ReactionBlockDataBase,0
idaes/core/scaling/nominal_value_tools.py,19,import,math,,0
idaes/core/scaling/nominal_value_tools.py,21,from,pyomo.environ,Binary;Boolean;NegativeIntegers;NegativeReals;NonNegativeIntegers;NonNegativeReals;NonPositiveIntegers;NonPositiveReals;PositiveIntegers;PositiveReals;value,0
idaes/core/scaling/nominal_value_tools.py,34,from,pyomo.core.base.var,VarData,0
idaes/core/scaling/nominal_value_tools.py,35,from,pyomo.core.base.expression,ExpressionData,0
idaes/core/scaling/nominal_value_tools.py,36,from,pyomo.core.base.param,ParamData,0
idaes/core/scaling/nominal_value_tools.py,37,from,pyomo.core,expr,0
idaes/core/scaling/nominal_value_tools.py,38,from,pyomo.core.base.units_container,_PyomoUnit,0
idaes/core/scaling/nominal_value_tools.py,40,from,pyomo.common.numeric_types,native_types,0
idaes/core/scaling/nominal_value_tools.py,42,from,idaes.core.scaling.util,get_scaling_factor,0
idaes/core/scaling/nominal_value_tools.py,43,from,idaes.core.util.exceptions,BurntToast,0
idaes/core/scaling/nominal_value_tools.py,44,import,idaes.logger,,0
idaes/core/scaling/scaler_profiling.py,17,import,sys,,0
idaes/core/scaling/scaler_profiling.py,19,from,pyomo.environ,check_optimal_termination;Constraint,0
idaes/core/scaling/scaler_profiling.py,20,from,pyomo.common.tempfiles,TempfileManager,0
idaes/core/scaling/scaler_profiling.py,22,from,idaes.core.util.scaling,jacobian_cond,0
idaes/core/scaling/scaler_profiling.py,23,from,idaes.core.scaling.autoscaling,AutoScaler,0
idaes/core/scaling/scaler_profiling.py,24,from,idaes.core.scaling.custom_scaler_base,CustomScalerBase;ConstraintScalingScheme,0
idaes/core/scaling/scaler_profiling.py,28,from,idaes.core.solvers,get_solver,0
idaes/core/scaling/scaling_base.py,19,from,pyomo.common.config,Bool;ConfigDict;ConfigValue;String_ConfigFormatter,0
idaes/core/scaling/scaling_base.py,25,from,pyomo.core.base.constraint,ConstraintData,0
idaes/core/scaling/scaling_base.py,26,from,pyomo.core.base.var,VarData,0
idaes/core/scaling/scaling_base.py,27,from,pyomo.core.base.expression,ExpressionData,0
idaes/core/scaling/scaling_base.py,29,from,idaes.core.scaling.util,get_scaling_factor;set_scaling_factor,0
idaes/core/scaling/scaling_base.py,30,import,idaes.logger,,0
idaes/core/scaling/util.py,19,from,copy,deepcopy,0
idaes/core/scaling/util.py,20,import,math,,0
idaes/core/scaling/util.py,21,import,sys,,0
idaes/core/scaling/util.py,23,import,json,,0
idaes/core/scaling/util.py,25,import,numpy,,0
idaes/core/scaling/util.py,27,from,scipy.linalg,norm;pinv,0
idaes/core/scaling/util.py,28,from,scipy.sparse,diags,0
idaes/core/scaling/util.py,29,from,scipy.sparse.linalg,inv;norm,0
idaes/core/scaling/util.py,31,from,pyomo.environ,Block;Boolean;Constraint;Expression;Objective;Reference;Suffix;value;Var,0
idaes/core/scaling/util.py,42,from,pyomo.core.base.block,BlockData,0
idaes/core/scaling/util.py,43,from,pyomo.core.base.var,VarData,0
idaes/core/scaling/util.py,44,from,pyomo.core.base.constraint,ConstraintData,0
idaes/core/scaling/util.py,45,from,pyomo.core.base.expression,ExpressionData,0
idaes/core/scaling/util.py,46,from,pyomo.core.base.suffix,SuffixFinder,0
idaes/core/scaling/util.py,47,from,pyomo.common.deprecation,relocated_module_attribute,0
idaes/core/scaling/util.py,49,from,pyomo.common.collections,ComponentSet,0
idaes/core/scaling/util.py,50,from,pyomo.common.modeling,unique_component_name,0
idaes/core/scaling/util.py,51,from,pyomo.dae,DerivativeVar,0
idaes/core/scaling/util.py,52,from,pyomo.dae.flatten,slice_component_along_sets,0
idaes/core/scaling/util.py,53,from,pyomo.contrib.pynumero.interfaces.pyomo_nlp,PyomoNLP,0
idaes/core/scaling/util.py,54,from,pyomo.contrib.pynumero.asl,AmplInterface,0
idaes/core/scaling/util.py,56,from,idaes.core.util.exceptions,BurntToast,0
idaes/core/scaling/util.py,57,import,idaes.logger,,0
idaes/core/solvers/__init__.py,16,from,config,SolverWrapper;use_idaes_solver_configuration_defaults,1
idaes/core/solvers/__init__.py,17,from,features,ipopt_has_linear_solver,1
idaes/core/solvers/__init__.py,18,from,get_solver,get_solver,1
idaes/core/solvers/config.py,17,from,copy,deepcopy,0
idaes/core/solvers/config.py,19,from,pyomo.environ,SolverFactory,0
idaes/core/solvers/config.py,21,import,idaes,,0
idaes/core/solvers/features.py,16,from,functools,lru_cache,0
idaes/core/solvers/features.py,17,import,pyomo.environ,,0
idaes/core/solvers/features.py,18,import,pyomo.dae,,0
idaes/core/solvers/features.py,19,from,pyomo.common.errors,ApplicationError,0
idaes/core/solvers/get_solver.py,18,import,idaes.logger,,0
idaes/core/solvers/get_solver.py,19,import,idaes.core.solvers,,0
idaes/core/solvers/homotopy.py,19,import,logging,,0
idaes/core/solvers/homotopy.py,21,from,pyomo.environ,Block;SolverFactory;TerminationCondition,0
idaes/core/solvers/homotopy.py,22,from,pyomo.core.base.var,VarData,0
idaes/core/solvers/homotopy.py,23,from,pyomo.contrib.parmest.utils.ipopt_solver_wrapper,ipopt_solve_with_stats,0
idaes/core/solvers/homotopy.py,25,from,idaes.core.util.model_serializer,to_json;from_json,0
idaes/core/solvers/homotopy.py,26,from,idaes.core.util.model_statistics,degrees_of_freedom,0
idaes/core/solvers/homotopy.py,27,from,idaes.core.util.exceptions,ConfigurationError,0
idaes/core/solvers/homotopy.py,28,import,idaes.logger,,0
idaes/core/solvers/ipopt_l1.py,17,import,logging,,0
idaes/core/solvers/ipopt_l1.py,19,from,pyomo.solvers.plugins.solvers.IPOPT,IPOPT,0
idaes/core/solvers/ipopt_l1.py,20,from,pyomo.common,Executable,0
idaes/core/solvers/ipopt_l1.py,21,from,pyomo.opt.base.solvers,SolverFactory,0
idaes/core/solvers/petsc.py,18,import,os,,0
idaes/core/solvers/petsc.py,19,import,sys,,0
idaes/core/solvers/petsc.py,20,import,shutil,,0
idaes/core/solvers/petsc.py,21,import,enum,,0
idaes/core/solvers/petsc.py,22,import,copy,,0
idaes/core/solvers/petsc.py,23,import,json,,0
idaes/core/solvers/petsc.py,24,import,gzip,,0
idaes/core/solvers/petsc.py,25,import,numpy,,0
idaes/core/solvers/petsc.py,27,import,pyomo.environ,,0
idaes/core/solvers/petsc.py,28,from,pyomo.common.collections,ComponentSet;ComponentMap,0
idaes/core/solvers/petsc.py,29,from,pyomo.core.expr.visitor,identify_variables,0
idaes/core/solvers/petsc.py,30,import,pyomo.dae,,0
idaes/core/solvers/petsc.py,31,from,pyomo.common,Executable,0
idaes/core/solvers/petsc.py,32,from,pyomo.dae.flatten,flatten_dae_components;slice_component_along_sets,0
idaes/core/solvers/petsc.py,33,from,pyomo.util.subsystems,TemporarySubsystemManager;create_subsystem_block,0
idaes/core/solvers/petsc.py,37,from,pyomo.solvers.plugins.solvers.ASL,ASL,0
idaes/core/solvers/petsc.py,38,from,pyomo.common.tempfiles,TempfileManager,0
idaes/core/solvers/petsc.py,39,from,pyomo.util.calc_var_value,calculate_variable_from_constraint,0
idaes/core/solvers/petsc.py,40,from,pyomo.common.deprecation,deprecation_warning,0
idaes/core/solvers/petsc.py,42,import,idaes,,0
idaes/core/solvers/petsc.py,43,import,idaes.logger,,0
idaes/core/solvers/petsc.py,44,import,idaes.config,,0
idaes/core/solvers/petsc.py,58,import,PetscBinaryIOTrajectory,,0
idaes/core/solvers/petsc.py,59,import,PetscBinaryIO,,0
idaes/core/solvers/petsc.py,79,import,PetscBinaryIOTrajectory,,0
idaes/core/solvers/petsc.py,80,import,PetscBinaryIO,,0
idaes/core/solvers/petsc.py,84,import,petsc_conf,,0
idaes/core/surrogate/__init__.py,16,from,alamopy,AlamoTrainer;AlamoSurrogate;Modelers;Screener,1
idaes/core/surrogate/alamopy.py,17,from,enum,Enum,0
idaes/core/surrogate/alamopy.py,18,import,subprocess,,0
idaes/core/surrogate/alamopy.py,19,from,io,StringIO,0
idaes/core/surrogate/alamopy.py,20,import,sys,,0
idaes/core/surrogate/alamopy.py,21,import,os,,0
idaes/core/surrogate/alamopy.py,22,import,json,,0
idaes/core/surrogate/alamopy.py,24,import,numpy,,0
idaes/core/surrogate/alamopy.py,25,import,pandas,,0
idaes/core/surrogate/alamopy.py,27,from,pyomo.environ,Constraint;Expression;value;sin;cos;log;exp;Set;Reals,0
idaes/core/surrogate/alamopy.py,28,from,pyomo.common.config,ConfigValue;In;Path;ListOf;Bool,0
idaes/core/surrogate/alamopy.py,29,from,pyomo.common.tee,TeeStream,0
idaes/core/surrogate/alamopy.py,30,from,pyomo.common.fileutils,Executable,0
idaes/core/surrogate/alamopy.py,31,from,pyomo.common.tempfiles,TempfileManager,0
idaes/core/surrogate/alamopy.py,33,from,idaes.core.surrogate.base.surrogate_base,SurrogateTrainer;SurrogateBase,0
idaes/core/surrogate/alamopy.py,34,from,idaes.core.util.exceptions,ConfigurationError,0
idaes/core/surrogate/alamopy.py,35,import,idaes.logger,,0
idaes/core/surrogate/base/surrogate_base.py,17,from,pyomo.common.config,ConfigBlock,0
idaes/core/surrogate/keras_surrogate.py,21,import,json,,0
idaes/core/surrogate/keras_surrogate.py,22,import,os.path,,0
idaes/core/surrogate/keras_surrogate.py,24,import,pandas,,0
idaes/core/surrogate/keras_surrogate.py,26,from,pyomo.common.dependencies,attempt_import,0
idaes/core/surrogate/keras_surrogate.py,28,from,idaes.core.surrogate.sampling.scaling,OffsetScaler,0
idaes/core/surrogate/keras_surrogate.py,30,from,idaes.core.surrogate.omlt_base_surrogate_class,OMLTSurrogate,0
idaes/core/surrogate/keras_surrogate.py,37,from,omlt.neuralnet.nn_formulation,FullSpaceSmoothNNFormulation;ReducedSpaceSmoothNNFormulation;ReluBigMFormulation;ReluComplementarityFormulation,0
idaes/core/surrogate/keras_surrogate.py,45,from,omlt.io,load_keras_sequential,0
idaes/core/surrogate/omlt_base_surrogate_class.py,21,from,enum,Enum,0
idaes/core/surrogate/omlt_base_surrogate_class.py,22,import,numpy,,0
idaes/core/surrogate/omlt_base_surrogate_class.py,24,from,pyomo.common.dependencies,attempt_import,0
idaes/core/surrogate/omlt_base_surrogate_class.py,26,from,idaes.core.surrogate.base.surrogate_base,SurrogateBase,0
idaes/core/surrogate/omlt_base_surrogate_class.py,27,from,idaes.core.surrogate.sampling.scaling,OffsetScaler,0
idaes/core/surrogate/omlt_base_surrogate_class.py,34,from,omlt,OmltBlock;OffsetScaling,0
idaes/core/surrogate/onnx_surrogate.py,21,from,enum,Enum,0
idaes/core/surrogate/onnx_surrogate.py,22,import,json,,0
idaes/core/surrogate/onnx_surrogate.py,23,import,os.path,,0
idaes/core/surrogate/onnx_surrogate.py,25,from,pyomo.common.dependencies,attempt_import,0
idaes/core/surrogate/onnx_surrogate.py,27,from,idaes.core.surrogate.sampling.scaling,OffsetScaler,0
idaes/core/surrogate/onnx_surrogate.py,29,from,idaes.core.surrogate.omlt_base_surrogate_class,OMLTSurrogate,0
idaes/core/surrogate/onnx_surrogate.py,36,from,omlt.neuralnet,FullSpaceSmoothNNFormulation;ReducedSpaceSmoothNNFormulation;ReluBigMFormulation;ReluComplementarityFormulation,0
idaes/core/surrogate/onnx_surrogate.py,44,from,omlt.io,load_onnx_neural_network;write_onnx_model_with_bounds,0
idaes/core/surrogate/plotting/sm_plotter.py,23,from,itertools,combinations,0
idaes/core/surrogate/plotting/sm_plotter.py,25,import,numpy,,0
idaes/core/surrogate/plotting/sm_plotter.py,26,import,matplotlib.pyplot,,0
idaes/core/surrogate/plotting/sm_plotter.py,29,from,matplotlib.backends.backend_pdf,PdfPages,0
idaes/core/surrogate/pysmo/kriging.py,20,import,os.path,,0
idaes/core/surrogate/pysmo/kriging.py,21,import,pickle,,0
idaes/core/surrogate/pysmo/kriging.py,24,from,matplotlib,pyplot,0
idaes/core/surrogate/pysmo/kriging.py,25,import,numpy,,0
idaes/core/surrogate/pysmo/kriging.py,26,import,pandas,,0
idaes/core/surrogate/pysmo/kriging.py,27,from,scipy.optimize,basinhopping,0
idaes/core/surrogate/pysmo/kriging.py,28,import,scipy.optimize,,0
idaes/core/surrogate/pysmo/kriging.py,30,from,pyomo.core,Param;exp,0
idaes/core/surrogate/pysmo/kriging.py,33,from,idaes.core.surrogate.pysmo.sampling,FeatureScaling,0
idaes/core/surrogate/pysmo/polynomial_regression.py,17,import,os.path,,0
idaes/core/surrogate/pysmo/polynomial_regression.py,18,import,pickle,,0
idaes/core/surrogate/pysmo/polynomial_regression.py,21,from,matplotlib,pyplot,0
idaes/core/surrogate/pysmo/polynomial_regression.py,22,import,numpy,,0
idaes/core/surrogate/pysmo/polynomial_regression.py,23,import,pandas,,0
idaes/core/surrogate/pysmo/polynomial_regression.py,24,import,scipy.optimize,,0
idaes/core/surrogate/pysmo/polynomial_regression.py,25,from,scipy,stats,0
idaes/core/surrogate/pysmo/polynomial_regression.py,27,from,pyomo.environ,ConcreteModel;Param;Set;Var;Reals;Objective;minimize;Expression;SolverFactory;ComponentMap;value,0
idaes/core/surrogate/pysmo/polynomial_regression.py,40,from,pyomo.core.expr.visitor,replace_expressions,0
idaes/core/surrogate/pysmo/polynomial_regression.py,43,from,idaes.core.surrogate.pysmo.utils,NumpyEvaluator,0
idaes/core/surrogate/pysmo/polynomial_regression.py,44,import,idaes.logger,,0
idaes/core/surrogate/pysmo/radial_basis_function.py,20,import,os.path,,0
idaes/core/surrogate/pysmo/radial_basis_function.py,21,import,pickle,,0
idaes/core/surrogate/pysmo/radial_basis_function.py,24,from,matplotlib,pyplot,0
idaes/core/surrogate/pysmo/radial_basis_function.py,25,import,numpy,,0
idaes/core/surrogate/pysmo/radial_basis_function.py,26,import,pandas,,0
idaes/core/surrogate/pysmo/radial_basis_function.py,27,import,scipy.optimize,,0
idaes/core/surrogate/pysmo/radial_basis_function.py,29,from,pyomo.environ,ConcreteModel;Param;Set;Var;Reals;Objective;minimize;SolverFactory;Constraint;exp;log,0
idaes/core/surrogate/pysmo/radial_basis_function.py,44,from,idaes.core.surrogate.pysmo.sampling,FeatureScaling,0
idaes/core/surrogate/pysmo/radial_basis_function.py,45,import,idaes.logger,,0
idaes/core/surrogate/pysmo/sampling.py,18,import,itertools,,0
idaes/core/surrogate/pysmo/sampling.py,20,import,numpy,,0
idaes/core/surrogate/pysmo/sampling.py,21,import,pandas,,0
idaes/core/surrogate/pysmo/sampling.py,22,import,idaes.logger,,0
idaes/core/surrogate/pysmo/utils.py,32,from,pyomo.core,expr;native_types,0
idaes/core/surrogate/pysmo/utils.py,33,from,pyomo.core.expr.numvalue,value,0
idaes/core/surrogate/pysmo/utils.py,37,import,numpy,,0
idaes/core/surrogate/pysmo_surrogate.py,22,import,io,,0
idaes/core/surrogate/pysmo_surrogate.py,23,import,json,,0
idaes/core/surrogate/pysmo_surrogate.py,24,from,json,JSONEncoder;JSONDecodeError,0
idaes/core/surrogate/pysmo_surrogate.py,25,import,logging,,0
idaes/core/surrogate/pysmo_surrogate.py,26,from,typing,Dict;Union,0
idaes/core/surrogate/pysmo_surrogate.py,29,import,numpy,,0
idaes/core/surrogate/pysmo_surrogate.py,30,import,pandas,,0
idaes/core/surrogate/pysmo_surrogate.py,33,import,pyomo.core,,0
idaes/core/surrogate/pysmo_surrogate.py,34,from,pyomo.environ,Constraint;sin;cos;log;exp;Set;Param,0
idaes/core/surrogate/pysmo_surrogate.py,35,from,pyomo.common.config,ConfigValue;In;Bool;PositiveInt;PositiveFloat,0
idaes/core/surrogate/pysmo_surrogate.py,36,from,idaes.core.surrogate.base.surrogate_base,SurrogateTrainer;SurrogateBase,0
idaes/core/surrogate/pysmo_surrogate.py,37,from,idaes.core.surrogate.pysmo,polynomial_regression;radial_basis_function;kriging,0
idaes/core/surrogate/pysmo_surrogate.py,42,import,idaes.logger,,0
idaes/core/surrogate/pysmo_surrogate.py,43,from,idaes.core.util,to_json,0
idaes/core/surrogate/sampling/__init__.py,16,from,data_utils,split_training_validation;split_training_validation_testing;split_dataframe,1
idaes/core/surrogate/sampling/data_utils.py,16,import,math,,0
idaes/core/surrogate/sampling/data_utils.py,17,import,numpy,,0
idaes/core/surrogate/sampling/scaling.py,17,import,pandas,,0
idaes/core/surrogate/surrogate_block.py,17,import,collections,,0
idaes/core/surrogate/surrogate_block.py,19,from,pyomo.core.base.block,declare_custom_block;BlockData,0
idaes/core/surrogate/surrogate_block.py,20,from,pyomo.environ,Var;Set,0
idaes/core/surrogate/surrogate_block.py,22,import,idaes.logger,,0
idaes/core/util/__init__.py,16,from,model_serializer,to_json;from_json;StoreSpec,1
idaes/core/util/__init__.py,17,from,tags,svg_tag;ModelTag;ModelTagGroup,1
idaes/core/util/__init__.py,18,from,diagnostics_tools.diagnostics_toolbox,DiagnosticsToolbox,1
idaes/core/util/config.py,22,from,pyomo.common.config,Bool,0
idaes/core/util/config.py,24,from,pyomo.environ,Set,0
idaes/core/util/config.py,25,from,pyomo.dae,ContinuousSet,0
idaes/core/util/config.py,26,from,pyomo.network,Port,0
idaes/core/util/config.py,27,from,idaes.core,useDefault,0
idaes/core/util/config.py,28,from,idaes.core.util.exceptions,ConfigurationError,0
idaes/core/util/config.py,30,import,idaes.logger,,0
idaes/core/util/config.py,47,from,idaes.core.base.property_base,PhysicalParameterBlock,0
idaes/core/util/config.py,71,from,idaes.core.base.reaction_base,ReactionParameterBlock,0
idaes/core/util/config.py,92,from,idaes.core.base.property_base,StateBlock,0
idaes/core/util/constants.py,23,import,math,,0
idaes/core/util/constants.py,25,from,pyomo.environ,units,0
idaes/core/util/convergence/convergence_base.py,66,from,collections,OrderedDict,0
idaes/core/util/convergence/convergence_base.py,67,import,importlib,,0
idaes/core/util/convergence/convergence_base.py,68,import,json,,0
idaes/core/util/convergence/convergence_base.py,69,import,logging,,0
idaes/core/util/convergence/convergence_base.py,70,import,sys,,0
idaes/core/util/convergence/convergence_base.py,71,from,io,StringIO,0
idaes/core/util/convergence/convergence_base.py,72,from,math,isclose,0
idaes/core/util/convergence/convergence_base.py,74,import,numpy,,0
idaes/core/util/convergence/convergence_base.py,77,from,pyomo.common.tempfiles,TempfileManager,0
idaes/core/util/convergence/convergence_base.py,78,from,pyomo.common.tee,capture_output,0
idaes/core/util/convergence/convergence_base.py,79,from,pyomo.core,Param;Var,0
idaes/core/util/convergence/convergence_base.py,80,from,pyomo.common.log,LoggingIntercept,0
idaes/core/util/convergence/convergence_base.py,81,from,pyomo.environ,check_optimal_termination,0
idaes/core/util/convergence/convergence_base.py,82,from,pyomo.common.deprecation,deprecated,0
idaes/core/util/convergence/convergence_base.py,85,import,idaes.core.util.convergence.mpi_utils,,0
idaes/core/util/convergence/convergence_base.py,86,import,idaes.logger,,0
idaes/core/util/convergence/convergence_base.py,87,from,idaes.core.solvers,get_solver,0
idaes/core/util/convergence/convergence_base.py,886,import,idaes.core.dmf,,0
idaes/core/util/convergence/mpi_utils.py,28,from,collections,OrderedDict,0
idaes/core/util/convergence/mpi_utils.py,29,import,importlib,,0
idaes/core/util/diagnostics_tools/__init__.py,18,from,bounds,get_valid_range_of_component;list_components_with_values_outside_valid_range;set_bounds_from_valid_range,1
idaes/core/util/diagnostics_tools/__init__.py,23,from,constraint_term_analysis,ConstraintTermAnalysisVisitor,1
idaes/core/util/diagnostics_tools/__init__.py,26,from,degeneracy_hunter,DegeneracyHunter;DHCONFIG,1
idaes/core/util/diagnostics_tools/__init__.py,30,from,ill_conditioning,compute_ill_conditioning_certificate,1
idaes/core/util/diagnostics_tools/__init__.py,33,from,ipopt_halt_on_error,ipopt_solve_halt_on_error,1
idaes/core/util/diagnostics_tools/__init__.py,36,from,svd_toolbox,SVDToolbox;SVDCONFIG;svd_dense;svd_sparse,1
idaes/core/util/diagnostics_tools/__init__.py,44,from,diagnostics_toolbox,DiagnosticsToolbox,1
idaes/core/util/diagnostics_tools/__init__.py,47,from,convergence_analysis,CACONFIG;IpoptConvergenceAnalysis,1
idaes/core/util/diagnostics_tools/bounds.py,19,from,pyomo.environ,Param;value;Var,0
idaes/core/util/diagnostics_tools/bounds.py,24,from,pyomo.core.base.block,BlockData,0
idaes/core/util/diagnostics_tools/bounds.py,26,import,idaes.logger,,0
idaes/core/util/diagnostics_tools/constraint_term_analysis.py,21,from,math,log10,0
idaes/core/util/diagnostics_tools/constraint_term_analysis.py,22,from,itertools,combinations;chain,0
idaes/core/util/diagnostics_tools/constraint_term_analysis.py,24,from,pyomo.environ,ComponentMap;value,0
idaes/core/util/diagnostics_tools/constraint_term_analysis.py,28,from,pyomo.core.base.var,VarData,0
idaes/core/util/diagnostics_tools/constraint_term_analysis.py,29,from,pyomo.core,expr,0
idaes/core/util/diagnostics_tools/constraint_term_analysis.py,30,from,pyomo.common.numeric_types,native_types,0
idaes/core/util/diagnostics_tools/constraint_term_analysis.py,31,from,pyomo.core.base.units_container,_PyomoUnit,0
idaes/core/util/diagnostics_tools/constraint_term_analysis.py,33,import,idaes.logger,,0
idaes/core/util/diagnostics_tools/convergence_analysis.py,20,import,json,,0
idaes/core/util/diagnostics_tools/convergence_analysis.py,21,import,sys,,0
idaes/core/util/diagnostics_tools/convergence_analysis.py,23,from,math,isclose,0
idaes/core/util/diagnostics_tools/convergence_analysis.py,25,from,pyomo.environ,check_optimal_termination;SolverFactory,0
idaes/core/util/diagnostics_tools/convergence_analysis.py,29,from,pyomo.core.base.block,BlockData,0
idaes/core/util/diagnostics_tools/convergence_analysis.py,30,from,pyomo.common.config,ConfigDict;ConfigValue,0
idaes/core/util/diagnostics_tools/convergence_analysis.py,34,from,pyomo.common.tempfiles,TempfileManager,0
idaes/core/util/diagnostics_tools/convergence_analysis.py,36,from,idaes.core.util.model_statistics,greybox_block_set,0
idaes/core/util/diagnostics_tools/convergence_analysis.py,39,from,idaes.core.util.parameter_sweep,SequentialSweepRunner;ParameterSweepBase;is_psweepspec,0
idaes/core/util/diagnostics_tools/convergence_analysis.py,44,from,idaes.core.util.diagnostics_tools.diagnostics_toolbox,DiagnosticsToolbox,0
idaes/core/util/diagnostics_tools/degeneracy_hunter.py,21,import,sys,,0
idaes/core/util/diagnostics_tools/degeneracy_hunter.py,23,import,numpy,,0
idaes/core/util/diagnostics_tools/degeneracy_hunter.py,24,from,scipy.sparse,issparse;find,0
idaes/core/util/diagnostics_tools/degeneracy_hunter.py,26,from,pyomo.environ,Binary;check_optimal_termination;ConcreteModel;Constraint;Objective;Set;SolverFactory;Var,0
idaes/core/util/diagnostics_tools/degeneracy_hunter.py,36,from,pyomo.core.base.block,BlockData,0
idaes/core/util/diagnostics_tools/degeneracy_hunter.py,37,from,pyomo.common.config,ConfigDict;ConfigValue;document_kwargs_from_configdict;NonNegativeFloat,0
idaes/core/util/diagnostics_tools/degeneracy_hunter.py,44,from,idaes.core.util.model_statistics,greybox_block_set,0
idaes/core/util/diagnostics_tools/degeneracy_hunter.py,47,from,idaes.core.scaling.util,get_jacobian,0
idaes/core/util/diagnostics_tools/degeneracy_hunter.py,50,import,idaes.logger,,0
idaes/core/util/diagnostics_tools/degeneracy_hunter.py,52,from,idaes.core.util.diagnostics_tools.writer_utils,MAX_STR_LENGTH;TAB,0
idaes/core/util/diagnostics_tools/deprecated/degeneracy_hunter_legacy.py,23,from,operator,itemgetter,0
idaes/core/util/diagnostics_tools/deprecated/degeneracy_hunter_legacy.py,25,import,numpy,,0
idaes/core/util/diagnostics_tools/deprecated/degeneracy_hunter_legacy.py,26,from,scipy.linalg,svd,0
idaes/core/util/diagnostics_tools/deprecated/degeneracy_hunter_legacy.py,27,from,scipy.sparse.linalg,svds;norm,0
idaes/core/util/diagnostics_tools/deprecated/degeneracy_hunter_legacy.py,28,from,scipy.sparse,issparse;find,0
idaes/core/util/diagnostics_tools/deprecated/degeneracy_hunter_legacy.py,30,from,pyomo.environ,Binary;Block;check_optimal_termination;ConcreteModel;Constraint;Objective;Set;SolverFactory;Var,0
idaes/core/util/diagnostics_tools/deprecated/degeneracy_hunter_legacy.py,41,from,pyomo.core.expr.visitor,identify_variables,0
idaes/core/util/diagnostics_tools/deprecated/degeneracy_hunter_legacy.py,42,from,pyomo.contrib.pynumero.interfaces.pyomo_nlp,PyomoNLP,0
idaes/core/util/diagnostics_tools/deprecated/degeneracy_hunter_legacy.py,43,from,pyomo.contrib.pynumero.asl,AmplInterface,0
idaes/core/util/diagnostics_tools/deprecated/degeneracy_hunter_legacy.py,44,from,pyomo.common.deprecation,deprecation_warning,0
idaes/core/util/diagnostics_tools/deprecated/degeneracy_hunter_legacy.py,46,from,idaes.core.util.model_statistics,large_residuals_set;variables_near_bounds_set,0
idaes/core/util/diagnostics_tools/deprecated/degeneracy_hunter_legacy.py,50,from,idaes.core.scaling.util,get_jacobian,0
idaes/core/util/diagnostics_tools/deprecated/degeneracy_hunter_legacy.py,53,import,idaes.logger,,0
idaes/core/util/diagnostics_tools/diagnostics_toolbox.py,19,import,sys,,0
idaes/core/util/diagnostics_tools/diagnostics_toolbox.py,20,from,math,log,0
idaes/core/util/diagnostics_tools/diagnostics_toolbox.py,21,from,typing,List,0
idaes/core/util/diagnostics_tools/diagnostics_toolbox.py,22,import,logging,,0
idaes/core/util/diagnostics_tools/diagnostics_toolbox.py,25,from,pyomo.environ,Constraint;Objective;value,0
idaes/core/util/diagnostics_tools/diagnostics_toolbox.py,30,from,pyomo.core.base.block,BlockData,0
idaes/core/util/diagnostics_tools/diagnostics_toolbox.py,31,from,pyomo.core.base.constraint,ConstraintData,0
idaes/core/util/diagnostics_tools/diagnostics_toolbox.py,32,from,pyomo.core.base.expression,ExpressionData,0
idaes/core/util/diagnostics_tools/diagnostics_toolbox.py,33,from,pyomo.common.config,ConfigDict;ConfigValue;document_kwargs_from_configdict;NonNegativeFloat;NonNegativeInt,0
idaes/core/util/diagnostics_tools/diagnostics_toolbox.py,40,from,pyomo.util.check_units,identify_inconsistent_units,0
idaes/core/util/diagnostics_tools/diagnostics_toolbox.py,41,from,pyomo.contrib.incidence_analysis,IncidenceGraphInterface,0
idaes/core/util/diagnostics_tools/diagnostics_toolbox.py,42,from,pyomo.contrib.iis,mis,0
idaes/core/util/diagnostics_tools/diagnostics_toolbox.py,44,from,idaes.core.solvers.get_solver,get_solver,0
idaes/core/util/diagnostics_tools/diagnostics_toolbox.py,45,from,idaes.core.util.misc,compact_expression_to_string,0
idaes/core/util/diagnostics_tools/diagnostics_toolbox.py,46,from,idaes.core.util.model_statistics,variables_in_activated_constraints_set;variables_not_in_activated_constraints_set;variables_with_none_value_in_activated_equalities_set;greybox_block_set;degrees_of_freedom;large_residuals_set;variables_near_bounds_set,0
idaes/core/util/diagnostics_tools/diagnostics_toolbox.py,55,from,idaes.core.scaling.util,get_jacobian;get_scaling_factor;jacobian_cond,0
idaes/core/util/diagnostics_tools/diagnostics_toolbox.py,60,import,idaes.logger,,0
idaes/core/util/diagnostics_tools/diagnostics_toolbox.py,62,from,idaes.core.util.diagnostics_tools.evaluation_error,EvalErrorWalker,0
idaes/core/util/diagnostics_tools/diagnostics_toolbox.py,65,from,idaes.core.util.diagnostics_tools.writer_utils,collect_model_statistics;write_report_section;MAX_STR_LENGTH;TAB,0
idaes/core/util/diagnostics_tools/diagnostics_toolbox.py,71,from,idaes.core.util.diagnostics_tools,ConstraintTermAnalysisVisitor;DegeneracyHunter;DHCONFIG;SVDToolbox;SVDCONFIG,0
idaes/core/util/diagnostics_tools/diagnostics_toolbox.py,78,from,idaes.core.util.diagnostics_tools.utils,check_parallel_jacobian;extreme_jacobian_columns;extreme_jacobian_rows;extreme_jacobian_entries;var_in_block;vars_fixed_to_zero;vars_near_zero;vars_violating_bounds;vars_with_none_value;vars_with_extreme_values,0
idaes/core/util/diagnostics_tools/evaluation_error.py,20,from,math,inf;isfinite,0
idaes/core/util/diagnostics_tools/evaluation_error.py,21,from,typing,List,0
idaes/core/util/diagnostics_tools/evaluation_error.py,23,from,pyomo.environ,Binary;Integers,0
idaes/core/util/diagnostics_tools/evaluation_error.py,27,from,pyomo.core.expr.numeric_expr,DivisionExpression;NPV_DivisionExpression;PowExpression;NPV_PowExpression;UnaryFunctionExpression;NPV_UnaryFunctionExpression;NumericExpression,0
idaes/core/util/diagnostics_tools/evaluation_error.py,36,from,pyomo.core.base.var,VarData,0
idaes/core/util/diagnostics_tools/evaluation_error.py,37,from,pyomo.repn.standard_repn,generate_standard_repn,0
idaes/core/util/diagnostics_tools/evaluation_error.py,40,from,pyomo.common.collections,ComponentSet,0
idaes/core/util/diagnostics_tools/evaluation_error.py,41,from,pyomo.common.config,ConfigDict,0
idaes/core/util/diagnostics_tools/evaluation_error.py,44,from,pyomo.core.expr.visitor,StreamBasedExpressionVisitor,0
idaes/core/util/diagnostics_tools/evaluation_error.py,45,from,pyomo.contrib.fbbt.fbbt,compute_bounds_on_expr,0
idaes/core/util/diagnostics_tools/ill_conditioning.py,20,from,pyomo.environ,check_optimal_termination;ConcreteModel;Constraint;Expression;Objective;RangeSet;SolverFactory;value;Var,0
idaes/core/util/diagnostics_tools/ill_conditioning.py,32,from,idaes.core.scaling.util,get_jacobian,0
idaes/core/util/diagnostics_tools/ill_conditioning.py,35,import,idaes.logger,,0
idaes/core/util/diagnostics_tools/ipopt_halt_on_error.py,20,from,pyomo.environ,SolverFactory,0
idaes/core/util/diagnostics_tools/svd_toolbox.py,20,import,sys,,0
idaes/core/util/diagnostics_tools/svd_toolbox.py,21,from,inspect,signature,0
idaes/core/util/diagnostics_tools/svd_toolbox.py,23,import,numpy,,0
idaes/core/util/diagnostics_tools/svd_toolbox.py,24,from,scipy.linalg,svd,0
idaes/core/util/diagnostics_tools/svd_toolbox.py,25,from,scipy.sparse.linalg,svds,0
idaes/core/util/diagnostics_tools/svd_toolbox.py,27,from,pyomo.core.base.block,BlockData,0
idaes/core/util/diagnostics_tools/svd_toolbox.py,28,from,pyomo.core.base.var,VarData,0
idaes/core/util/diagnostics_tools/svd_toolbox.py,29,from,pyomo.core.base.constraint,ConstraintData,0
idaes/core/util/diagnostics_tools/svd_toolbox.py,30,from,pyomo.common.config,ConfigDict;ConfigValue;document_kwargs_from_configdict;PositiveInt;NonNegativeFloat,0
idaes/core/util/diagnostics_tools/svd_toolbox.py,37,from,pyomo.common.errors,PyomoException,0
idaes/core/util/diagnostics_tools/svd_toolbox.py,39,from,idaes.core.util.model_statistics,greybox_block_set,0
idaes/core/util/diagnostics_tools/svd_toolbox.py,42,from,idaes.core.scaling.util,get_jacobian,0
idaes/core/util/diagnostics_tools/svd_toolbox.py,45,from,idaes.core.util.diagnostics_tools.writer_utils,write_report_section;MAX_STR_LENGTH;TAB,0
idaes/core/util/diagnostics_tools/svd_toolbox.py,50,from,idaes.core.util.misc,make_ordinal,0
idaes/core/util/diagnostics_tools/svd_toolbox.py,51,import,idaes.logger,,0
idaes/core/util/diagnostics_tools/utils.py,20,import,numpy,,0
idaes/core/util/diagnostics_tools/utils.py,21,from,scipy.sparse.linalg,norm,0
idaes/core/util/diagnostics_tools/utils.py,23,from,pyomo.environ,value;Var,0
idaes/core/util/diagnostics_tools/utils.py,27,from,pyomo.common.collections,ComponentSet,0
idaes/core/util/diagnostics_tools/utils.py,29,from,idaes.core.scaling.util,get_jacobian;get_scaling_factor,0
idaes/core/util/diagnostics_tools/writer_utils.py,20,from,pyomo.common.collections,ComponentSet,0
idaes/core/util/diagnostics_tools/writer_utils.py,22,from,idaes.core.util.model_statistics,activated_blocks_set;deactivated_blocks_set;activated_equalities_set;deactivated_equalities_set;activated_inequalities_set;deactivated_inequalities_set;activated_objectives_set;deactivated_objectives_set;variables_in_activated_constraints_set;number_activated_greybox_equalities;number_deactivated_greybox_equalities;activated_greybox_block_set;deactivated_greybox_block_set;greybox_block_set;unfixed_greybox_variables;greybox_variables,0
idaes/core/util/diagnostics_tools/writer_utils.py,40,from,idaes.core.util.diagnostics_tools.utils,var_in_block,0
idaes/core/util/doctesting.py,19,import,re,,0
idaes/core/util/dyn_utils.py,18,from,pyomo.environ,Block;Constraint;value;Var,0
idaes/core/util/dyn_utils.py,19,from,pyomo.dae,DerivativeVar,0
idaes/core/util/dyn_utils.py,20,from,pyomo.dae.flatten,flatten_dae_components,0
idaes/core/util/dyn_utils.py,21,from,pyomo.dae.set_utils,is_explicitly_indexed_by;is_in_block_indexed_by;get_index_set_except,0
idaes/core/util/dyn_utils.py,26,from,pyomo.common.collections,ComponentSet,0
idaes/core/util/dyn_utils.py,28,import,idaes.logger,,0
idaes/core/util/env_info.py,19,import,sys,,0
idaes/core/util/env_info.py,20,import,platform,,0
idaes/core/util/env_info.py,21,import,json,,0
idaes/core/util/env_info.py,22,import,importlib.metadata,,0
idaes/core/util/env_info.py,23,from,packaging.requirements,Requirement,0
idaes/core/util/env_info.py,25,import,pyomo,,0
idaes/core/util/env_info.py,26,import,pyomo.environ,,0
idaes/core/util/env_info.py,27,import,idaes,,0
idaes/core/util/expr_doc.py,17,import,logging,,0
idaes/core/util/expr_doc.py,18,import,re,,0
idaes/core/util/expr_doc.py,20,from,pyomo.core.expr.sympy_tools,_functionMap;_pyomo_operator_map;_configure_sympy,0
idaes/core/util/expr_doc.py,25,from,pyomo.environ,ExternalFunction;Var;Expression;value;units,0
idaes/core/util/expr_doc.py,26,from,pyomo.core.base.constraint,ConstraintData;Constraint,0
idaes/core/util/expr_doc.py,27,from,pyomo.core.base.expression,ExpressionData,0
idaes/core/util/expr_doc.py,28,from,pyomo.core.base.block,BlockData,0
idaes/core/util/expr_doc.py,29,from,pyomo.core.expr.visitor,StreamBasedExpressionVisitor,0
idaes/core/util/expr_doc.py,30,from,pyomo.core.expr.numeric_expr,ExternalFunctionExpression,0
idaes/core/util/expr_doc.py,31,from,pyomo.core,expr;native_types,0
idaes/core/util/expr_doc.py,32,from,pyomo.common.collections,ComponentMap,0
idaes/core/util/expr_doc.py,38,import,sympy,,0
idaes/core/util/functions.py,17,import,os,,0
idaes/core/util/functions.py,18,from,pyomo.common.fileutils,find_library,0
idaes/core/util/initialization.py,18,from,pyomo.environ,Block;check_optimal_termination;Constraint;value,0
idaes/core/util/initialization.py,24,from,pyomo.network,Arc,0
idaes/core/util/initialization.py,25,from,pyomo.dae,ContinuousSet,0
idaes/core/util/initialization.py,26,from,pyomo.core.expr.visitor,identify_variables,0
idaes/core/util/initialization.py,28,from,idaes.core.util.exceptions,ConfigurationError,0
idaes/core/util/initialization.py,29,from,idaes.core.util.model_statistics,degrees_of_freedom,0
idaes/core/util/initialization.py,30,from,idaes.core.util.dyn_utils,get_activity_dict;deactivate_model_at;deactivate_constraints_unindexed_by;fix_vars_unindexed_by;get_derivatives_at;copy_values_at_time;get_implicit_index_of_set,0
idaes/core/util/initialization.py,39,import,idaes.logger,,0
idaes/core/util/initialization.py,40,from,idaes.core.solvers,get_solver,0
idaes/core/util/math.py,19,from,pyomo.environ,Param;log;sqrt;exp,0
idaes/core/util/misc.py,18,from,enum,Enum,0
idaes/core/util/misc.py,20,import,pyomo.environ,,0
idaes/core/util/misc.py,21,from,pyomo.common.config,ConfigBlock,0
idaes/core/util/misc.py,22,from,pyomo.core.expr.visitor,_ToStringVisitor,0
idaes/core/util/misc.py,23,from,pyomo.core.base.expression,ExpressionData,0
idaes/core/util/misc.py,25,import,idaes.logger,,0
idaes/core/util/model_diagnostics.py,25,from,pyomo.common.deprecation,relocated_module_attribute,0
idaes/core/util/model_serializer.py,23,import,json,,0
idaes/core/util/model_serializer.py,24,import,datetime,,0
idaes/core/util/model_serializer.py,25,import,time,,0
idaes/core/util/model_serializer.py,26,import,gzip,,0
idaes/core/util/model_serializer.py,27,import,logging,,0
idaes/core/util/model_serializer.py,29,from,pyomo.environ,Param;Var;BooleanVar;Expression;Block;Constraint;Suffix;value,0
idaes/core/util/model_serializer.py,39,from,pyomo.core.base.param,ParamData,0
idaes/core/util/model_serializer.py,40,from,pyomo.core.base.component,ComponentData,0
idaes/core/util/model_statistics.py,21,import,sys,,0
idaes/core/util/model_statistics.py,23,from,pyomo.environ,Block;Constraint;Expression;Objective;Var;value,0
idaes/core/util/model_statistics.py,24,from,pyomo.dae,DerivativeVar,0
idaes/core/util/model_statistics.py,25,from,pyomo.core.expr,identify_variables,0
idaes/core/util/model_statistics.py,26,from,pyomo.common.collections,ComponentMap;ComponentSet,0
idaes/core/util/model_statistics.py,27,from,pyomo.common.deprecation,deprecation_warning,0
idaes/core/util/model_statistics.py,28,from,pyomo.contrib.pynumero.interfaces.external_grey_box,ExternalGreyBoxBlock,0
idaes/core/util/model_statistics.py,30,import,idaes.logger,,0
idaes/core/util/model_statistics.py,31,from,idaes.core.scaling,get_scaling_factor,0
idaes/core/util/parameter_sweep.py,17,import,sys,,0
idaes/core/util/parameter_sweep.py,18,import,json,,0
idaes/core/util/parameter_sweep.py,20,from,pandas,DataFrame,0
idaes/core/util/parameter_sweep.py,22,from,pyomo.core,Param;Var,0
idaes/core/util/parameter_sweep.py,23,from,pyomo.environ,check_optimal_termination,0
idaes/core/util/parameter_sweep.py,24,from,pyomo.common.config,ConfigDict;ConfigValue;document_kwargs_from_configdict,0
idaes/core/util/parameter_sweep.py,26,import,idaes.logger,,0
idaes/core/util/parameter_sweep.py,27,from,idaes.core.surrogate.pysmo.sampling,SamplingMethods;UniformSampling,0
idaes/core/util/parameter_sweep.py,28,from,idaes.core.util.exceptions,ConfigurationError,0
idaes/core/util/performance.py,17,import,gc,,0
idaes/core/util/performance.py,18,import,pytest,,0
idaes/core/util/performance.py,20,from,pyomo.util.check_units,assert_units_consistent,0
idaes/core/util/performance.py,21,from,pyomo.common.timing,TicTocTimer,0
idaes/core/util/performance.py,22,from,pyomo.environ,assert_optimal_termination,0
idaes/core/util/performance.py,23,import,pyomo.common.unittest,,0
idaes/core/util/performance.py,25,from,idaes.core.solvers,get_solver,0
idaes/core/util/performance.py,26,from,idaes.core.util.model_statistics,degrees_of_freedom,0
idaes/core/util/phase_equilibria.py,19,import,matplotlib.pyplot,,0
idaes/core/util/phase_equilibria.py,20,import,numpy,,0
idaes/core/util/phase_equilibria.py,23,from,pyomo.environ,check_optimal_termination;value;units,0
idaes/core/util/phase_equilibria.py,29,from,idaes.core.solvers,get_solver,0
idaes/core/util/phase_equilibria.py,30,import,idaes.logger,,0
idaes/core/util/plot.py,19,import,matplotlib.pyplot,,0
idaes/core/util/plot.py,21,import,pyomo.environ,,0
idaes/core/util/plot.py,22,from,pyomo.core.base.indexed_component_slice,IndexedComponent_slice,0
idaes/core/util/scaling.py,30,import,math,,0
idaes/core/util/scaling.py,31,import,sys,,0
idaes/core/util/scaling.py,33,import,scipy.sparse.linalg,,0
idaes/core/util/scaling.py,34,import,scipy.linalg,,0
idaes/core/util/scaling.py,36,import,pyomo.environ,,0
idaes/core/util/scaling.py,37,from,pyomo.core.base.var,VarData,0
idaes/core/util/scaling.py,38,from,pyomo.core.base.param,ParamData,0
idaes/core/util/scaling.py,39,from,pyomo.core.expr.visitor,identify_variables,0
idaes/core/util/scaling.py,40,from,pyomo.network,Arc,0
idaes/core/util/scaling.py,41,from,pyomo.contrib.pynumero.interfaces.pyomo_nlp,PyomoNLP,0
idaes/core/util/scaling.py,42,from,pyomo.contrib.pynumero.asl,AmplInterface,0
idaes/core/util/scaling.py,43,from,pyomo.common.modeling,unique_component_name,0
idaes/core/util/scaling.py,44,from,pyomo.core.base.constraint,ConstraintData,0
idaes/core/util/scaling.py,45,from,pyomo.common.collections,ComponentMap;ComponentSet,0
idaes/core/util/scaling.py,46,from,pyomo.dae,DerivativeVar,0
idaes/core/util/scaling.py,47,from,pyomo.dae.flatten,slice_component_along_sets,0
idaes/core/util/scaling.py,48,from,pyomo.util.calc_var_value,calculate_variable_from_constraint,0
idaes/core/util/scaling.py,49,from,pyomo.core,expr,0
idaes/core/util/scaling.py,50,from,pyomo.common.numeric_types,native_types,0
idaes/core/util/scaling.py,51,from,pyomo.core.base.units_container,_PyomoUnit,0
idaes/core/util/scaling.py,53,import,idaes.logger,,0
idaes/core/util/structfs/fsrunner.py,21,from,pyomo.environ,ConcreteModel,0
idaes/core/util/structfs/fsrunner.py,22,from,pyomo.environ,units,0
idaes/core/util/structfs/fsrunner.py,23,from,idaes.core,FlowsheetBlock,0
idaes/core/util/structfs/fsrunner.py,32,from,runner,Runner,1
idaes/core/util/structfs/fsrunner.py,26,from,idaes_connectivity,Connectivity,0
idaes/core/util/structfs/fsrunner.py,27,from,idaes_connectivity.jupyter,display_connectivity,0
idaes/core/util/structfs/fsrunner.py,300,from,runner_actions,CaptureSolverOutput;ModelVariables;MermaidDiagram,1
idaes/core/util/structfs/fsrunner.py,243,from,runner_actions,UnitDofChecker,1
idaes/core/util/structfs/fsrunner.py,274,from,runner_actions,Timer,1
idaes/core/util/structfs/logutil.py,17,import,logging,,0
idaes/core/util/structfs/logutil.py,18,import,warnings,,0
idaes/core/util/structfs/runner.py,18,from,abc,ABC;abstractmethod,0
idaes/core/util/structfs/runner.py,19,import,logging,,0
idaes/core/util/structfs/runner.py,20,from,typing,Callable;Optional;Tuple;Sequence;TypeVar,0
idaes/core/util/structfs/runner.py,23,from,pydantic,BaseModel,0
idaes/core/util/structfs/runner_actions.py,18,from,collections.abc,Callable,0
idaes/core/util/structfs/runner_actions.py,19,from,io,StringIO,0
idaes/core/util/structfs/runner_actions.py,20,import,re,,0
idaes/core/util/structfs/runner_actions.py,21,import,sys,,0
idaes/core/util/structfs/runner_actions.py,22,import,time,,0
idaes/core/util/structfs/runner_actions.py,23,from,typing,Union;Optional,0
idaes/core/util/structfs/runner_actions.py,26,from,pyomo.network.port,ScalarPort,0
idaes/core/util/structfs/runner_actions.py,27,from,pyomo.core.base.var,IndexedVar,0
idaes/core/util/structfs/runner_actions.py,28,from,pyomo.core.base.param,IndexedParam,0
idaes/core/util/structfs/runner_actions.py,29,import,pyomo.environ,,0
idaes/core/util/structfs/runner_actions.py,30,from,pydantic,BaseModel;Field,0
idaes/core/util/structfs/runner_actions.py,38,from,idaes.core.util.model_statistics,degrees_of_freedom,0
idaes/core/util/structfs/runner_actions.py,39,from,idaes.core.base.unit_model,ProcessBlockData,0
idaes/core/util/structfs/runner_actions.py,40,from,runner,Action,1
idaes/core/util/structfs/runner_actions.py,41,from,fsrunner,FlowsheetRunner,1
idaes/core/util/structfs/runner_actions.py,33,from,idaes_connectivity.base,Connectivity;Mermaid,0
idaes/core/util/structfs/runner_cli.py,17,import,os,,0
idaes/core/util/structfs/runner_cli.py,18,import,argparse,,0
idaes/core/util/structfs/runner_cli.py,19,import,importlib,,0
idaes/core/util/structfs/runner_cli.py,20,import,importlib.util,,0
idaes/core/util/structfs/runner_cli.py,21,import,json,,0
idaes/core/util/structfs/runner_cli.py,22,import,logging,,0
idaes/core/util/structfs/runner_cli.py,23,import,traceback,,0
idaes/core/util/structfs/runner_cli.py,24,from,io,FileIO,0
idaes/core/util/structfs/runner_cli.py,25,import,sys,,0
idaes/core/util/structfs/runner_cli.py,27,from,idaes.core.util.structfs.runner,Runner,0
idaes/core/util/tables.py,17,from,collections,OrderedDict,0
idaes/core/util/tables.py,19,from,pandas,DataFrame,0
idaes/core/util/tables.py,21,from,pyomo.environ,value,0
idaes/core/util/tables.py,22,from,pyomo.network,Arc;Port,0
idaes/core/util/tables.py,23,from,pyomo.core.base.var,VarData;Var,0
idaes/core/util/tables.py,24,from,pyomo.core.base.param,Param,0
idaes/core/util/tables.py,25,from,pyomo.core.base.expression,Expression,0
idaes/core/util/tables.py,27,import,idaes.logger,,0
idaes/core/util/tables.py,28,from,idaes.core.util.units_of_measurement,report_quantity,0
idaes/core/util/tags.py,17,import,xml.dom.minidom,,0
idaes/core/util/tags.py,18,import,collections,,0
idaes/core/util/tags.py,20,import,pyomo.environ,,0
idaes/core/util/tags.py,21,from,pyomo.core.base.indexed_component_slice,IndexedComponent_slice,0
idaes/core/util/tags.py,23,import,idaes.logger,,0
idaes/core/util/testing.py,24,from,math,ceil,0
idaes/core/util/testing.py,25,import,os,,0
idaes/core/util/testing.py,26,import,textwrap,,0
idaes/core/util/testing.py,27,from,typing,Callable;Union,0
idaes/core/util/testing.py,29,import,pytest,,0
idaes/core/util/testing.py,31,from,pyomo.environ,Constraint;Expression;log10;Set;units;Var;value,0
idaes/core/util/testing.py,32,from,pyomo.common.config,ConfigBlock,0
idaes/core/util/testing.py,33,from,pyomo.common,Executable,0
idaes/core/util/testing.py,34,from,pyomo.common.dependencies,attempt_import,0
idaes/core/util/testing.py,35,from,pyomo.common.collections,ComponentMap,0
idaes/core/util/testing.py,37,from,idaes.core,declare_process_block_class;PhysicalParameterBlock;StateBlock;StateBlockData;ReactionParameterBlock;ReactionBlockBase;ReactionBlockDataBase;MaterialFlowBasis;MaterialBalanceType;EnergyBalanceType;Component;Phase,0
idaes/core/util/testing.py,51,from,idaes.core.scaling,CustomScalerBase,0
idaes/core/util/testing.py,52,from,idaes.core.util.model_statistics,degrees_of_freedom;fixed_variables_set;activated_constraints_set,0
idaes/core/util/testing.py,57,import,idaes.logger,,0
idaes/core/util/units_of_measurement.py,21,from,pyomo.environ,as_quantity;units,0
idaes/core/util/units_of_measurement.py,22,import,idaes,,0
idaes/core/util/utility_minimization.py,22,import,matplotlib.pyplot,,0
idaes/core/util/utility_minimization.py,23,import,numpy,,0
idaes/core/util/utility_minimization.py,26,from,pyomo.environ,Constraint;sqrt;Expression;value;Var,0
idaes/core/util/utility_minimization.py,28,from,pyomo.environ,units,0
idaes/logger.py,18,import,sys,,0
idaes/logger.py,19,import,logging,,0
idaes/logger.py,20,from,contextlib,contextmanager,0
idaes/logger.py,22,from,pyomo.common.tee,capture_output,0
idaes/logger.py,23,from,pyomo.common.log,LogStream,0
idaes/logger.py,25,import,idaes,,0
idaes/models/control/__init__.py,13,from,idaes.models.control.controller,PIDController;ControllerType;ControllerMVBoundType;ControllerAntiwindupType,0
idaes/models/control/controller.py,22,import,enum,,0
idaes/models/control/controller.py,23,import,functools,,0
idaes/models/control/controller.py,25,import,pyomo.environ,,0
idaes/models/control/controller.py,26,import,pyomo.dae,,0
idaes/models/control/controller.py,27,from,pyomo.common.config,ConfigValue;In;Bool,0
idaes/models/control/controller.py,29,from,idaes.core,UnitModelBlockData;declare_process_block_class,0
idaes/models/control/controller.py,30,from,idaes.core.util.exceptions,ConfigurationError,0
idaes/models/control/controller.py,31,from,idaes.core.util.math,smooth_bound,0
idaes/models/control/controller.py,32,from,idaes.core.util,scaling,0
idaes/models/costing/QGESS.py,37,import,textwrap,,0
idaes/models/costing/QGESS.py,38,from,sys,stdout,0
idaes/models/costing/QGESS.py,40,from,pandas,DataFrame,0
idaes/models/costing/QGESS.py,41,from,pint.errors,UndefinedUnitError,0
idaes/models/costing/QGESS.py,42,from,pyomo.common.config,ConfigValue;ListOf,0
idaes/models/costing/QGESS.py,43,from,pyomo.core.base.units_container,InconsistentUnitsError;UnitsError,0
idaes/models/costing/QGESS.py,44,from,pyomo.environ,Expression;Param;Var;log10,0
idaes/models/costing/QGESS.py,45,from,pyomo.environ,units,0
idaes/models/costing/QGESS.py,46,from,pyomo.environ,value,0
idaes/models/costing/QGESS.py,47,from,pyomo.util.calc_var_value,calculate_variable_from_constraint,0
idaes/models/costing/QGESS.py,49,from,idaes.core.base.costing_base,load_location_factors,0
idaes/models/costing/QGESS.py,50,import,idaes.core.util.scaling,,0
idaes/models/costing/QGESS.py,51,import,idaes.logger,,0
idaes/models/costing/QGESS.py,52,from,idaes.core,FlowsheetCostingBlockData;declare_process_block_class,0
idaes/models/costing/QGESS.py,53,from,idaes.core.util.exceptions,BurntToast;ConfigurationError,0
idaes/models/costing/QGESS.py,54,from,idaes.core.util.math,smooth_max,0
idaes/models/costing/QGESS.py,55,from,idaes.core.util.tables,stream_table_dataframe_to_string,0
idaes/models/costing/QGESS.py,56,from,idaes.models_extra.power_generation.costing.generic_ccs_capcost_custom_dict,load_generic_ccs_costing_dictionary,0
idaes/models/costing/QGESS.py,59,from,idaes.models_extra.power_generation.costing.power_plant_costing_dictionaries,define_preloaded_accounts;load_BB_costing_dictionary;load_default_resource_prices;load_fixed_OM_data;register_power_plant_currency_units,0
idaes/models/costing/SSLW.py,26,import,pyomo.environ,,0
idaes/models/costing/SSLW.py,29,from,idaes.models.unit_models,Compressor;CSTR;Flash;Heater;HeatExchanger;HeatExchangerNTU;PFR;PressureChanger;Pump;StoichiometricReactor;Turbine,0
idaes/models/costing/SSLW.py,42,from,idaes.models.unit_models.pressure_changer,ThermodynamicAssumption,0
idaes/models/costing/SSLW.py,43,from,idaes.models.unit_models.heat_exchanger,HeatExchangerFlowPattern,0
idaes/models/costing/SSLW.py,45,from,idaes.core,declare_process_block_class,0
idaes/models/costing/SSLW.py,46,from,idaes.core.util.exceptions,ConfigurationError,0
idaes/models/costing/SSLW.py,47,from,idaes.core.util.constants,Constants,0
idaes/models/costing/SSLW.py,48,from,idaes.core.util.math,smooth_max,0
idaes/models/costing/SSLW.py,49,from,idaes.core.util.misc,StrEnum,0
idaes/models/costing/SSLW.py,51,from,idaes.core,FlowsheetCostingBlockData;register_idaes_currency_units,0
idaes/models/costing/SSLW.py,56,import,idaes.logger,,0
idaes/models/flowsheets/demo_flowsheet.py,20,from,pyomo.environ,ConcreteModel;TransformationFactory,0
idaes/models/flowsheets/demo_flowsheet.py,21,from,pyomo.network,Arc,0
idaes/models/flowsheets/demo_flowsheet.py,23,from,idaes.core,FlowsheetBlock,0
idaes/models/flowsheets/demo_flowsheet.py,24,from,idaes.core.solvers,get_solver,0
idaes/models/flowsheets/demo_flowsheet.py,25,import,idaes.core.util.scaling,,0
idaes/models/flowsheets/demo_flowsheet.py,27,from,idaes.core.util.initialization,propagate_state,0
idaes/models/flowsheets/demo_flowsheet.py,28,from,idaes.models.properties.activity_coeff_models.BTX_activity_coeff_VLE,BTXParameterBlock,0
idaes/models/flowsheets/demo_flowsheet.py,31,from,idaes.models.unit_models,Mixer;Heater;Flash,0
idaes/models/flowsheets/demo_flowsheet.py,33,import,idaes.logger,,0
idaes/models/properties/activity_coeff_models/BTX_activity_coeff_VLE.py,22,from,pyomo.environ,Param;NonNegativeReals;Set;units,0
idaes/models/properties/activity_coeff_models/BTX_activity_coeff_VLE.py,25,from,idaes.core,declare_process_block_class;Component,0
idaes/models/properties/activity_coeff_models/BTX_activity_coeff_VLE.py,26,from,idaes.core.util.misc,extract_data,0
idaes/models/properties/activity_coeff_models/BTX_activity_coeff_VLE.py,28,from,idaes.models.properties.activity_coeff_models.activity_coeff_prop_pack,ActivityCoeffParameterData,0
idaes/models/properties/activity_coeff_models/BTX_activity_coeff_VLE.py,31,from,idaes.logger,getIdaesLogger,0
idaes/models/properties/activity_coeff_models/activity_coeff_prop_pack.py,50,from,pyomo.environ,Block;check_optimal_termination;Constraint;log;NonNegativeReals;value;Var;exp;Expression;Param;sqrt;units,0
idaes/models/properties/activity_coeff_models/activity_coeff_prop_pack.py,64,from,pyomo.common.config,ConfigDict;ConfigValue;In,0
idaes/models/properties/activity_coeff_models/activity_coeff_prop_pack.py,67,from,idaes.core,declare_process_block_class;MaterialFlowBasis;PhysicalParameterBlock;StateBlockData;StateBlock;MaterialBalanceType;EnergyBalanceType;LiquidPhase;VaporPhase,0
idaes/models/properties/activity_coeff_models/activity_coeff_prop_pack.py,78,from,idaes.core.util.initialization,fix_state_vars;revert_state_vars;solve_indexed_blocks,0
idaes/models/properties/activity_coeff_models/activity_coeff_prop_pack.py,83,from,idaes.core.util.exceptions,ConfigurationError;InitializationError,0
idaes/models/properties/activity_coeff_models/activity_coeff_prop_pack.py,84,from,idaes.core.util.model_statistics,degrees_of_freedom,0
idaes/models/properties/activity_coeff_models/activity_coeff_prop_pack.py,85,from,idaes.core.util.constants,Constants,0
idaes/models/properties/activity_coeff_models/activity_coeff_prop_pack.py,86,from,idaes.core.solvers,get_solver,0
idaes/models/properties/activity_coeff_models/activity_coeff_prop_pack.py,87,import,idaes.core.util.scaling,,0
idaes/models/properties/activity_coeff_models/activity_coeff_prop_pack.py,88,import,idaes.logger,,0
idaes/models/properties/activity_coeff_models/activity_coeff_prop_pack.py,89,from,idaes.core.initialization,InitializerBase,0
idaes/models/properties/activity_coeff_models/methane_combustion_ideal.py,22,from,pyomo.environ,Param;Set;units,0
idaes/models/properties/activity_coeff_models/methane_combustion_ideal.py,23,from,pyomo.common.config,ConfigValue;In,0
idaes/models/properties/activity_coeff_models/methane_combustion_ideal.py,26,from,idaes.core,declare_process_block_class;PhysicalParameterBlock;Component,0
idaes/models/properties/activity_coeff_models/methane_combustion_ideal.py,27,from,idaes.core.util.misc,extract_data,0
idaes/models/properties/activity_coeff_models/methane_combustion_ideal.py,29,from,idaes.models.properties.activity_coeff_models.activity_coeff_prop_pack,ActivityCoeffParameterData,0
idaes/models/properties/activity_coeff_models/methane_combustion_ideal.py,32,from,idaes.logger,getIdaesLogger,0
idaes/models/properties/examples/saponification_reactions.py,22,from,pyomo.environ,Constraint;exp;Param;Set;units;Var,0
idaes/models/properties/examples/saponification_reactions.py,25,from,idaes.core,declare_process_block_class;MaterialFlowBasis;ReactionParameterBlock;ReactionBlockDataBase;ReactionBlockBase,0
idaes/models/properties/examples/saponification_reactions.py,32,from,idaes.core.util.misc,add_object_reference,0
idaes/models/properties/examples/saponification_reactions.py,33,from,idaes.core.util.constants,Constants,0
idaes/models/properties/examples/saponification_reactions.py,34,import,idaes.logger,,0
idaes/models/properties/examples/saponification_reactions.py,35,from,idaes.core.scaling,CustomScalerBase,0
idaes/models/properties/examples/saponification_reactions.py,40,from,idaes.core.util.scaling,get_scaling_factor,0
idaes/models/properties/examples/saponification_thermo.py,22,from,pyomo.environ,Constraint;Param;PositiveReals;Reals;units;value;Var,0
idaes/models/properties/examples/saponification_thermo.py,33,from,idaes.core,declare_process_block_class;MaterialFlowBasis;PhysicalParameterBlock;StateBlockData;StateBlock;MaterialBalanceType;EnergyBalanceType;LiquidPhase;Component,0
idaes/models/properties/examples/saponification_thermo.py,44,from,idaes.core.util.model_statistics,degrees_of_freedom,0
idaes/models/properties/examples/saponification_thermo.py,45,from,idaes.core.util.initialization,fix_state_vars;revert_state_vars,0
idaes/models/properties/examples/saponification_thermo.py,46,import,idaes.logger,,0
idaes/models/properties/examples/saponification_thermo.py,47,from,idaes.core.scaling,CustomScalerBase,0
idaes/models/properties/general_helmholtz/__init__.py,13,from,helmholtz_functions,StateVars;PhaseType;AmountBasis;HelmholtzThermoExpressions;HelmholtzParameterBlock;HelmholtzParameterBlockData;add_helmholtz_external_functions;helmholtz_available;helmholtz_data_dir,1
idaes/models/properties/general_helmholtz/__init__.py,24,from,helmholtz_state,HelmholtzStateBlock;HelmholtzStateBlockData;HelmholtzEoSInitializer,1
idaes/models/properties/general_helmholtz/__init__.py,29,from,idaes.models.properties.general_helmholtz.components.parameters,get_parameter_path;set_parameter_path,0
idaes/models/properties/general_helmholtz/__init__.py,33,from,idaes.models.properties.general_helmholtz.components.registry,register_helmholtz_component;registered_components;viscosity_available;thermal_conductivity_available;surface_tension_available;component_registered;clear_component_registry;eos_reference;viscosity_reference;thermal_conductivity_reference;surface_tension_reference,0
idaes/models/properties/general_helmholtz/components/__init__.py,19,from,idaes.models.properties.general_helmholtz.components.registry,register_helmholtz_component;remove_component;registered_components;viscosity_available;thermal_conductivity_available;surface_tension_available;component_registered;clear_component_registry;eos_reference;viscosity_reference;thermal_conductivity_reference;surface_tension_reference,0
idaes/models/properties/general_helmholtz/components/parameters/__init__.py,17,import,os,,0
idaes/models/properties/general_helmholtz/components/parameters/__init__.py,18,import,re,,0
idaes/models/properties/general_helmholtz/components/parameters/__init__.py,19,import,json,,0
idaes/models/properties/general_helmholtz/components/parameters/__init__.py,21,from,pyomo.common.fileutils,this_file_dir,0
idaes/models/properties/general_helmholtz/components/parameters/__init__.py,23,import,idaes,,0
idaes/models/properties/general_helmholtz/components/parameters/__init__.py,24,from,idaes.models.properties.general_helmholtz.components,clear_component_registry;register_helmholtz_component,0
idaes/models/properties/general_helmholtz/components/parameters/butane.py,28,import,os,,0
idaes/models/properties/general_helmholtz/components/parameters/butane.py,29,from,pyomo.common.fileutils,this_file_dir,0
idaes/models/properties/general_helmholtz/components/parameters/butane.py,30,from,idaes.models.properties.general_helmholtz.helmholtz_parameters,WriteParameters,0
idaes/models/properties/general_helmholtz/components/parameters/co2.py,17,import,os,,0
idaes/models/properties/general_helmholtz/components/parameters/co2.py,18,import,pyomo.environ,,0
idaes/models/properties/general_helmholtz/components/parameters/co2.py,19,from,pyomo.common.fileutils,this_file_dir,0
idaes/models/properties/general_helmholtz/components/parameters/co2.py,20,from,idaes.models.properties.general_helmholtz.helmholtz_parameters,WriteParameters,0
idaes/models/properties/general_helmholtz/components/parameters/h2o.py,17,import,os,,0
idaes/models/properties/general_helmholtz/components/parameters/h2o.py,18,import,math,,0
idaes/models/properties/general_helmholtz/components/parameters/h2o.py,19,import,pyomo.environ,,0
idaes/models/properties/general_helmholtz/components/parameters/h2o.py,20,from,pyomo.common.fileutils,this_file_dir,0
idaes/models/properties/general_helmholtz/components/parameters/h2o.py,21,from,pyomo.common.fileutils,find_library,0
idaes/models/properties/general_helmholtz/components/parameters/h2o.py,22,from,idaes.core.util.math,smooth_max,0
idaes/models/properties/general_helmholtz/components/parameters/h2o.py,23,from,idaes.models.properties.general_helmholtz.helmholtz_parameters,WriteParameters,0
idaes/models/properties/general_helmholtz/components/parameters/isobutane.py,28,import,os,,0
idaes/models/properties/general_helmholtz/components/parameters/isobutane.py,29,from,pyomo.common.fileutils,this_file_dir,0
idaes/models/properties/general_helmholtz/components/parameters/isobutane.py,30,from,idaes.models.properties.general_helmholtz.helmholtz_parameters,WriteParameters,0
idaes/models/properties/general_helmholtz/components/parameters/nh3.py,17,import,os,,0
idaes/models/properties/general_helmholtz/components/parameters/nh3.py,18,import,pyomo.environ,,0
idaes/models/properties/general_helmholtz/components/parameters/nh3.py,19,from,pyomo.common.fileutils,this_file_dir,0
idaes/models/properties/general_helmholtz/components/parameters/nh3.py,20,from,idaes.models.properties.general_helmholtz.helmholtz_parameters,WriteParameters,0
idaes/models/properties/general_helmholtz/components/parameters/propane.py,17,import,os,,0
idaes/models/properties/general_helmholtz/components/parameters/propane.py,18,import,math,,0
idaes/models/properties/general_helmholtz/components/parameters/propane.py,19,import,pyomo.environ,,0
idaes/models/properties/general_helmholtz/components/parameters/propane.py,20,from,pyomo.common.fileutils,this_file_dir,0
idaes/models/properties/general_helmholtz/components/parameters/propane.py,21,from,idaes.models.properties.general_helmholtz.helmholtz_parameters,WriteParameters,0
idaes/models/properties/general_helmholtz/components/parameters/propane.py,24,from,idaes.core.util.math,smooth_max,0
idaes/models/properties/general_helmholtz/components/parameters/propane.py,25,from,idaes.core.util.constants,Constants,0
idaes/models/properties/general_helmholtz/components/parameters/r1234ze.py,17,import,os,,0
idaes/models/properties/general_helmholtz/components/parameters/r1234ze.py,18,from,pyomo.common.fileutils,this_file_dir,0
idaes/models/properties/general_helmholtz/components/parameters/r1234ze.py,19,from,idaes.models.properties.general_helmholtz.helmholtz_parameters,WriteParameters,0
idaes/models/properties/general_helmholtz/components/parameters/r125.py,17,import,os,,0
idaes/models/properties/general_helmholtz/components/parameters/r125.py,18,from,pyomo.common.fileutils,this_file_dir,0
idaes/models/properties/general_helmholtz/components/parameters/r125.py,19,from,idaes.models.properties.general_helmholtz.helmholtz_parameters,WriteParameters,0
idaes/models/properties/general_helmholtz/components/parameters/r134a.py,17,import,os,,0
idaes/models/properties/general_helmholtz/components/parameters/r134a.py,18,import,math,,0
idaes/models/properties/general_helmholtz/components/parameters/r134a.py,19,from,pyomo.common.fileutils,this_file_dir,0
idaes/models/properties/general_helmholtz/components/parameters/r134a.py,20,import,pyomo.environ,,0
idaes/models/properties/general_helmholtz/components/parameters/r134a.py,21,from,idaes.core.util.math,smooth_max,0
idaes/models/properties/general_helmholtz/components/parameters/r134a.py,22,from,idaes.models.properties.general_helmholtz.helmholtz_parameters,WriteParameters,0
idaes/models/properties/general_helmholtz/components/parameters/r227ea.py,17,import,os,,0
idaes/models/properties/general_helmholtz/components/parameters/r227ea.py,18,from,pyomo.common.fileutils,this_file_dir,0
idaes/models/properties/general_helmholtz/components/parameters/r227ea.py,19,from,idaes.models.properties.general_helmholtz.helmholtz_parameters,WriteParameters,0
idaes/models/properties/general_helmholtz/components/parameters/r32.py,17,import,os,,0
idaes/models/properties/general_helmholtz/components/parameters/r32.py,18,from,pyomo.common.fileutils,this_file_dir,0
idaes/models/properties/general_helmholtz/components/parameters/r32.py,19,from,idaes.models.properties.general_helmholtz.helmholtz_parameters,WriteParameters,0
idaes/models/properties/general_helmholtz/expressions/__init__.py,16,from,phi_ideal_type01,phi_ideal_expressions_type01,1
idaes/models/properties/general_helmholtz/expressions/__init__.py,17,from,phi_ideal_type02,phi_ideal_expressions_type02,1
idaes/models/properties/general_helmholtz/expressions/__init__.py,18,from,phi_ideal_type03,phi_ideal_expressions_type03,1
idaes/models/properties/general_helmholtz/expressions/__init__.py,19,from,phi_ideal_type04,phi_ideal_expressions_type04,1
idaes/models/properties/general_helmholtz/expressions/__init__.py,20,from,phi_residual_type01,phi_residual_expressions_type01,1
idaes/models/properties/general_helmholtz/expressions/__init__.py,21,from,phi_residual_type02,phi_residual_expressions_type02,1
idaes/models/properties/general_helmholtz/expressions/__init__.py,22,from,phi_residual_type03,phi_residual_expressions_type03,1
idaes/models/properties/general_helmholtz/expressions/__init__.py,23,from,phi_residual_type04,phi_residual_expressions_type04,1
idaes/models/properties/general_helmholtz/expressions/__init__.py,24,from,phi_residual_type05,phi_residual_expressions_type05,1
idaes/models/properties/general_helmholtz/expressions/__init__.py,25,from,surface_tension_type01,surface_tension_type01,1
idaes/models/properties/general_helmholtz/expressions/__init__.py,26,from,sat_delta_approx,sat_delta_type01;sat_delta_type02;sat_delta_type03,1
idaes/models/properties/general_helmholtz/expressions/phi_ideal_type01.py,17,import,pyomo.environ,,0
idaes/models/properties/general_helmholtz/expressions/phi_ideal_type02.py,17,import,pyomo.environ,,0
idaes/models/properties/general_helmholtz/expressions/phi_ideal_type03.py,17,import,pyomo.environ,,0
idaes/models/properties/general_helmholtz/expressions/phi_ideal_type04.py,18,import,pyomo.environ,,0
idaes/models/properties/general_helmholtz/expressions/phi_residual_type01.py,17,import,pyomo.environ,,0
idaes/models/properties/general_helmholtz/expressions/phi_residual_type02.py,17,import,pyomo.environ,,0
idaes/models/properties/general_helmholtz/expressions/phi_residual_type03.py,17,import,pyomo.environ,,0
idaes/models/properties/general_helmholtz/expressions/phi_residual_type04.py,17,import,pyomo.environ,,0
idaes/models/properties/general_helmholtz/expressions/phi_residual_type05.py,18,import,pyomo.environ,,0
idaes/models/properties/general_helmholtz/expressions/sat_delta_approx.py,17,import,pyomo.environ,,0
idaes/models/properties/general_helmholtz/expressions/surface_tension_type01.py,17,from,idaes.core.util.math,smooth_max,0
idaes/models/properties/general_helmholtz/helmholtz_functions.py,17,import,enum,,0
idaes/models/properties/general_helmholtz/helmholtz_functions.py,18,import,ctypes,,0
idaes/models/properties/general_helmholtz/helmholtz_functions.py,19,import,os,,0
idaes/models/properties/general_helmholtz/helmholtz_functions.py,21,from,matplotlib,pyplot,0
idaes/models/properties/general_helmholtz/helmholtz_functions.py,23,import,pyomo.environ,,0
idaes/models/properties/general_helmholtz/helmholtz_functions.py,24,from,pyomo.common.fileutils,find_library,0
idaes/models/properties/general_helmholtz/helmholtz_functions.py,25,from,pyomo.common.config,ConfigValue;In,0
idaes/models/properties/general_helmholtz/helmholtz_functions.py,30,from,pyomo.common.dependencies,numpy,0
idaes/models/properties/general_helmholtz/helmholtz_functions.py,31,from,idaes.core.util.exceptions,ConfigurationError,0
idaes/models/properties/general_helmholtz/helmholtz_functions.py,32,from,idaes.core,declare_process_block_class,0
idaes/models/properties/general_helmholtz/helmholtz_functions.py,33,from,idaes.core,PhysicalParameterBlock;LiquidPhase;VaporPhase;Phase;Component,0
idaes/models/properties/general_helmholtz/helmholtz_functions.py,40,from,idaes.models.properties.general_helmholtz.components,viscosity_available;thermal_conductivity_available;surface_tension_available;component_registered,0
idaes/models/properties/general_helmholtz/helmholtz_functions.py,46,from,idaes.models.properties.general_helmholtz.components.parameters,get_parameter_path;auto_register,0
idaes/models/properties/general_helmholtz/helmholtz_functions.py,50,import,idaes.logger,,0
idaes/models/properties/general_helmholtz/helmholtz_functions.py,51,from,idaes.models.properties.general_helmholtz.helmholtz_functions_map,external_function_map,0
idaes/models/properties/general_helmholtz/helmholtz_functions.py,1478,from,idaes.models.properties.general_helmholtz.helmholtz_state,HelmholtzStateBlock,0
idaes/models/properties/general_helmholtz/helmholtz_functions_map.py,19,from,pyomo.environ,units,0
idaes/models/properties/general_helmholtz/helmholtz_parameters.py,17,import,logging,,0
idaes/models/properties/general_helmholtz/helmholtz_parameters.py,18,import,json,,0
idaes/models/properties/general_helmholtz/helmholtz_parameters.py,19,import,numpy,,0
idaes/models/properties/general_helmholtz/helmholtz_parameters.py,20,import,pyomo.environ,,0
idaes/models/properties/general_helmholtz/helmholtz_parameters.py,22,from,idaes.models.properties.general_helmholtz.expressions,phi_residual_types;phi_ideal_types;delta_sat_types;surface_tension_types,0
idaes/models/properties/general_helmholtz/helmholtz_state.py,17,import,copy,,0
idaes/models/properties/general_helmholtz/helmholtz_state.py,19,import,pyomo.environ,,0
idaes/models/properties/general_helmholtz/helmholtz_state.py,20,from,pyomo.common.collections,ComponentSet,0
idaes/models/properties/general_helmholtz/helmholtz_state.py,21,from,pyomo.environ,units,0
idaes/models/properties/general_helmholtz/helmholtz_state.py,23,from,idaes.core.util.math,smooth_max,0
idaes/models/properties/general_helmholtz/helmholtz_state.py,24,from,idaes.core,declare_process_block_class,0
idaes/models/properties/general_helmholtz/helmholtz_state.py,25,from,idaes.core,StateBlock;StateBlockData;MaterialBalanceType;EnergyBalanceType;MaterialFlowBasis,0
idaes/models/properties/general_helmholtz/helmholtz_state.py,32,from,idaes.models.properties.general_helmholtz.helmholtz_functions,add_helmholtz_external_functions;HelmholtzThermoExpressions;AmountBasis;PhaseType;StateVars;_get_data_dir,0
idaes/models/properties/general_helmholtz/helmholtz_state.py,40,from,idaes.models.properties.general_helmholtz.components,viscosity_available;thermal_conductivity_available;surface_tension_available,0
idaes/models/properties/general_helmholtz/helmholtz_state.py,45,import,idaes.core.util.scaling,,0
idaes/models/properties/general_helmholtz/helmholtz_state.py,46,import,idaes.logger,,0
idaes/models/properties/general_helmholtz/helmholtz_state.py,47,from,idaes.core.util.initialization,fix_state_vars,0
idaes/models/properties/general_helmholtz/helmholtz_state.py,48,from,idaes.core.initialization.initializer_base,InitializerBase;InitializationStatus,0
idaes/models/properties/general_helmholtz/helmholtz_state.py,52,from,idaes.core.scaling,CustomScalerBase;DefaultScalingRecommendation,0
idaes/models/properties/helmholtz/helmholtz.py,16,from,idaes.models.properties.general_helmholtz,*,0
idaes/models/properties/iapws95.py,20,from,idaes.core,declare_process_block_class,0
idaes/models/properties/iapws95.py,22,import,idaes.logger,,0
idaes/models/properties/iapws95.py,26,from,idaes.models.properties.general_helmholtz,helmholtz_available;HelmholtzParameterBlockData;HelmholtzParameterBlock;HelmholtzStateBlockData;HelmholtzThermoExpressions;PhaseType;StateVars;AmountBasis,0
idaes/models/properties/iapws95.py,37,from,idaes.models.properties.general_helmholtz.helmholtz_state,_StateBlock,0
idaes/models/properties/interrogator/__init__.py,13,from,properties_interrogator,PropertyInterrogatorBlock,1
idaes/models/properties/interrogator/__init__.py,14,from,reactions_interrogator,ReactionInterrogatorBlock,1
idaes/models/properties/interrogator/properties_interrogator.py,21,import,sys,,0
idaes/models/properties/interrogator/properties_interrogator.py,22,from,inspect,isclass,0
idaes/models/properties/interrogator/properties_interrogator.py,25,from,pyomo.environ,Set;Var;units,0
idaes/models/properties/interrogator/properties_interrogator.py,26,from,pyomo.common.config,ConfigValue,0
idaes/models/properties/interrogator/properties_interrogator.py,29,from,idaes.core,declare_process_block_class;MaterialFlowBasis;PhysicalParameterBlock;StateBlockData;StateBlock;MaterialBalanceType;EnergyBalanceType;UnitModelBlockData;Phase;LiquidPhase;VaporPhase;Component,0
idaes/models/properties/interrogator/properties_interrogator.py,43,from,idaes.core.util.exceptions,ConfigurationError,0
idaes/models/properties/interrogator/properties_interrogator.py,44,import,idaes.logger,,0
idaes/models/properties/interrogator/reactions_interrogator.py,18,import,sys,,0
idaes/models/properties/interrogator/reactions_interrogator.py,21,from,pyomo.environ,Set;Var;units,0
idaes/models/properties/interrogator/reactions_interrogator.py,24,from,idaes.core,declare_process_block_class;MaterialFlowBasis;ReactionParameterBlock;ReactionBlockDataBase;ReactionBlockBase;UnitModelBlockData,0
idaes/models/properties/interrogator/reactions_interrogator.py,32,import,idaes.logger,,0
idaes/models/properties/modular_properties/__init__.py,13,from,base.generic_property,GenericParameterBlock;GenericStateBlock,1
idaes/models/properties/modular_properties/__init__.py,14,from,base.generic_reaction,GenericReactionParameterBlock;GenericReactionBlock,1
idaes/models/properties/modular_properties/base/generic_property.py,21,from,pyomo.environ,Block;check_optimal_termination;Constraint;exp;Expression;log;Set;Param;value;Var;units;Reference,0
idaes/models/properties/modular_properties/base/generic_property.py,35,from,pyomo.common.config,ConfigBlock;ConfigDict;ConfigValue;In;Bool,0
idaes/models/properties/modular_properties/base/generic_property.py,36,from,pyomo.util.calc_var_value,calculate_variable_from_constraint,0
idaes/models/properties/modular_properties/base/generic_property.py,39,from,idaes.core,declare_process_block_class;PhysicalParameterBlock;StateBlockData;StateBlock;MaterialFlowBasis;ElectrolytePropertySet,0
idaes/models/properties/modular_properties/base/generic_property.py,47,from,idaes.core.base.components,Component;IonData;__all_components__,0
idaes/models/properties/modular_properties/base/generic_property.py,48,from,idaes.core.base.phases,Phase;AqueousPhase;LiquidPhase;VaporPhase;__all_phases__,0
idaes/models/properties/modular_properties/base/generic_property.py,55,from,idaes.core.util.initialization,fix_state_vars;revert_state_vars;solve_indexed_blocks,0
idaes/models/properties/modular_properties/base/generic_property.py,60,from,idaes.core.util.model_statistics,degrees_of_freedom;number_activated_constraints,0
idaes/models/properties/modular_properties/base/generic_property.py,64,from,idaes.core.util.exceptions,BurntToast;ConfigurationError;PropertyPackageError;PropertyNotSupportedError;InitializationError,0
idaes/models/properties/modular_properties/base/generic_property.py,71,from,idaes.core.util.misc,add_object_reference,0
idaes/models/properties/modular_properties/base/generic_property.py,72,from,idaes.core.solvers,get_solver,0
idaes/models/properties/modular_properties/base/generic_property.py,73,import,idaes.logger,,0
idaes/models/properties/modular_properties/base/generic_property.py,74,import,idaes.core.util.scaling,,0
idaes/models/properties/modular_properties/base/generic_property.py,75,from,idaes.core.initialization.initializer_base,InitializerBase,0
idaes/models/properties/modular_properties/base/generic_property.py,77,from,idaes.models.properties.modular_properties.base.generic_reaction,equil_rxn_config,0
idaes/models/properties/modular_properties/base/generic_property.py,80,from,idaes.models.properties.modular_properties.base.utility,get_method;get_phase_method;GenericPropertyPackageError;StateIndex;identify_VL_component_list;estimate_Tbub;estimate_Tdew;estimate_Pbub;estimate_Pdew;ModularPropertiesScalerBase,0
idaes/models/properties/modular_properties/base/generic_property.py,92,from,idaes.models.properties.modular_properties.phase_equil.bubble_dew,LogBubbleDew,0
idaes/models/properties/modular_properties/base/generic_property.py,95,from,idaes.models.properties.modular_properties.phase_equil.henry,HenryType,0
idaes/models/properties/modular_properties/base/generic_property.py,96,from,idaes.core.scaling,DefaultScalingRecommendation,0
idaes/models/properties/modular_properties/base/generic_reaction.py,20,from,math,log,0
idaes/models/properties/modular_properties/base/generic_reaction.py,23,from,pyomo.environ,Block;Constraint;Expression;Set;units;Var,0
idaes/models/properties/modular_properties/base/generic_reaction.py,31,from,pyomo.common.config,ConfigBlock;ConfigValue;In,0
idaes/models/properties/modular_properties/base/generic_reaction.py,32,from,pyomo.common.collections,ComponentMap,0
idaes/models/properties/modular_properties/base/generic_reaction.py,35,from,idaes.core,declare_process_block_class;ReactionParameterBlock;ReactionBlockDataBase;ReactionBlockBase;MaterialFlowBasis;ElectrolytePropertySet,0
idaes/models/properties/modular_properties/base/generic_reaction.py,43,from,idaes.models.properties.modular_properties.base.utility,ConcentrationForm;ModularPropertiesScalerBase,0
idaes/models/properties/modular_properties/base/generic_reaction.py,47,from,idaes.core.util.exceptions,BurntToast;ConfigurationError;PropertyPackageError,0
idaes/models/properties/modular_properties/base/generic_reaction.py,52,import,idaes.core.util.scaling,,0
idaes/models/properties/modular_properties/base/generic_reaction.py,54,import,idaes.logger,,0
idaes/models/properties/modular_properties/base/utility.py,23,from,enum,Enum,0
idaes/models/properties/modular_properties/base/utility.py,25,from,pyomo.environ,log;units;value,0
idaes/models/properties/modular_properties/base/utility.py,27,from,idaes.core.util.exceptions,BurntToast;ConfigurationError;PropertyPackageError,0
idaes/models/properties/modular_properties/base/utility.py,32,import,idaes.logger,,0
idaes/models/properties/modular_properties/base/utility.py,33,from,idaes.core.scaling,CustomScalerBase,0
idaes/models/properties/modular_properties/coolprop/__init__.py,13,from,coolprop_wrapper,CoolPropWrapper,1
idaes/models/properties/modular_properties/coolprop/coolprop_forms.py,17,from,pyomo.environ,exp;units;Var,0
idaes/models/properties/modular_properties/coolprop/coolprop_forms.py,18,from,pyomo.core.expr.calculus.derivatives,Modes;differentiate,0
idaes/models/properties/modular_properties/coolprop/coolprop_forms.py,20,from,idaes.core.util.exceptions,ConfigurationError,0
idaes/models/properties/modular_properties/coolprop/coolprop_wrapper.py,29,import,json,,0
idaes/models/properties/modular_properties/coolprop/coolprop_wrapper.py,31,from,pyomo.common.dependencies,attempt_import,0
idaes/models/properties/modular_properties/coolprop/coolprop_wrapper.py,32,from,pyomo.environ,units;Var,0
idaes/models/properties/modular_properties/coolprop/coolprop_wrapper.py,34,import,idaes.models.properties.modular_properties.coolprop.coolprop_forms,,0
idaes/models/properties/modular_properties/coolprop/coolprop_wrapper.py,35,from,idaes.core.util.exceptions,BurntToast,0
idaes/models/properties/modular_properties/eos/ceos.py,23,from,enum,Enum,0
idaes/models/properties/modular_properties/eos/ceos.py,24,from,copy,deepcopy,0
idaes/models/properties/modular_properties/eos/ceos.py,26,from,pyomo.environ,Constraint;exp;Expression;log;Reals;sqrt;Var,0
idaes/models/properties/modular_properties/eos/ceos.py,35,from,pyomo.common.config,ConfigBlock;ConfigValue;In,0
idaes/models/properties/modular_properties/eos/ceos.py,36,from,idaes.models.properties.modular_properties.base.utility,get_method;get_component_object,0
idaes/models/properties/modular_properties/eos/ceos.py,41,from,idaes.core.util.math,safe_log,0
idaes/models/properties/modular_properties/eos/ceos.py,43,import,idaes.logger,,0
idaes/models/properties/modular_properties/eos/ceos.py,44,from,idaes.core.util.exceptions,BurntToast;ConfigurationError;PropertyNotSupportedError,0
idaes/models/properties/modular_properties/eos/ceos.py,52,from,idaes.models.properties.modular_properties.eos.ceos_common,EoS_param;cubic_roots_available;CubicThermoExpressions;CubicType,0
idaes/models/properties/modular_properties/eos/ceos.py,58,from,eos_base,EoSBase,1
idaes/models/properties/modular_properties/eos/ceos_common.py,20,import,enum,,0
idaes/models/properties/modular_properties/eos/ceos_common.py,21,import,ctypes,,0
idaes/models/properties/modular_properties/eos/ceos_common.py,22,from,pyomo.environ,ExternalFunction;units,0
idaes/models/properties/modular_properties/eos/ceos_common.py,23,from,pyomo.common.fileutils,find_library,0
idaes/models/properties/modular_properties/eos/enrtl.py,36,from,pyomo.environ,Expression;exp;log;Set;units,0
idaes/models/properties/modular_properties/eos/enrtl.py,38,from,idaes.models.properties.modular_properties.base.utility,get_method;get_component_object,0
idaes/models/properties/modular_properties/eos/enrtl.py,42,from,idaes.models.properties.modular_properties.base.generic_property,StateIndex,0
idaes/models/properties/modular_properties/eos/enrtl.py,43,from,idaes.core.util.constants,Constants,0
idaes/models/properties/modular_properties/eos/enrtl.py,44,from,idaes.core.util.exceptions,BurntToast,0
idaes/models/properties/modular_properties/eos/enrtl.py,45,import,idaes.logger,,0
idaes/models/properties/modular_properties/eos/enrtl.py,47,from,ideal,Ideal,1
idaes/models/properties/modular_properties/eos/enrtl.py,48,from,enrtl_reference_states,Symmetric,1
idaes/models/properties/modular_properties/eos/enrtl.py,49,from,enrtl_parameters,ConstantAlpha;ConstantTau,1
idaes/models/properties/modular_properties/eos/enrtl_parameters.py,22,from,pyomo.environ,Reals;units;Var,0
idaes/models/properties/modular_properties/eos/enrtl_parameters.py,24,from,idaes.core.util.exceptions,BurntToast;ConfigurationError,0
idaes/models/properties/modular_properties/eos/enrtl_parameters.py,25,import,idaes.logger,,0
idaes/models/properties/modular_properties/eos/enrtl_reference_states.py,31,from,pyomo.environ,Expression,0
idaes/models/properties/modular_properties/eos/enrtl_reference_states.py,33,from,idaes.models.properties.modular_properties.base.utility,get_component_object,0
idaes/models/properties/modular_properties/eos/enrtl_reference_states.py,36,import,idaes.logger,,0
idaes/models/properties/modular_properties/eos/eos_base.py,23,from,pyomo.environ,units,0
idaes/models/properties/modular_properties/eos/eos_base.py,24,from,idaes.core.util.constants,Constants,0
idaes/models/properties/modular_properties/eos/eos_base.py,25,from,idaes.models.properties.modular_properties.base.utility,get_method;get_component_object,0
idaes/models/properties/modular_properties/eos/eos_base.py,29,from,idaes.core.util.exceptions,ConfigurationError,0
idaes/models/properties/modular_properties/eos/ideal.py,25,from,pyomo.environ,Expression;log,0
idaes/models/properties/modular_properties/eos/ideal.py,27,from,idaes.core,Apparent,0
idaes/models/properties/modular_properties/eos/ideal.py,28,from,idaes.core.util.exceptions,ConfigurationError;PropertyNotSupportedError,0
idaes/models/properties/modular_properties/eos/ideal.py,29,from,idaes.models.properties.modular_properties.base.utility,get_method;get_component_object,0
idaes/models/properties/modular_properties/eos/ideal.py,33,from,idaes.models.properties.modular_properties.phase_equil.henry,henry_pressure;log_henry_pressure,0
idaes/models/properties/modular_properties/eos/ideal.py,37,from,idaes.core.scaling,CustomScalerBase,0
idaes/models/properties/modular_properties/eos/ideal.py,38,from,eos_base,EoSBase,1
idaes/models/properties/modular_properties/examples/ASU_PR.py,35,import,logging,,0
idaes/models/properties/modular_properties/examples/ASU_PR.py,38,from,pyomo.environ,units,0
idaes/models/properties/modular_properties/examples/ASU_PR.py,41,from,idaes.core,LiquidPhase;VaporPhase;Component,0
idaes/models/properties/modular_properties/examples/ASU_PR.py,43,from,idaes.models.properties.modular_properties.state_definitions,FTPx,0
idaes/models/properties/modular_properties/examples/ASU_PR.py,44,from,idaes.models.properties.modular_properties.eos.ceos,Cubic;CubicType,0
idaes/models/properties/modular_properties/examples/ASU_PR.py,45,from,idaes.models.properties.modular_properties.phase_equil,SmoothVLE,0
idaes/models/properties/modular_properties/examples/ASU_PR.py,46,from,idaes.models.properties.modular_properties.phase_equil.bubble_dew,LogBubbleDew,0
idaes/models/properties/modular_properties/examples/ASU_PR.py,49,from,idaes.models.properties.modular_properties.phase_equil.forms,log_fugacity,0
idaes/models/properties/modular_properties/examples/ASU_PR.py,50,from,idaes.models.properties.modular_properties.pure,RPP4,0
idaes/models/properties/modular_properties/examples/ASU_PR.py,51,from,idaes.models.properties.modular_properties.pure,NIST,0
idaes/models/properties/modular_properties/examples/ASU_PR.py,52,from,idaes.models.properties.modular_properties.pure,RPP3,0
idaes/models/properties/modular_properties/examples/BT_PR.py,25,import,logging,,0
idaes/models/properties/modular_properties/examples/BT_PR.py,28,from,pyomo.environ,units,0
idaes/models/properties/modular_properties/examples/BT_PR.py,31,from,idaes.core,LiquidPhase;VaporPhase;Component,0
idaes/models/properties/modular_properties/examples/BT_PR.py,33,from,idaes.models.properties.modular_properties.state_definitions,FTPx,0
idaes/models/properties/modular_properties/examples/BT_PR.py,34,from,idaes.models.properties.modular_properties.eos.ceos,Cubic;CubicType,0
idaes/models/properties/modular_properties/examples/BT_PR.py,35,from,idaes.models.properties.modular_properties.phase_equil,CubicComplementarityVLE,0
idaes/models/properties/modular_properties/examples/BT_PR.py,38,from,idaes.models.properties.modular_properties.phase_equil.bubble_dew,LogBubbleDew,0
idaes/models/properties/modular_properties/examples/BT_PR.py,41,from,idaes.models.properties.modular_properties.phase_equil.forms,log_fugacity,0
idaes/models/properties/modular_properties/examples/BT_PR.py,42,from,idaes.models.properties.modular_properties.pure,RPP4,0
idaes/models/properties/modular_properties/examples/BT_ideal.py,24,from,pyomo.environ,units,0
idaes/models/properties/modular_properties/examples/BT_ideal.py,27,from,idaes.core,LiquidPhase;VaporPhase;Component,0
idaes/models/properties/modular_properties/examples/BT_ideal.py,28,import,idaes.logger,,0
idaes/models/properties/modular_properties/examples/BT_ideal.py,30,from,idaes.models.properties.modular_properties.state_definitions,FTPx,0
idaes/models/properties/modular_properties/examples/BT_ideal.py,31,from,idaes.models.properties.modular_properties.eos.ideal,Ideal,0
idaes/models/properties/modular_properties/examples/BT_ideal.py,32,from,idaes.models.properties.modular_properties.phase_equil,SmoothVLE,0
idaes/models/properties/modular_properties/examples/BT_ideal.py,33,from,idaes.models.properties.modular_properties.phase_equil.bubble_dew,IdealBubbleDew,0
idaes/models/properties/modular_properties/examples/BT_ideal.py,36,from,idaes.models.properties.modular_properties.phase_equil.forms,fugacity,0
idaes/models/properties/modular_properties/examples/BT_ideal.py,37,from,idaes.models.properties.modular_properties.pure,Perrys,0
idaes/models/properties/modular_properties/examples/BT_ideal.py,38,from,idaes.models.properties.modular_properties.pure,RPP4,0
idaes/models/properties/modular_properties/examples/CO2_H2O_Ideal_VLE.py,21,import,logging,,0
idaes/models/properties/modular_properties/examples/CO2_H2O_Ideal_VLE.py,23,from,pyomo.environ,units,0
idaes/models/properties/modular_properties/examples/CO2_H2O_Ideal_VLE.py,26,from,idaes.core,LiquidPhase;VaporPhase;Component;PhaseType,0
idaes/models/properties/modular_properties/examples/CO2_H2O_Ideal_VLE.py,28,from,idaes.models.properties.modular_properties.state_definitions,FTPx,0
idaes/models/properties/modular_properties/examples/CO2_H2O_Ideal_VLE.py,29,from,idaes.models.properties.modular_properties.eos.ideal,Ideal,0
idaes/models/properties/modular_properties/examples/CO2_H2O_Ideal_VLE.py,30,from,idaes.models.properties.modular_properties.phase_equil,SmoothVLE,0
idaes/models/properties/modular_properties/examples/CO2_H2O_Ideal_VLE.py,31,from,idaes.models.properties.modular_properties.phase_equil.bubble_dew,IdealBubbleDew,0
idaes/models/properties/modular_properties/examples/CO2_H2O_Ideal_VLE.py,34,from,idaes.models.properties.modular_properties.phase_equil.forms,fugacity,0
idaes/models/properties/modular_properties/examples/CO2_H2O_Ideal_VLE.py,36,from,idaes.models.properties.modular_properties.pure.Perrys,Perrys,0
idaes/models/properties/modular_properties/examples/CO2_H2O_Ideal_VLE.py,37,from,idaes.models.properties.modular_properties.pure.NIST,NIST,0
idaes/models/properties/modular_properties/examples/CO2_bmimPF6_PR.py,24,import,logging,,0
idaes/models/properties/modular_properties/examples/CO2_bmimPF6_PR.py,27,from,pyomo.environ,units,0
idaes/models/properties/modular_properties/examples/CO2_bmimPF6_PR.py,30,from,idaes.core,LiquidPhase;VaporPhase;Component;PhaseType,0
idaes/models/properties/modular_properties/examples/CO2_bmimPF6_PR.py,31,from,idaes.models.properties.modular_properties.state_definitions,FTPx,0
idaes/models/properties/modular_properties/examples/CO2_bmimPF6_PR.py,32,from,idaes.models.properties.modular_properties.eos.ceos,Cubic;CubicType,0
idaes/models/properties/modular_properties/examples/CO2_bmimPF6_PR.py,33,from,idaes.models.properties.modular_properties.phase_equil,SmoothVLE,0
idaes/models/properties/modular_properties/examples/CO2_bmimPF6_PR.py,34,from,idaes.models.properties.modular_properties.phase_equil.bubble_dew,LogBubbleDew,0
idaes/models/properties/modular_properties/examples/CO2_bmimPF6_PR.py,37,from,idaes.models.properties.modular_properties.phase_equil.forms,log_fugacity,0
idaes/models/properties/modular_properties/examples/CO2_bmimPF6_PR.py,39,from,idaes.models.properties.modular_properties.pure,RPP4,0
idaes/models/properties/modular_properties/examples/CO2_bmimPF6_PR.py,40,from,idaes.models.properties.modular_properties.pure,NIST,0
idaes/models/properties/modular_properties/examples/HC_PR.py,26,import,logging,,0
idaes/models/properties/modular_properties/examples/HC_PR.py,29,from,pyomo.environ,units,0
idaes/models/properties/modular_properties/examples/HC_PR.py,32,from,idaes.core,LiquidPhase;VaporPhase;Component;PhaseType,0
idaes/models/properties/modular_properties/examples/HC_PR.py,33,from,idaes.models.properties.modular_properties.state_definitions,FTPx,0
idaes/models/properties/modular_properties/examples/HC_PR.py,34,from,idaes.models.properties.modular_properties.eos.ceos,Cubic;CubicType,0
idaes/models/properties/modular_properties/examples/HC_PR.py,35,from,idaes.models.properties.modular_properties.phase_equil,SmoothVLE,0
idaes/models/properties/modular_properties/examples/HC_PR.py,36,from,idaes.models.properties.modular_properties.phase_equil.bubble_dew,LogBubbleDew,0
idaes/models/properties/modular_properties/examples/HC_PR.py,39,from,idaes.models.properties.modular_properties.phase_equil.forms,log_fugacity,0
idaes/models/properties/modular_properties/examples/HC_PR.py,41,from,idaes.models.properties.modular_properties.pure,Perrys,0
idaes/models/properties/modular_properties/examples/HC_PR.py,42,from,idaes.models.properties.modular_properties.pure,RPP4,0
idaes/models/properties/modular_properties/examples/HC_PR.py,43,from,idaes.models.properties.modular_properties.pure,RPP5,0
idaes/models/properties/modular_properties/examples/HC_PR_vap.py,26,import,logging,,0
idaes/models/properties/modular_properties/examples/HC_PR_vap.py,29,from,pyomo.environ,units,0
idaes/models/properties/modular_properties/examples/HC_PR_vap.py,32,from,idaes.core,VaporPhase;Component;PhaseType,0
idaes/models/properties/modular_properties/examples/HC_PR_vap.py,33,from,idaes.models.properties.modular_properties.state_definitions,FTPx,0
idaes/models/properties/modular_properties/examples/HC_PR_vap.py,34,from,idaes.models.properties.modular_properties.eos.ceos,Cubic;CubicType,0
idaes/models/properties/modular_properties/examples/HC_PR_vap.py,35,from,idaes.models.properties.modular_properties.phase_equil.forms,log_fugacity,0
idaes/models/properties/modular_properties/examples/HC_PR_vap.py,37,from,idaes.models.properties.modular_properties.pure,Perrys,0
idaes/models/properties/modular_properties/examples/HC_PR_vap.py,38,from,idaes.models.properties.modular_properties.pure,RPP4,0
idaes/models/properties/modular_properties/examples/HC_PR_vap.py,39,from,idaes.models.properties.modular_properties.pure,RPP5,0
idaes/models/properties/modular_properties/examples/enrtl_H2O_NaCl_KCl.py,33,import,pyomo.environ,,0
idaes/models/properties/modular_properties/examples/enrtl_H2O_NaCl_KCl.py,35,from,idaes.core,AqueousPhase;Solvent;Apparent;Anion;Cation,0
idaes/models/properties/modular_properties/examples/enrtl_H2O_NaCl_KCl.py,36,from,idaes.models.properties.modular_properties.eos.enrtl,ENRTL,0
idaes/models/properties/modular_properties/examples/enrtl_H2O_NaCl_KCl.py,37,from,idaes.models.properties.modular_properties.eos.enrtl_reference_states,Symmetric,0
idaes/models/properties/modular_properties/examples/enrtl_H2O_NaCl_KCl.py,40,from,idaes.models.properties.modular_properties.base.generic_property,StateIndex,0
idaes/models/properties/modular_properties/examples/enrtl_H2O_NaCl_KCl.py,43,from,idaes.models.properties.modular_properties.state_definitions,FTPx,0
idaes/models/properties/modular_properties/examples/enrtl_H2O_NaCl_KCl.py,44,from,idaes.models.properties.modular_properties.pure.electrolyte,relative_permittivity_constant,0
idaes/models/properties/modular_properties/examples/enrtl_NaBr_mixed_solvent.py,24,import,pyomo.environ,,0
idaes/models/properties/modular_properties/examples/enrtl_NaBr_mixed_solvent.py,26,from,idaes.core,AqueousPhase;Solvent;Apparent;Anion;Cation,0
idaes/models/properties/modular_properties/examples/enrtl_NaBr_mixed_solvent.py,27,from,idaes.models.properties.modular_properties.eos.enrtl,ENRTL,0
idaes/models/properties/modular_properties/examples/enrtl_NaBr_mixed_solvent.py,28,from,idaes.models.properties.modular_properties.base.generic_property,StateIndex,0
idaes/models/properties/modular_properties/examples/enrtl_NaBr_mixed_solvent.py,31,from,idaes.models.properties.modular_properties.state_definitions,FTPx,0
idaes/models/properties/modular_properties/examples/enrtl_NaBr_mixed_solvent.py,32,from,idaes.models.properties.modular_properties.pure.electrolyte,relative_permittivity_constant,0
idaes/models/properties/modular_properties/examples/reactions/reaction_example.py,22,from,pyomo.environ,units,0
idaes/models/properties/modular_properties/examples/reactions/reaction_example.py,24,from,idaes.core,LiquidPhase;Component,0
idaes/models/properties/modular_properties/examples/reactions/reaction_example.py,26,from,idaes.models.properties.modular_properties.state_definitions,FcTP,0
idaes/models/properties/modular_properties/examples/reactions/reaction_example.py,27,from,idaes.models.properties.modular_properties.eos.ideal,Ideal,0
idaes/models/properties/modular_properties/examples/reactions/reaction_example.py,29,from,idaes.models.properties.modular_properties.base.utility,ConcentrationForm,0
idaes/models/properties/modular_properties/examples/reactions/reaction_example.py,30,from,idaes.models.properties.modular_properties.reactions.dh_rxn,constant_dh_rxn,0
idaes/models/properties/modular_properties/examples/reactions/reaction_example.py,31,from,idaes.models.properties.modular_properties.reactions.rate_constant,arrhenius,0
idaes/models/properties/modular_properties/examples/reactions/reaction_example.py,32,from,idaes.models.properties.modular_properties.reactions.rate_forms,power_law_rate,0
idaes/models/properties/modular_properties/examples/reactions/reaction_example.py,35,from,idaes.models.properties.modular_properties.reactions.equilibrium_constant,van_t_hoff,0
idaes/models/properties/modular_properties/examples/reactions/reaction_example.py,38,from,idaes.models.properties.modular_properties.reactions.equilibrium_forms,power_law_equil,0
idaes/models/properties/modular_properties/examples/reactions/reaction_example.py,44,import,idaes.models.properties.modular_properties.pure.Perrys,,0
idaes/models/properties/modular_properties/phase_equil/__init__.py,13,from,smooth_VLE,SmoothVLE,1
idaes/models/properties/modular_properties/phase_equil/__init__.py,14,from,smooth_VLE_2,CubicComplementarityVLE,1
idaes/models/properties/modular_properties/phase_equil/bubble_dew.py,22,from,pyomo.environ,Constraint,0
idaes/models/properties/modular_properties/phase_equil/bubble_dew.py,24,from,idaes.models.properties.modular_properties.base.utility,get_method;get_component_object;identify_VL_component_list,0
idaes/models/properties/modular_properties/phase_equil/bubble_dew.py,29,import,idaes.core.util.scaling,,0
idaes/models/properties/modular_properties/phase_equil/bubble_dew.py,30,from,idaes.core.util.exceptions,ConfigurationError,0
idaes/models/properties/modular_properties/phase_equil/bubble_dew.py,31,from,idaes.core.scaling,ConstraintScalingScheme;CustomScalerBase,0
idaes/models/properties/modular_properties/phase_equil/forms.py,20,import,idaes.core.util.scaling,,0
idaes/models/properties/modular_properties/phase_equil/forms.py,21,from,idaes.core.scaling,CustomScalerBase,0
idaes/models/properties/modular_properties/phase_equil/henry.py,26,from,enum,Enum,0
idaes/models/properties/modular_properties/phase_equil/henry.py,28,from,pyomo.environ,log;Var,0
idaes/models/properties/modular_properties/phase_equil/henry.py,30,from,idaes.models.properties.modular_properties.base.utility,StateIndex,0
idaes/models/properties/modular_properties/phase_equil/henry.py,31,from,idaes.core.util.exceptions,ConfigurationError,0
idaes/models/properties/modular_properties/phase_equil/smooth_VLE.py,25,from,pyomo.environ,Constraint;Param;Var;value,0
idaes/models/properties/modular_properties/phase_equil/smooth_VLE.py,26,from,idaes.core.util.math,smooth_max;smooth_min,0
idaes/models/properties/modular_properties/phase_equil/smooth_VLE.py,27,from,idaes.models.properties.modular_properties.base.utility,identify_VL_component_list,0
idaes/models/properties/modular_properties/phase_equil/smooth_VLE.py,30,import,idaes.core.util.scaling,,0
idaes/models/properties/modular_properties/phase_equil/smooth_VLE.py,31,from,idaes.core.scaling,CustomScalerBase,0
idaes/models/properties/modular_properties/phase_equil/smooth_VLE_2.py,21,from,pyomo.environ,Constraint;Expression;Param;Set;units;Var;value,0
idaes/models/properties/modular_properties/phase_equil/smooth_VLE_2.py,31,from,idaes.core.util.exceptions,ConfigurationError,0
idaes/models/properties/modular_properties/phase_equil/smooth_VLE_2.py,32,from,idaes.core.util.math,smooth_min,0
idaes/models/properties/modular_properties/phase_equil/smooth_VLE_2.py,33,from,idaes.models.properties.modular_properties.base.utility,identify_VL_component_list,0
idaes/models/properties/modular_properties/phase_equil/smooth_VLE_2.py,36,from,idaes.models.properties.modular_properties.base.utility,estimate_Tbub;estimate_Tdew,0
idaes/models/properties/modular_properties/phase_equil/smooth_VLE_2.py,40,from,idaes.models.properties.modular_properties.eos.ceos,calculate_equilibrium_cubic_coefficients,0
idaes/models/properties/modular_properties/phase_equil/smooth_VLE_2.py,43,import,idaes.core.util.scaling,,0
idaes/models/properties/modular_properties/phase_equil/smooth_VLE_2.py,44,from,idaes.core.scaling,CustomScalerBase,0
idaes/models/properties/modular_properties/pure/ChapmanEnskog.py,21,from,pyomo.environ,Var;units,0
idaes/models/properties/modular_properties/pure/ChapmanEnskog.py,22,import,pyomo.environ,,0
idaes/models/properties/modular_properties/pure/ChapmanEnskog.py,24,from,idaes.core.util.misc,set_param_from_config,0
idaes/models/properties/modular_properties/pure/ChungPure.py,21,from,pyomo.environ,Var;units,0
idaes/models/properties/modular_properties/pure/ChungPure.py,22,import,pyomo.environ,,0
idaes/models/properties/modular_properties/pure/ChungPure.py,24,from,idaes.core.util.misc,set_param_from_config,0
idaes/models/properties/modular_properties/pure/ChungPure.py,25,from,idaes.models.properties.modular_properties.pure.ChapmanEnskog,collision_integral_neufeld_callback,0
idaes/models/properties/modular_properties/pure/ConstantProperties.py,22,from,pyomo.environ,log;Var,0
idaes/models/properties/modular_properties/pure/ConstantProperties.py,24,from,idaes.core.util.misc,set_param_from_config,0
idaes/models/properties/modular_properties/pure/Eucken.py,21,from,pyomo.environ,Var;units,0
idaes/models/properties/modular_properties/pure/Eucken.py,22,from,idaes.core.util.misc,set_param_from_config,0
idaes/models/properties/modular_properties/pure/Eucken.py,23,from,idaes.core.util.constants,Constants,0
idaes/models/properties/modular_properties/pure/Eucken.py,24,from,idaes.core.util.exceptions,ConfigurationError,0
idaes/models/properties/modular_properties/pure/NIST.py,27,from,pyomo.environ,Expression;log;Var;units,0
idaes/models/properties/modular_properties/pure/NIST.py,29,from,idaes.core.util.misc,set_param_from_config,0
idaes/models/properties/modular_properties/pure/Perrys.py,26,from,pyomo.environ,log;Var;Param;units,0
idaes/models/properties/modular_properties/pure/Perrys.py,28,from,idaes.core.util.misc,set_param_from_config,0
idaes/models/properties/modular_properties/pure/Perrys.py,30,from,idaes.core.util.exceptions,ConfigurationError,0
idaes/models/properties/modular_properties/pure/Perrys.py,31,import,idaes.logger,,0
idaes/models/properties/modular_properties/pure/RPP3.py,26,from,pyomo.environ,exp;log;Var;units,0
idaes/models/properties/modular_properties/pure/RPP3.py,28,from,idaes.core.util.misc,set_param_from_config,0
idaes/models/properties/modular_properties/pure/RPP4.py,26,from,pyomo.environ,exp;log;Var;units,0
idaes/models/properties/modular_properties/pure/RPP4.py,28,from,idaes.core.util.misc,set_param_from_config,0
idaes/models/properties/modular_properties/pure/RPP5.py,26,from,pyomo.environ,log;Var;units,0
idaes/models/properties/modular_properties/pure/RPP5.py,28,from,idaes.core.util.misc,set_param_from_config,0
idaes/models/properties/modular_properties/pure/RPP5.py,30,from,idaes.core.util.constants,Constants,0
idaes/models/properties/modular_properties/pure/__init__.py,13,from,NIST,NIST,1
idaes/models/properties/modular_properties/pure/__init__.py,14,from,Perrys,Perrys,1
idaes/models/properties/modular_properties/pure/__init__.py,15,from,RPP3,RPP3,1
idaes/models/properties/modular_properties/pure/__init__.py,16,from,RPP4,RPP4,1
idaes/models/properties/modular_properties/pure/__init__.py,17,from,RPP5,RPP5,1
idaes/models/properties/modular_properties/pure/__init__.py,18,from,ConstantProperties,Constant,1
idaes/models/properties/modular_properties/pure/__init__.py,19,from,electrolyte,relative_permittivity_constant,1
idaes/models/properties/modular_properties/pure/__init__.py,20,from,ChapmanEnskog,ChapmanEnskogLennardJones,1
idaes/models/properties/modular_properties/pure/__init__.py,21,from,ChungPure,ChungViscosityPure,1
idaes/models/properties/modular_properties/pure/__init__.py,22,from,Eucken,Eucken,1
idaes/models/properties/modular_properties/pure/electrolyte.py,20,from,pyomo.environ,Var;units,0
idaes/models/properties/modular_properties/pure/electrolyte.py,22,from,idaes.core.util.misc,set_param_from_config,0
idaes/models/properties/modular_properties/reactions/dh_rxn.py,20,from,pyomo.environ,units;Var;value,0
idaes/models/properties/modular_properties/reactions/dh_rxn.py,22,from,idaes.core,MaterialFlowBasis,0
idaes/models/properties/modular_properties/reactions/dh_rxn.py,23,from,idaes.core.scaling,CustomScalerBase,0
idaes/models/properties/modular_properties/reactions/dh_rxn.py,24,from,idaes.core.util.constants,Constants,0
idaes/models/properties/modular_properties/reactions/dh_rxn.py,25,from,idaes.core.util.misc,set_param_from_config,0
idaes/models/properties/modular_properties/reactions/equilibrium_constant.py,23,from,pyomo.environ,exp;log;Var;units;value,0
idaes/models/properties/modular_properties/reactions/equilibrium_constant.py,25,from,idaes.models.properties.modular_properties.base.utility,ConcentrationForm,0
idaes/models/properties/modular_properties/reactions/equilibrium_constant.py,26,from,idaes.core.util.misc,set_param_from_config,0
idaes/models/properties/modular_properties/reactions/equilibrium_constant.py,27,from,idaes.core.util.constants,Constants,0
idaes/models/properties/modular_properties/reactions/equilibrium_constant.py,28,from,idaes.core.util.exceptions,BurntToast;ConfigurationError,0
idaes/models/properties/modular_properties/reactions/equilibrium_constant.py,29,from,idaes.core.scaling,CustomScalerBase,0
idaes/models/properties/modular_properties/reactions/equilibrium_constant.py,30,from,dh_rxn,constant_dh_rxn,1
idaes/models/properties/modular_properties/reactions/equilibrium_forms.py,23,from,pyomo.environ,Param;units;value,0
idaes/models/properties/modular_properties/reactions/equilibrium_forms.py,25,from,idaes.core.util.math,smooth_max,0
idaes/models/properties/modular_properties/reactions/equilibrium_forms.py,26,from,idaes.core.util.exceptions,ConfigurationError,0
idaes/models/properties/modular_properties/reactions/equilibrium_forms.py,28,from,idaes.models.properties.modular_properties.base.utility,get_concentration_term,0
idaes/models/properties/modular_properties/reactions/equilibrium_forms.py,31,from,idaes.core.scaling,CustomScalerBase,0
idaes/models/properties/modular_properties/reactions/rate_constant.py,23,from,pyomo.environ,exp;Var;units,0
idaes/models/properties/modular_properties/reactions/rate_constant.py,25,from,idaes.core,MaterialFlowBasis,0
idaes/models/properties/modular_properties/reactions/rate_constant.py,26,from,idaes.models.properties.modular_properties.base.utility,ConcentrationForm,0
idaes/models/properties/modular_properties/reactions/rate_constant.py,27,from,idaes.core.util.misc,set_param_from_config,0
idaes/models/properties/modular_properties/reactions/rate_constant.py,28,from,idaes.core.util.constants,Constants,0
idaes/models/properties/modular_properties/reactions/rate_constant.py,29,from,idaes.core.util.exceptions,BurntToast;ConfigurationError,0
idaes/models/properties/modular_properties/reactions/rate_forms.py,20,from,idaes.models.properties.modular_properties.base.utility,get_concentration_term,0
idaes/models/properties/modular_properties/state_definitions/FPhx.py,26,from,types,MethodType,0
idaes/models/properties/modular_properties/state_definitions/FPhx.py,27,from,pyomo.environ,Constraint;Expression;Var;units,0
idaes/models/properties/modular_properties/state_definitions/FPhx.py,34,from,idaes.core,MaterialFlowBasis;MaterialBalanceType;EnergyBalanceType,0
idaes/models/properties/modular_properties/state_definitions/FPhx.py,35,from,idaes.models.properties.modular_properties.base.utility,get_bounds_from_config,0
idaes/models/properties/modular_properties/state_definitions/FPhx.py,38,from,idaes.models.properties.modular_properties.state_definitions.FTPx,state_initialization;FTPxScaler,0
idaes/models/properties/modular_properties/state_definitions/FPhx.py,42,from,idaes.core.util.exceptions,ConfigurationError,0
idaes/models/properties/modular_properties/state_definitions/FPhx.py,43,import,idaes.logger,,0
idaes/models/properties/modular_properties/state_definitions/FPhx.py,44,import,idaes.core.util.scaling,,0
idaes/models/properties/modular_properties/state_definitions/FPhx.py,45,from,electrolyte_states,define_electrolyte_state;calculate_electrolyte_scaling,1
idaes/models/properties/modular_properties/state_definitions/FTPx.py,26,from,types,MethodType,0
idaes/models/properties/modular_properties/state_definitions/FTPx.py,27,from,pyomo.environ,Constraint;Expression;Var;value;units,0
idaes/models/properties/modular_properties/state_definitions/FTPx.py,35,from,idaes.core,MaterialFlowBasis;MaterialBalanceType;EnergyBalanceType,0
idaes/models/properties/modular_properties/state_definitions/FTPx.py,37,from,idaes.models.properties.modular_properties.base.utility,get_bounds_from_config;get_method;GenericPropertyPackageError;identify_VL_component_list,0
idaes/models/properties/modular_properties/state_definitions/FTPx.py,43,from,idaes.models.properties.modular_properties.phase_equil.henry,HenryType;henry_equilibrium_ratio,0
idaes/models/properties/modular_properties/state_definitions/FTPx.py,47,from,idaes.core.util.exceptions,ConfigurationError;InitializationError,0
idaes/models/properties/modular_properties/state_definitions/FTPx.py,51,import,idaes.logger,,0
idaes/models/properties/modular_properties/state_definitions/FTPx.py,52,import,idaes.core.util.scaling,,0
idaes/models/properties/modular_properties/state_definitions/FTPx.py,53,from,idaes.core.scaling,CustomScalerBase;ConstraintScalingScheme,0
idaes/models/properties/modular_properties/state_definitions/FTPx.py,57,from,electrolyte_states,define_electrolyte_state;calculate_electrolyte_scaling,1
idaes/models/properties/modular_properties/state_definitions/FcPh.py,26,from,types,MethodType,0
idaes/models/properties/modular_properties/state_definitions/FcPh.py,27,from,pyomo.environ,Constraint;Expression;Var;units,0
idaes/models/properties/modular_properties/state_definitions/FcPh.py,34,from,idaes.core,MaterialFlowBasis;MaterialBalanceType;EnergyBalanceType,0
idaes/models/properties/modular_properties/state_definitions/FcPh.py,36,from,idaes.models.properties.modular_properties.state_definitions.FTPx,state_initialization;FTPxScaler,0
idaes/models/properties/modular_properties/state_definitions/FcPh.py,40,from,idaes.models.properties.modular_properties.base.utility,get_bounds_from_config,0
idaes/models/properties/modular_properties/state_definitions/FcPh.py,43,from,idaes.core.util.exceptions,ConfigurationError,0
idaes/models/properties/modular_properties/state_definitions/FcPh.py,44,import,idaes.logger,,0
idaes/models/properties/modular_properties/state_definitions/FcPh.py,45,import,idaes.core.util.scaling,,0
idaes/models/properties/modular_properties/state_definitions/FcPh.py,46,from,electrolyte_states,define_electrolyte_state;calculate_electrolyte_scaling,1
idaes/models/properties/modular_properties/state_definitions/FcTP.py,26,from,types,MethodType,0
idaes/models/properties/modular_properties/state_definitions/FcTP.py,27,from,pyomo.environ,Constraint;Expression;Var;units,0
idaes/models/properties/modular_properties/state_definitions/FcTP.py,34,from,idaes.core,MaterialFlowBasis;MaterialBalanceType;EnergyBalanceType,0
idaes/models/properties/modular_properties/state_definitions/FcTP.py,35,from,idaes.core.scaling,ConstraintScalingScheme,0
idaes/models/properties/modular_properties/state_definitions/FcTP.py,39,from,idaes.models.properties.modular_properties.state_definitions.FTPx,state_initialization;FTPxScaler,0
idaes/models/properties/modular_properties/state_definitions/FcTP.py,43,from,idaes.models.properties.modular_properties.base.utility,get_bounds_from_config,0
idaes/models/properties/modular_properties/state_definitions/FcTP.py,46,from,idaes.core.util.exceptions,ConfigurationError,0
idaes/models/properties/modular_properties/state_definitions/FcTP.py,47,import,idaes.logger,,0
idaes/models/properties/modular_properties/state_definitions/FcTP.py,48,import,idaes.core.util.scaling,,0
idaes/models/properties/modular_properties/state_definitions/FcTP.py,49,from,electrolyte_states,define_electrolyte_state;calculate_electrolyte_scaling,1
idaes/models/properties/modular_properties/state_definitions/FpTPxpc.py,24,from,types,MethodType,0
idaes/models/properties/modular_properties/state_definitions/FpTPxpc.py,25,from,pyomo.environ,Constraint;Expression;Var;units,0
idaes/models/properties/modular_properties/state_definitions/FpTPxpc.py,31,from,pyomo.util.calc_var_value,calculate_variable_from_constraint,0
idaes/models/properties/modular_properties/state_definitions/FpTPxpc.py,33,from,idaes.core,MaterialFlowBasis;MaterialBalanceType;EnergyBalanceType,0
idaes/models/properties/modular_properties/state_definitions/FpTPxpc.py,34,from,idaes.models.properties.modular_properties.base.utility,get_bounds_from_config,0
idaes/models/properties/modular_properties/state_definitions/FpTPxpc.py,38,from,idaes.core.util.exceptions,ConfigurationError,0
idaes/models/properties/modular_properties/state_definitions/FpTPxpc.py,39,import,idaes.logger,,0
idaes/models/properties/modular_properties/state_definitions/FpTPxpc.py,40,import,idaes.core.util.scaling,,0
idaes/models/properties/modular_properties/state_definitions/FpTPxpc.py,41,from,electrolyte_states,define_electrolyte_state;calculate_electrolyte_scaling,1
idaes/models/properties/modular_properties/state_definitions/FpcTP.py,26,from,types,MethodType,0
idaes/models/properties/modular_properties/state_definitions/FpcTP.py,27,from,pyomo.environ,Constraint;Expression;Var;value;units,0
idaes/models/properties/modular_properties/state_definitions/FpcTP.py,35,from,idaes.core,MaterialFlowBasis;MaterialBalanceType;EnergyBalanceType,0
idaes/models/properties/modular_properties/state_definitions/FpcTP.py,36,from,idaes.models.properties.modular_properties.base.utility,get_bounds_from_config,0
idaes/models/properties/modular_properties/state_definitions/FpcTP.py,39,from,idaes.core.util.exceptions,ConfigurationError,0
idaes/models/properties/modular_properties/state_definitions/FpcTP.py,40,import,idaes.logger,,0
idaes/models/properties/modular_properties/state_definitions/FpcTP.py,41,import,idaes.core.util.scaling,,0
idaes/models/properties/modular_properties/state_definitions/FpcTP.py,42,from,idaes.models.properties.modular_properties.state_definitions.FTPx,FTPxScaler,0
idaes/models/properties/modular_properties/state_definitions/FpcTP.py,43,from,electrolyte_states,define_electrolyte_state;calculate_electrolyte_scaling,1
idaes/models/properties/modular_properties/state_definitions/__init__.py,13,from,FTPx,FTPx,1
idaes/models/properties/modular_properties/state_definitions/__init__.py,14,from,FcPh,FcPh,1
idaes/models/properties/modular_properties/state_definitions/__init__.py,15,from,FcTP,FcTP,1
idaes/models/properties/modular_properties/state_definitions/__init__.py,16,from,FpcTP,FpcTP,1
idaes/models/properties/modular_properties/state_definitions/__init__.py,17,from,FPhx,FPhx,1
idaes/models/properties/modular_properties/state_definitions/electrolyte_states.py,23,from,pyomo.environ,Constraint;Reference;units;Var,0
idaes/models/properties/modular_properties/state_definitions/electrolyte_states.py,25,from,idaes.models.properties.modular_properties.base.generic_property,StateIndex,0
idaes/models/properties/modular_properties/state_definitions/electrolyte_states.py,26,from,idaes.models.properties.modular_properties.base.utility,get_bounds_from_config,0
idaes/models/properties/modular_properties/state_definitions/electrolyte_states.py,29,from,idaes.core.util.exceptions,BurntToast,0
idaes/models/properties/modular_properties/state_definitions/electrolyte_states.py,30,from,idaes.core.util.misc,add_object_reference,0
idaes/models/properties/modular_properties/state_definitions/electrolyte_states.py,31,from,idaes.core.base.components,IonData;ApparentData,0
idaes/models/properties/modular_properties/state_definitions/electrolyte_states.py,32,import,idaes.logger,,0
idaes/models/properties/modular_properties/state_definitions/electrolyte_states.py,33,import,idaes.core.util.scaling,,0
idaes/models/properties/modular_properties/transport_properties/__init__.py,13,from,thermal_conductivity_wms,ThermalConductivityWMS,1
idaes/models/properties/modular_properties/transport_properties/__init__.py,14,from,viscosity_wilke,ViscosityWilke,1
idaes/models/properties/modular_properties/transport_properties/__init__.py,15,from,no_method,NoMethod,1
idaes/models/properties/modular_properties/transport_properties/no_method.py,19,from,pyomo.environ,Expression,0
idaes/models/properties/modular_properties/transport_properties/no_method.py,20,import,idaes.logger,,0
idaes/models/properties/modular_properties/transport_properties/thermal_conductivity_wms.py,21,from,idaes.models.properties.modular_properties.transport_properties.viscosity_wilke,ViscosityWilke,0
idaes/models/properties/modular_properties/transport_properties/viscosity_wilke.py,24,import,pyomo.environ,,0
idaes/models/properties/swco2.py,20,from,idaes.core,declare_process_block_class,0
idaes/models/properties/swco2.py,22,import,idaes.logger,,0
idaes/models/properties/swco2.py,26,from,idaes.models.properties.general_helmholtz,helmholtz_available;HelmholtzParameterBlockData;HelmholtzParameterBlock;HelmholtzStateBlockData;HelmholtzThermoExpressions;PhaseType;StateVars;AmountBasis,0
idaes/models/properties/swco2.py,37,from,idaes.models.properties.general_helmholtz.helmholtz_state,_StateBlock,0
idaes/models/unit_models/__init__.py,13,from,cstr,CSTR,1
idaes/models/unit_models/__init__.py,14,from,equilibrium_reactor,EquilibriumReactor,1
idaes/models/unit_models/__init__.py,15,from,feed,Feed;FeedInitializer,1
idaes/models/unit_models/__init__.py,16,from,feed_flash,FeedFlash,1
idaes/models/unit_models/__init__.py,17,from,flash,Flash,1
idaes/models/unit_models/__init__.py,18,from,gibbs_reactor,GibbsReactor,1
idaes/models/unit_models/__init__.py,19,from,heat_exchanger,HeatExchanger;HeatExchangerFlowPattern;HX0DInitializer,1
idaes/models/unit_models/__init__.py,20,from,heater,Heater,1
idaes/models/unit_models/__init__.py,21,from,heat_exchanger_ntu,HeatExchangerNTU;HXNTUInitializer,1
idaes/models/unit_models/__init__.py,22,from,heat_exchanger_1D,HeatExchanger1D;HX1DInitializer,1
idaes/models/unit_models/__init__.py,23,from,heat_exchanger_lc,HeatExchangerLumpedCapacitance,1
idaes/models/unit_models/__init__.py,24,from,mixer,Mixer;MomentumMixingType;MixingType;MixerInitializer,1
idaes/models/unit_models/__init__.py,25,from,mscontactor,MSContactor;MSContactorInitializer,1
idaes/models/unit_models/__init__.py,26,from,pipe,Pipe,1
idaes/models/unit_models/__init__.py,27,from,plug_flow_reactor,PFR,1
idaes/models/unit_models/__init__.py,28,from,pressure_changer,PressureChanger;Turbine;Pump;Compressor;IsentropicPressureChangerInitializer,1
idaes/models/unit_models/__init__.py,35,from,product,Product;ProductInitializer,1
idaes/models/unit_models/__init__.py,36,from,separator,Separator;SplittingType;EnergySplittingType;SeparatorInitializer,1
idaes/models/unit_models/__init__.py,42,from,shell_and_tube_1d,ShellAndTube1D;ShellAndTubeInitializer,1
idaes/models/unit_models/__init__.py,43,from,skeleton_model,SkeletonUnitModel;SkeletonUnitModelData,1
idaes/models/unit_models/__init__.py,44,from,stream_scaler,StreamScaler;StreamScalerData,1
idaes/models/unit_models/__init__.py,45,from,statejunction,StateJunction;StateJunctionInitializer,1
idaes/models/unit_models/__init__.py,46,from,stoichiometric_reactor,StoichiometricReactor,1
idaes/models/unit_models/__init__.py,47,from,translator,Translator,1
idaes/models/unit_models/__init__.py,48,from,valve,ValveFunctionType;Valve;ValveData,1
idaes/models/unit_models/cstr.py,18,from,pyomo.common.config,ConfigBlock;ConfigValue;In;Bool,0
idaes/models/unit_models/cstr.py,19,from,pyomo.environ,Reference;Constraint,0
idaes/models/unit_models/cstr.py,22,from,idaes.core,ControlVolume0DBlock;declare_process_block_class;MaterialBalanceType;EnergyBalanceType;MomentumBalanceType;UnitModelBlockData;useDefault,0
idaes/models/unit_models/cstr.py,31,from,idaes.core.util.config,is_physical_parameter_block;is_reaction_parameter_block,0
idaes/models/unit_models/cstr.py,35,from,idaes.core.scaling,CustomScalerBase,0
idaes/models/unit_models/equilibrium_reactor.py,18,from,pyomo.common.config,ConfigBlock;ConfigValue;In;Bool,0
idaes/models/unit_models/equilibrium_reactor.py,19,from,pyomo.common.collections,ComponentMap,0
idaes/models/unit_models/equilibrium_reactor.py,20,from,pyomo.environ,Constraint;Reference;units,0
idaes/models/unit_models/equilibrium_reactor.py,23,from,idaes.core,ControlVolume0DBlock;declare_process_block_class;MaterialBalanceType;EnergyBalanceType;MomentumBalanceType;UnitModelBlockData;useDefault,0
idaes/models/unit_models/equilibrium_reactor.py,32,from,idaes.core.util.config,is_physical_parameter_block;is_reaction_parameter_block,0
idaes/models/unit_models/equilibrium_reactor.py,36,from,idaes.core.scaling,CustomScalerBase,0
idaes/models/unit_models/feed.py,18,from,pyomo.environ,Block;Reference,0
idaes/models/unit_models/feed.py,19,from,pyomo.common.config,ConfigBlock;ConfigValue;In,0
idaes/models/unit_models/feed.py,22,from,idaes.core,declare_process_block_class;UnitModelBlockData;useDefault,0
idaes/models/unit_models/feed.py,23,from,idaes.core.util.config,is_physical_parameter_block,0
idaes/models/unit_models/feed.py,24,from,idaes.core.util.tables,create_stream_table_dataframe,0
idaes/models/unit_models/feed.py,25,import,idaes.logger,,0
idaes/models/unit_models/feed.py,26,from,idaes.core.initialization,ModularInitializerBase,0
idaes/models/unit_models/feed.py,27,from,idaes.core.scaling,CustomScalerBase,0
idaes/models/unit_models/feed_flash.py,17,from,enum,Enum,0
idaes/models/unit_models/feed_flash.py,20,from,pyomo.environ,Reference,0
idaes/models/unit_models/feed_flash.py,21,from,pyomo.common.config,ConfigBlock;ConfigValue;In,0
idaes/models/unit_models/feed_flash.py,22,from,pyomo.common.collections,ComponentMap,0
idaes/models/unit_models/feed_flash.py,25,from,idaes.core,ControlVolume0DBlock;declare_process_block_class;MaterialBalanceType;MomentumBalanceType;UnitModelBlockData;useDefault,0
idaes/models/unit_models/feed_flash.py,33,from,idaes.core.util.config,is_physical_parameter_block,0
idaes/models/unit_models/feed_flash.py,34,from,idaes.core.util.tables,create_stream_table_dataframe,0
idaes/models/unit_models/feed_flash.py,35,from,idaes.core.util.initialization,fix_state_vars,0
idaes/models/unit_models/feed_flash.py,36,from,idaes.core.scaling,CustomScalerBase,0
idaes/models/unit_models/flash.py,18,import,logging,,0
idaes/models/unit_models/flash.py,19,from,pandas,DataFrame,0
idaes/models/unit_models/flash.py,22,from,pyomo.environ,ComponentMap;Constraint;Reference,0
idaes/models/unit_models/flash.py,23,from,pyomo.common.config,ConfigBlock;ConfigValue;In;Bool,0
idaes/models/unit_models/flash.py,24,from,pyomo.network,Port,0
idaes/models/unit_models/flash.py,27,from,idaes.core,ControlVolume0DBlock;declare_process_block_class;MaterialBalanceType;EnergyBalanceType;MomentumBalanceType;UnitModelBlockData;useDefault,0
idaes/models/unit_models/flash.py,36,from,idaes.core.scaling,CustomScalerBase,0
idaes/models/unit_models/flash.py,37,from,idaes.models.unit_models.separator,Separator;SplittingType;EnergySplittingType,0
idaes/models/unit_models/flash.py,43,from,idaes.core.util.config,is_physical_parameter_block,0
idaes/models/unit_models/flash.py,44,from,idaes.core.util.units_of_measurement,report_quantity,0
idaes/models/unit_models/gibbs_reactor.py,18,from,pyomo.environ,Constraint;Param;Reals;Reference;Set;units;value;Var,0
idaes/models/unit_models/gibbs_reactor.py,19,from,pyomo.common.config,ConfigBlock;ConfigValue;In;ListOf;Bool,0
idaes/models/unit_models/gibbs_reactor.py,22,from,idaes.core,ControlVolume0DBlock;declare_process_block_class;EnergyBalanceType;MomentumBalanceType;UnitModelBlockData;useDefault,0
idaes/models/unit_models/gibbs_reactor.py,30,from,idaes.core.util.config,is_physical_parameter_block,0
idaes/models/unit_models/gibbs_reactor.py,31,from,idaes.core.util.exceptions,ConfigurationError,0
idaes/models/unit_models/gibbs_reactor.py,32,from,idaes.core.scaling,CustomScalerBase,0
idaes/models/unit_models/gibbs_reactor.py,33,from,idaes.core.util.constants,Constants,0
idaes/models/unit_models/heat_exchanger.py,19,from,enum,Enum,0
idaes/models/unit_models/heat_exchanger.py,22,from,pyomo.environ,Block;Var;Param;log;Reference;PositiveReals;ExternalFunction;units;check_optimal_termination,0
idaes/models/unit_models/heat_exchanger.py,33,from,pyomo.common.config,ConfigBlock;ConfigValue;In,0
idaes/models/unit_models/heat_exchanger.py,36,from,idaes.core,declare_process_block_class;UnitModelBlockData,0
idaes/models/unit_models/heat_exchanger.py,41,import,idaes.logger,,0
idaes/models/unit_models/heat_exchanger.py,42,from,idaes.core.util.functions,functions_lib,0
idaes/models/unit_models/heat_exchanger.py,43,from,idaes.core.util.tables,create_stream_table_dataframe,0
idaes/models/unit_models/heat_exchanger.py,44,from,idaes.models.unit_models.heater,_make_heater_config_block;_make_heater_control_volume,0
idaes/models/unit_models/heat_exchanger.py,49,from,idaes.core.util.misc,add_object_reference,0
idaes/models/unit_models/heat_exchanger.py,50,from,idaes.core.util,scaling,0
idaes/models/unit_models/heat_exchanger.py,51,from,idaes.core.solvers,get_solver,0
idaes/models/unit_models/heat_exchanger.py,52,from,idaes.core.util.exceptions,ConfigurationError;InitializationError,0
idaes/models/unit_models/heat_exchanger.py,53,from,idaes.core.initialization,SingleControlVolumeUnitInitializer,0
idaes/models/unit_models/heat_exchanger.py,54,from,idaes.core.scaling,CustomScalerBase;DefaultScalingRecommendation,0
idaes/models/unit_models/heat_exchanger_1D.py,18,from,pyomo.environ,Block;check_optimal_termination;ComponentMap;units;value;Var,0
idaes/models/unit_models/heat_exchanger_1D.py,26,from,pyomo.common.config,Bool;ConfigBlock;ConfigValue;In,0
idaes/models/unit_models/heat_exchanger_1D.py,29,from,idaes.core,ControlVolume1DBlock;UnitModelBlockData;declare_process_block_class;MaterialBalanceType;EnergyBalanceType;MomentumBalanceType;FlowDirection;useDefault,0
idaes/models/unit_models/heat_exchanger_1D.py,39,from,idaes.models.unit_models.heat_exchanger,HeatExchangerFlowPattern;hx_process_config;add_hx_references,0
idaes/models/unit_models/heat_exchanger_1D.py,44,from,idaes.core.util.config,is_physical_parameter_block;DefaultBool,0
idaes/models/unit_models/heat_exchanger_1D.py,45,from,idaes.core.util.misc,add_object_reference,0
idaes/models/unit_models/heat_exchanger_1D.py,46,from,idaes.core.util.exceptions,ConfigurationError;InitializationError,0
idaes/models/unit_models/heat_exchanger_1D.py,47,from,idaes.core.util.tables,create_stream_table_dataframe,0
idaes/models/unit_models/heat_exchanger_1D.py,48,from,idaes.core.util,scaling,0
idaes/models/unit_models/heat_exchanger_1D.py,49,from,idaes.core.solvers,get_solver,0
idaes/models/unit_models/heat_exchanger_1D.py,50,from,idaes.core.initialization,SingleControlVolumeUnitInitializer,0
idaes/models/unit_models/heat_exchanger_1D.py,51,from,idaes.core.scaling,CustomScalerBase;DefaultScalingRecommendation,0
idaes/models/unit_models/heat_exchanger_1D.py,52,import,idaes.logger,,0
idaes/models/unit_models/heat_exchanger_lc.py,19,from,pyomo.environ,Var;Param,0
idaes/models/unit_models/heat_exchanger_lc.py,20,from,pyomo.dae,DerivativeVar,0
idaes/models/unit_models/heat_exchanger_lc.py,21,from,pyomo.common.config,ConfigValue,0
idaes/models/unit_models/heat_exchanger_lc.py,22,from,idaes.core,declare_process_block_class;useDefault,0
idaes/models/unit_models/heat_exchanger_lc.py,23,from,idaes.core.util.config,DefaultBool,0
idaes/models/unit_models/heat_exchanger_lc.py,24,from,idaes.core.util.exceptions,ConfigurationError;IdaesError;DynamicError,0
idaes/models/unit_models/heat_exchanger_lc.py,25,from,heat_exchanger,HeatExchangerData,1
idaes/models/unit_models/heat_exchanger_ntu.py,22,from,pyomo.environ,Block;check_optimal_termination;Constraint;Expression;Param;PositiveReals;Reference;units;Var,0
idaes/models/unit_models/heat_exchanger_ntu.py,33,from,pyomo.common.config,Bool;ConfigBlock;ConfigValue;In,0
idaes/models/unit_models/heat_exchanger_ntu.py,36,from,idaes.core,ControlVolume0DBlock;declare_process_block_class;MaterialBalanceType;EnergyBalanceType;MomentumBalanceType;UnitModelBlockData;useDefault,0
idaes/models/unit_models/heat_exchanger_ntu.py,45,from,idaes.models.unit_models.heat_exchanger,hx_process_config;add_hx_references,0
idaes/models/unit_models/heat_exchanger_ntu.py,46,from,idaes.core.util.config,is_physical_parameter_block,0
idaes/models/unit_models/heat_exchanger_ntu.py,47,from,idaes.core.util.tables,create_stream_table_dataframe,0
idaes/models/unit_models/heat_exchanger_ntu.py,48,from,idaes.core.util.math,smooth_min;smooth_max,0
idaes/models/unit_models/heat_exchanger_ntu.py,49,from,idaes.core.solvers,get_solver,0
idaes/models/unit_models/heat_exchanger_ntu.py,50,from,idaes.core.util.exceptions,InitializationError,0
idaes/models/unit_models/heat_exchanger_ntu.py,51,import,idaes.core.util.scaling,,0
idaes/models/unit_models/heat_exchanger_ntu.py,52,import,idaes.logger,,0
idaes/models/unit_models/heat_exchanger_ntu.py,53,from,idaes.core.initialization,SingleControlVolumeUnitInitializer,0
idaes/models/unit_models/heater.py,20,from,pyomo.environ,ComponentMap;Reference,0
idaes/models/unit_models/heater.py,21,from,pyomo.common.config,ConfigBlock;ConfigValue;In;Bool,0
idaes/models/unit_models/heater.py,24,from,idaes.core,ControlVolume0DBlock;declare_process_block_class;EnergyBalanceType;MomentumBalanceType;MaterialBalanceType;UnitModelBlockData;useDefault,0
idaes/models/unit_models/heater.py,33,from,idaes.core.util.config,is_physical_parameter_block,0
idaes/models/unit_models/heater.py,34,from,idaes.core.scaling,CustomScalerBase,0
idaes/models/unit_models/heater.py,35,import,idaes.logger,,0
idaes/models/unit_models/mixer.py,17,from,enum,Enum,0
idaes/models/unit_models/mixer.py,19,from,pyomo.environ,Block;check_optimal_termination;ComponentMap;Constraint;Param;PositiveReals;Reals;RangeSet;Var,0
idaes/models/unit_models/mixer.py,30,from,pyomo.common.config,ConfigBlock;ConfigValue;In;ListOf;Bool,0
idaes/models/unit_models/mixer.py,32,from,idaes.core,declare_process_block_class;UnitModelBlockData;useDefault;MaterialBalanceType;MaterialFlowBasis,0
idaes/models/unit_models/mixer.py,39,from,idaes.core.base.control_volume_base,ControlVolumeScalerBase,0
idaes/models/unit_models/mixer.py,40,from,idaes.core.util.config,is_physical_parameter_block;is_state_block,0
idaes/models/unit_models/mixer.py,44,from,idaes.core.util.exceptions,BurntToast;ConfigurationError;PropertyNotSupportedError;InitializationError,0
idaes/models/unit_models/mixer.py,50,from,idaes.core.util.math,smooth_min,0
idaes/models/unit_models/mixer.py,51,from,idaes.core.util.tables,create_stream_table_dataframe,0
idaes/models/unit_models/mixer.py,52,import,idaes.core.util.scaling,,0
idaes/models/unit_models/mixer.py,53,from,idaes.core.solvers,get_solver,0
idaes/models/unit_models/mixer.py,54,from,idaes.core.initialization,ModularInitializerBase,0
idaes/models/unit_models/mixer.py,56,import,idaes.logger,,0
idaes/models/unit_models/mscontactor.py,17,from,functools,partial,0
idaes/models/unit_models/mscontactor.py,19,from,pandas,DataFrame,0
idaes/models/unit_models/mscontactor.py,22,from,pyomo.environ,Block;ComponentMap;Constraint;Expression;RangeSet;Reals;Set;units;Var,0
idaes/models/unit_models/mscontactor.py,33,from,pyomo.common.config,ConfigDict;ConfigValue;Bool;In,0
idaes/models/unit_models/mscontactor.py,34,from,pyomo.contrib.incidence_analysis,solve_strongly_connected_components,0
idaes/models/unit_models/mscontactor.py,35,from,pyomo.dae,DerivativeVar,0
idaes/models/unit_models/mscontactor.py,36,from,pyomo.util.calc_var_value,calculate_variable_from_constraint,0
idaes/models/unit_models/mscontactor.py,39,from,idaes.core,declare_process_block_class;UnitModelBlockData;useDefault;FlowDirection;MaterialFlowBasis,0
idaes/models/unit_models/mscontactor.py,46,from,idaes.core.util.config,is_physical_parameter_block;is_reaction_parameter_block,0
idaes/models/unit_models/mscontactor.py,50,from,idaes.core.util.exceptions,ConfigurationError;BurntToast;PropertyNotSupportedError,0
idaes/models/unit_models/mscontactor.py,55,from,idaes.core.initialization,ModularInitializerBase,0
idaes/models/unit_models/mscontactor.py,56,from,idaes.core.initialization.initializer_base,StoreState,0
idaes/models/unit_models/mscontactor.py,57,from,idaes.core.util.model_serializer,to_json;from_json,0
idaes/models/unit_models/mscontactor.py,58,import,idaes.logger,,0
idaes/models/unit_models/mscontactor.py,59,from,idaes.core.util.units_of_measurement,report_quantity,0
idaes/models/unit_models/mscontactor.py,60,from,idaes.core.scaling,ConstraintScalingScheme;CustomScalerBase;DefaultScalingRecommendation,0
idaes/models/unit_models/pipe.py,18,from,pyomo.environ,ComponentMap;Constraint;Reference;Var,0
idaes/models/unit_models/pipe.py,19,from,pyomo.common.config,ConfigBlock;ConfigValue;In;ListOf;Bool,0
idaes/models/unit_models/pipe.py,22,from,idaes.core,ControlVolume1DBlock;declare_process_block_class;MaterialBalanceType;EnergyBalanceType;MomentumBalanceType;UnitModelBlockData;useDefault,0
idaes/models/unit_models/pipe.py,31,from,idaes.core.util.config,is_physical_parameter_block,0
idaes/models/unit_models/pipe.py,32,from,idaes.core.util.misc,add_object_reference,0
idaes/models/unit_models/pipe.py,33,from,idaes.core.scaling,CustomScalerBase;DefaultScalingRecommendation,0
idaes/models/unit_models/plug_flow_reactor.py,18,from,pyomo.environ,ComponentMap;Constraint;Reference;Var,0
idaes/models/unit_models/plug_flow_reactor.py,19,from,pyomo.common.config,ConfigBlock;ConfigValue;In;ListOf;Bool,0
idaes/models/unit_models/plug_flow_reactor.py,22,from,idaes.core,ControlVolume1DBlock;declare_process_block_class;MaterialBalanceType;EnergyBalanceType;MomentumBalanceType;UnitModelBlockData;useDefault,0
idaes/models/unit_models/plug_flow_reactor.py,31,from,idaes.core.util.config,is_physical_parameter_block;is_reaction_parameter_block,0
idaes/models/unit_models/plug_flow_reactor.py,35,from,idaes.core.util.misc,add_object_reference,0
idaes/models/unit_models/plug_flow_reactor.py,36,from,idaes.core.scaling,CustomScalerBase;DefaultScalingRecommendation,0
idaes/models/unit_models/pressure_changer.py,24,from,enum,Enum,0
idaes/models/unit_models/pressure_changer.py,27,from,pyomo.environ,Block;value;Var;Expression;Constraint;Reference;check_optimal_termination;Reals,0
idaes/models/unit_models/pressure_changer.py,37,from,pyomo.common.config,ConfigBlock;ConfigValue;In;Bool,0
idaes/models/unit_models/pressure_changer.py,38,from,pyomo.common.collections,ComponentMap,0
idaes/models/unit_models/pressure_changer.py,41,from,idaes.core,ControlVolume0DBlock;declare_process_block_class;EnergyBalanceType;MomentumBalanceType;MaterialBalanceType;ProcessBlockData;UnitModelBlockData;useDefault,0
idaes/models/unit_models/pressure_changer.py,51,from,idaes.core.util.exceptions,PropertyNotSupportedError;InitializationError,0
idaes/models/unit_models/pressure_changer.py,52,from,idaes.core.util.config,is_physical_parameter_block,0
idaes/models/unit_models/pressure_changer.py,53,import,idaes.logger,,0
idaes/models/unit_models/pressure_changer.py,54,from,idaes.core.util,scaling,0
idaes/models/unit_models/pressure_changer.py,55,from,idaes.core.solvers,get_solver,0
idaes/models/unit_models/pressure_changer.py,56,from,idaes.core.initialization,SingleControlVolumeUnitInitializer,0
idaes/models/unit_models/pressure_changer.py,57,from,idaes.core.util,to_json;from_json;StoreSpec,0
idaes/models/unit_models/pressure_changer.py,59,from,idaes.core.scaling,CustomScalerBase,0
idaes/models/unit_models/product.py,18,from,pyomo.environ,Reference,0
idaes/models/unit_models/product.py,19,from,pyomo.common.config,ConfigBlock;ConfigValue;In,0
idaes/models/unit_models/product.py,22,from,idaes.core,declare_process_block_class;UnitModelBlockData;useDefault,0
idaes/models/unit_models/product.py,23,from,idaes.core.util.config,is_physical_parameter_block,0
idaes/models/unit_models/product.py,24,from,idaes.core.util.tables,create_stream_table_dataframe,0
idaes/models/unit_models/product.py,25,import,idaes.logger,,0
idaes/models/unit_models/product.py,29,from,idaes.models.unit_models.feed,FeedInitializer;FeedScaler,0
idaes/models/unit_models/separator.py,17,from,enum,Enum,0
idaes/models/unit_models/separator.py,18,from,functools,partial,0
idaes/models/unit_models/separator.py,19,from,pandas,DataFrame,0
idaes/models/unit_models/separator.py,21,from,pyomo.environ,Block;check_optimal_termination;ComponentMap;Constraint;Param;Reals;Reference;Set;Var;value,0
idaes/models/unit_models/separator.py,33,from,pyomo.network,Port,0
idaes/models/unit_models/separator.py,34,from,pyomo.common.config,ConfigBlock;ConfigValue;In;ListOf;Bool,0
idaes/models/unit_models/separator.py,36,from,idaes.core,declare_process_block_class;UnitModelBlockData;useDefault;MaterialBalanceType;MomentumBalanceType;MaterialFlowBasis;VarLikeExpression,0
idaes/models/unit_models/separator.py,45,from,idaes.core.util.config,is_physical_parameter_block;is_state_block,0
idaes/models/unit_models/separator.py,49,from,idaes.core.util.exceptions,BurntToast;ConfigurationError;PropertyNotSupportedError;InitializationError,0
idaes/models/unit_models/separator.py,55,from,idaes.core.solvers,get_solver,0
idaes/models/unit_models/separator.py,56,from,idaes.core.util.tables,create_stream_table_dataframe,0
idaes/models/unit_models/separator.py,57,from,idaes.core.util.model_statistics,degrees_of_freedom,0
idaes/models/unit_models/separator.py,58,import,idaes.logger,,0
idaes/models/unit_models/separator.py,59,import,idaes.core.util.scaling,,0
idaes/models/unit_models/separator.py,60,from,idaes.core.util.units_of_measurement,report_quantity,0
idaes/models/unit_models/separator.py,61,from,idaes.core.initialization,ModularInitializerBase,0
idaes/models/unit_models/separator.py,62,from,idaes.core.scaling,get_scaling_factor;CustomScalerBase,0
idaes/models/unit_models/shell_and_tube_1d.py,20,from,pyomo.environ,Block;Var;check_optimal_termination;Constraint;value;units,0
idaes/models/unit_models/shell_and_tube_1d.py,28,from,pyomo.common.config,ConfigValue;Bool,0
idaes/models/unit_models/shell_and_tube_1d.py,31,from,idaes.core,declare_process_block_class;UnitModelBlockData,0
idaes/models/unit_models/shell_and_tube_1d.py,32,from,idaes.models.unit_models.heat_exchanger_1D,HeatExchanger1DData,0
idaes/models/unit_models/shell_and_tube_1d.py,35,from,idaes.core.util.misc,add_object_reference,0
idaes/models/unit_models/shell_and_tube_1d.py,36,from,idaes.core.util.exceptions,InitializationError,0
idaes/models/unit_models/shell_and_tube_1d.py,37,from,idaes.core.util.constants,Constants,0
idaes/models/unit_models/shell_and_tube_1d.py,38,from,idaes.core.util,scaling,0
idaes/models/unit_models/shell_and_tube_1d.py,39,from,idaes.core.util.tables,create_stream_table_dataframe,0
idaes/models/unit_models/shell_and_tube_1d.py,40,from,idaes.core.solvers,get_solver,0
idaes/models/unit_models/shell_and_tube_1d.py,41,from,idaes.core.initialization,SingleControlVolumeUnitInitializer,0
idaes/models/unit_models/shell_and_tube_1d.py,42,import,idaes.logger,,0
idaes/models/unit_models/skeleton_model.py,22,from,pyomo.network,Port,0
idaes/models/unit_models/skeleton_model.py,23,from,pyomo.common.config,ConfigValue;In,0
idaes/models/unit_models/skeleton_model.py,25,from,idaes.core.base.process_base,declare_process_block_class;ProcessBlockData,0
idaes/models/unit_models/skeleton_model.py,26,from,idaes.core.util.exceptions,ConfigurationError,0
idaes/models/unit_models/skeleton_model.py,27,from,idaes.core.util.model_statistics,degrees_of_freedom,0
idaes/models/unit_models/skeleton_model.py,28,from,idaes.core.solvers,get_solver,0
idaes/models/unit_models/skeleton_model.py,29,import,idaes.logger,,0
idaes/models/unit_models/skeleton_model.py,30,from,idaes.core.initialization,BlockTriangularizationInitializer,0
idaes/models/unit_models/solid_liquid/__init__.py,13,from,sl_separator,SLSeparator,1
idaes/models/unit_models/solid_liquid/__init__.py,14,from,thickener,Thickener0D,1
idaes/models/unit_models/solid_liquid/sl_separator.py,34,import,logging,,0
idaes/models/unit_models/solid_liquid/sl_separator.py,35,from,pandas,DataFrame,0
idaes/models/unit_models/solid_liquid/sl_separator.py,38,from,pyomo.environ,Reference,0
idaes/models/unit_models/solid_liquid/sl_separator.py,39,from,pyomo.common.config,ConfigBlock;ConfigValue;In,0
idaes/models/unit_models/solid_liquid/sl_separator.py,40,from,pyomo.network,Port,0
idaes/models/unit_models/solid_liquid/sl_separator.py,43,from,idaes.core,declare_process_block_class;MaterialBalanceType;MomentumBalanceType;UnitModelBlockData;useDefault,0
idaes/models/unit_models/solid_liquid/sl_separator.py,50,from,idaes.models.unit_models.separator,Separator;SplittingType;EnergySplittingType,0
idaes/models/unit_models/solid_liquid/sl_separator.py,55,from,idaes.core.initialization,BlockTriangularizationInitializer,0
idaes/models/unit_models/solid_liquid/sl_separator.py,56,from,idaes.core.util.config,is_physical_parameter_block,0
idaes/models/unit_models/solid_liquid/sl_separator.py,57,from,idaes.core.util.units_of_measurement,report_quantity,0
idaes/models/unit_models/solid_liquid/sl_separator.py,58,from,idaes.core.scaling,CustomScalerBase,0
idaes/models/unit_models/solid_liquid/thickener.py,32,import,logging,,0
idaes/models/unit_models/solid_liquid/thickener.py,33,from,pandas,DataFrame,0
idaes/models/unit_models/solid_liquid/thickener.py,36,from,pyomo.environ,Expr_if;inequality;units;Var,0
idaes/models/unit_models/solid_liquid/thickener.py,37,from,pyomo.common.config,ConfigBlock;ConfigValue;In,0
idaes/models/unit_models/solid_liquid/thickener.py,38,from,pyomo.network,Port,0
idaes/models/unit_models/solid_liquid/thickener.py,41,from,idaes.core,declare_process_block_class;MaterialBalanceType;MomentumBalanceType;UnitModelBlockData;useDefault,0
idaes/models/unit_models/solid_liquid/thickener.py,48,from,idaes.models.unit_models.separator,Separator;SplittingType;EnergySplittingType,0
idaes/models/unit_models/solid_liquid/thickener.py,53,from,idaes.core.initialization,BlockTriangularizationInitializer,0
idaes/models/unit_models/solid_liquid/thickener.py,54,from,idaes.core.util.config,is_physical_parameter_block,0
idaes/models/unit_models/solid_liquid/thickener.py,55,from,idaes.core.util.units_of_measurement,report_quantity,0
idaes/models/unit_models/solid_liquid/thickener.py,56,from,idaes.core.util.constants,Constants,0
idaes/models/unit_models/statejunction.py,18,from,pyomo.common.config,ConfigBlock;ConfigValue;In,0
idaes/models/unit_models/statejunction.py,21,from,idaes.core,declare_process_block_class;UnitModelBlockData;useDefault,0
idaes/models/unit_models/statejunction.py,22,from,idaes.core.util.config,is_physical_parameter_block,0
idaes/models/unit_models/statejunction.py,23,import,idaes.logger,,0
idaes/models/unit_models/statejunction.py,27,from,idaes.models.unit_models.feed,FeedInitializer;FeedScaler,0
idaes/models/unit_models/stoichiometric_reactor.py,18,from,pyomo.environ,Reference,0
idaes/models/unit_models/stoichiometric_reactor.py,19,from,pyomo.common.config,ConfigBlock;ConfigValue;In;Bool,0
idaes/models/unit_models/stoichiometric_reactor.py,20,from,pyomo.common.collections,ComponentMap,0
idaes/models/unit_models/stoichiometric_reactor.py,23,from,idaes.core,ControlVolume0DBlock;declare_process_block_class;MaterialBalanceType;EnergyBalanceType;MomentumBalanceType;UnitModelBlockData;useDefault,0
idaes/models/unit_models/stoichiometric_reactor.py,32,from,idaes.core.util.config,is_physical_parameter_block;is_reaction_parameter_block,0
idaes/models/unit_models/stoichiometric_reactor.py,36,from,idaes.core.scaling,CustomScalerBase,0
idaes/models/unit_models/stream_scaler.py,18,from,functools,partial,0
idaes/models/unit_models/stream_scaler.py,20,from,pyomo.environ,Block;PositiveReals;units;Var,0
idaes/models/unit_models/stream_scaler.py,26,from,pyomo.network,Port,0
idaes/models/unit_models/stream_scaler.py,27,from,pyomo.common.config,ConfigBlock;ConfigValue;In,0
idaes/models/unit_models/stream_scaler.py,29,from,idaes.core,declare_process_block_class;UnitModelBlockData;useDefault,0
idaes/models/unit_models/stream_scaler.py,34,from,idaes.core.util.config,is_physical_parameter_block,0
idaes/models/unit_models/stream_scaler.py,37,from,idaes.core.base.var_like_expression,VarLikeExpression,0
idaes/models/unit_models/stream_scaler.py,38,from,idaes.core.util.tables,create_stream_table_dataframe,0
idaes/models/unit_models/stream_scaler.py,39,import,idaes.core.util.scaling,,0
idaes/models/unit_models/stream_scaler.py,40,import,idaes.logger,,0
idaes/models/unit_models/stream_scaler.py,42,from,idaes.models.unit_models.feed,FeedInitializer,0
idaes/models/unit_models/translator.py,18,from,pyomo.common.config,ConfigBlock;ConfigValue;In;Bool,0
idaes/models/unit_models/translator.py,21,from,idaes.core,declare_process_block_class;UnitModelBlockData,0
idaes/models/unit_models/translator.py,22,from,idaes.core.util.config,is_physical_parameter_block,0
idaes/models/unit_models/translator.py,23,from,idaes.core.util.model_statistics,degrees_of_freedom,0
idaes/models/unit_models/translator.py,24,from,idaes.core.util.exceptions,ConfigurationError,0
idaes/models/unit_models/translator.py,25,from,idaes.core.solvers,get_solver,0
idaes/models/unit_models/translator.py,26,import,idaes.logger,,0
idaes/models/unit_models/translator.py,27,from,idaes.core.initialization,BlockTriangularizationInitializer,0
idaes/models/unit_models/valve.py,24,from,enum,Enum,0
idaes/models/unit_models/valve.py,26,import,pyomo.environ,,0
idaes/models/unit_models/valve.py,27,from,pyomo.common.config,ConfigValue;In,0
idaes/models/unit_models/valve.py,29,from,idaes.core,declare_process_block_class,0
idaes/models/unit_models/valve.py,30,from,idaes.models.unit_models.pressure_changer,PressureChangerData;ThermodynamicAssumption;MaterialBalanceType,0
idaes/models/unit_models/valve.py,35,from,idaes.core.util.exceptions,ConfigurationError,0
idaes/models/unit_models/valve.py,36,import,idaes.logger,,0
idaes/models/unit_models/valve.py,37,import,idaes.core.util.scaling,,0
idaes/models_extra/co2_capture_and_utilization/unit_models/__init__.py,13,from,membrane_1d,Membrane1D;MembraneFlowPattern,1
idaes/models_extra/co2_capture_and_utilization/unit_models/membrane_1d.py,18,from,enum,Enum,0
idaes/models_extra/co2_capture_and_utilization/unit_models/membrane_1d.py,19,from,pyomo.common.config,Bool;ConfigDict;ConfigValue;In,0
idaes/models_extra/co2_capture_and_utilization/unit_models/membrane_1d.py,20,from,pyomo.environ,Param;Var;units;Expression,0
idaes/models_extra/co2_capture_and_utilization/unit_models/membrane_1d.py,26,from,pyomo.network,Port,0
idaes/models_extra/co2_capture_and_utilization/unit_models/membrane_1d.py,28,from,idaes.core,FlowDirection;UnitModelBlockData;declare_process_block_class;useDefault;MaterialFlowBasis,0
idaes/models_extra/co2_capture_and_utilization/unit_models/membrane_1d.py,35,from,idaes.core.util.config,is_physical_parameter_block,0
idaes/models_extra/co2_capture_and_utilization/unit_models/membrane_1d.py,36,from,idaes.models.unit_models.mscontactor,MSContactor,0
idaes/models_extra/co2_capture_and_utilization/unit_models/membrane_1d.py,37,from,idaes.core.util.exceptions,ConfigurationError,0
idaes/models_extra/co2_capture_and_utilization/unit_models/membrane_1d.py,38,from,idaes.core.util.tables,create_stream_table_dataframe,0
idaes/models_extra/column_models/MEAsolvent_column.py,24,import,numpy,,0
idaes/models_extra/column_models/MEAsolvent_column.py,27,from,pyomo.environ,value;Var;Param;Constraint;Expression;check_optimal_termination;assert_optimal_termination;exp;log;units;Set,0
idaes/models_extra/column_models/MEAsolvent_column.py,40,from,pyomo.common.collections,ComponentMap,0
idaes/models_extra/column_models/MEAsolvent_column.py,42,from,pyomo.util.calc_var_value,calculate_variable_from_constraint,0
idaes/models_extra/column_models/MEAsolvent_column.py,43,from,pyomo.common.config,ConfigValue,0
idaes/models_extra/column_models/MEAsolvent_column.py,46,from,idaes.core.util.constants,Constants,0
idaes/models_extra/column_models/MEAsolvent_column.py,47,from,idaes.models_extra.column_models.solvent_column,PackedColumnData,0
idaes/models_extra/column_models/MEAsolvent_column.py,49,from,idaes.core.util.model_statistics,degrees_of_freedom,0
idaes/models_extra/column_models/MEAsolvent_column.py,50,from,idaes.core,declare_process_block_class,0
idaes/models_extra/column_models/MEAsolvent_column.py,51,from,idaes.core.util.exceptions,InitializationError,0
idaes/models_extra/column_models/MEAsolvent_column.py,52,import,idaes.core.util.scaling,,0
idaes/models_extra/column_models/MEAsolvent_column.py,53,from,idaes.core.solvers.get_solver,get_solver,0
idaes/models_extra/column_models/MEAsolvent_column.py,54,import,idaes.logger,,0
idaes/models_extra/column_models/MEAsolvent_column.py,56,from,idaes.models_extra.column_models.enhancement_factor_model_pseudo_second_order_explicit,PseudoSecondOrderExplicit,0
idaes/models_extra/column_models/__init__.py,13,from,condenser,Condenser,1
idaes/models_extra/column_models/__init__.py,14,from,reboiler,Reboiler,1
idaes/models_extra/column_models/__init__.py,15,from,tray,Tray,1
idaes/models_extra/column_models/__init__.py,16,from,tray_column,TrayColumn,1
idaes/models_extra/column_models/condenser.py,23,from,enum,Enum,0
idaes/models_extra/column_models/condenser.py,24,from,pandas,DataFrame,0
idaes/models_extra/column_models/condenser.py,27,from,pyomo.common.config,ConfigBlock;ConfigValue;In,0
idaes/models_extra/column_models/condenser.py,28,from,pyomo.network,Port,0
idaes/models_extra/column_models/condenser.py,29,from,pyomo.environ,Reference;Var;Constraint;value;Set;check_optimal_termination,0
idaes/models_extra/column_models/condenser.py,39,import,idaes.logger,,0
idaes/models_extra/column_models/condenser.py,40,from,idaes.core,ControlVolume0DBlock;declare_process_block_class;EnergyBalanceType;MaterialBalanceType;UnitModelBlockData;useDefault,0
idaes/models_extra/column_models/condenser.py,48,from,idaes.core.util.model_statistics,degrees_of_freedom,0
idaes/models_extra/column_models/condenser.py,49,from,idaes.core.util.config,is_physical_parameter_block,0
idaes/models_extra/column_models/condenser.py,50,from,idaes.core.util.exceptions,ConfigurationError;InitializationError,0
idaes/models_extra/column_models/condenser.py,54,from,idaes.core.solvers,get_solver,0
idaes/models_extra/column_models/condenser.py,55,from,idaes.models_extra.column_models.util,make_phase_split,0
idaes/models_extra/column_models/enhancement_factor_model_pseudo_second_order_explicit.py,20,from,pyomo.environ,value;Var;Constraint;Expression;exp;log;units,0
idaes/models_extra/column_models/enhancement_factor_model_pseudo_second_order_explicit.py,29,from,pyomo.util.calc_var_value,calculate_variable_from_constraint,0
idaes/models_extra/column_models/enhancement_factor_model_pseudo_second_order_explicit.py,31,import,idaes.logger,,0
idaes/models_extra/column_models/plate_heat_exchanger.py,36,from,pyomo.environ,Constraint;exp;Expression;NonNegativeIntegers;Param;PositiveIntegers;PositiveReals;units;Var,0
idaes/models_extra/column_models/plate_heat_exchanger.py,47,from,pyomo.common.config,ConfigValue;In;Integer,0
idaes/models_extra/column_models/plate_heat_exchanger.py,48,from,pyomo.util.calc_var_value,calculate_variable_from_constraint,0
idaes/models_extra/column_models/plate_heat_exchanger.py,49,from,pyomo.common.deprecation,deprecated,0
idaes/models_extra/column_models/plate_heat_exchanger.py,52,from,idaes.core,declare_process_block_class,0
idaes/models_extra/column_models/plate_heat_exchanger.py,53,from,idaes.models.unit_models.heat_exchanger_ntu,HeatExchangerNTUData,0
idaes/models_extra/column_models/plate_heat_exchanger.py,54,from,idaes.core.util.constants,Constants,0
idaes/models_extra/column_models/plate_heat_exchanger.py,55,from,idaes.core.solvers,get_solver,0
idaes/models_extra/column_models/plate_heat_exchanger.py,56,import,idaes.logger,,0
idaes/models_extra/column_models/properties/MEA_solvent.py,43,from,pyomo.environ,exp;log;units;Var;Expression,0
idaes/models_extra/column_models/properties/MEA_solvent.py,46,from,idaes.core,AqueousPhase;Solvent;Solute;Anion;Cation,0
idaes/models_extra/column_models/properties/MEA_solvent.py,54,from,idaes.models.properties.modular_properties.state_definitions,FTPx,0
idaes/models_extra/column_models/properties/MEA_solvent.py,55,from,idaes.models.properties.modular_properties.base.generic_property,StateIndex,0
idaes/models_extra/column_models/properties/MEA_solvent.py,56,from,idaes.models.properties.modular_properties.eos.ideal,Ideal,0
idaes/models_extra/column_models/properties/MEA_solvent.py,58,from,idaes.models.properties.modular_properties.reactions.equilibrium_forms,log_power_law_equil,0
idaes/models_extra/column_models/properties/MEA_solvent.py,61,from,idaes.models.properties.modular_properties.base.utility,ConcentrationForm,0
idaes/models_extra/column_models/properties/MEA_solvent.py,62,from,idaes.models.properties.modular_properties.phase_equil.henry,HenryType,0
idaes/models_extra/column_models/properties/MEA_solvent.py,64,from,idaes.core.util.misc,set_param_from_config,0
idaes/models_extra/column_models/properties/MEA_solvent.py,65,import,idaes.logger,,0
idaes/models_extra/column_models/properties/MEA_vapor.py,37,from,pyomo.environ,sqrt;units;Var,0
idaes/models_extra/column_models/properties/MEA_vapor.py,40,from,idaes.core,VaporPhase;Component,0
idaes/models_extra/column_models/properties/MEA_vapor.py,41,from,idaes.core.util.constants,Constants,0
idaes/models_extra/column_models/properties/MEA_vapor.py,43,from,idaes.models.properties.modular_properties.state_definitions,FTPx,0
idaes/models_extra/column_models/properties/MEA_vapor.py,44,from,idaes.models.properties.modular_properties.base.generic_property,StateIndex,0
idaes/models_extra/column_models/properties/MEA_vapor.py,45,from,idaes.models.properties.modular_properties.eos.ideal,Ideal,0
idaes/models_extra/column_models/properties/MEA_vapor.py,47,from,idaes.core.util.misc,set_param_from_config,0
idaes/models_extra/column_models/properties/MEA_vapor.py,48,import,idaes.logger,,0
idaes/models_extra/column_models/reboiler.py,23,from,pandas,DataFrame,0
idaes/models_extra/column_models/reboiler.py,26,from,pyomo.common.config,ConfigBlock;ConfigValue;In;Bool,0
idaes/models_extra/column_models/reboiler.py,27,from,pyomo.network,Port,0
idaes/models_extra/column_models/reboiler.py,28,from,pyomo.environ,check_optimal_termination;Reference;Var;Constraint;value;Set,0
idaes/models_extra/column_models/reboiler.py,38,import,idaes.logger,,0
idaes/models_extra/column_models/reboiler.py,39,from,idaes.core,ControlVolume0DBlock;declare_process_block_class;EnergyBalanceType;MomentumBalanceType;MaterialBalanceType;UnitModelBlockData;useDefault,0
idaes/models_extra/column_models/reboiler.py,48,from,idaes.core.util.config,is_physical_parameter_block,0
idaes/models_extra/column_models/reboiler.py,49,from,idaes.core.util.exceptions,PropertyNotSupportedError;ConfigurationError;InitializationError,0
idaes/models_extra/column_models/reboiler.py,54,from,idaes.core.solvers,get_solver,0
idaes/models_extra/column_models/reboiler.py,55,from,idaes.core.util.model_statistics,degrees_of_freedom,0
idaes/models_extra/column_models/reboiler.py,56,from,idaes.models_extra.column_models.util,make_phase_split,0
idaes/models_extra/column_models/solvent_column.py,18,from,pyomo.environ,Constraint;Expression;Param;Reals;Var;SolverStatus;TerminationCondition;units,0
idaes/models_extra/column_models/solvent_column.py,28,from,pyomo.common.config,ConfigBlock;ConfigValue;Bool;In,0
idaes/models_extra/column_models/solvent_column.py,29,from,pyomo.util.calc_var_value,calculate_variable_from_constraint,0
idaes/models_extra/column_models/solvent_column.py,32,from,idaes.core.util.constants,Constants,0
idaes/models_extra/column_models/solvent_column.py,33,from,idaes.core,ControlVolume1DBlock;UnitModelBlockData;declare_process_block_class;MaterialBalanceType;EnergyBalanceType;MomentumBalanceType;FlowDirection;useDefault;DistributedVars,0
idaes/models_extra/column_models/solvent_column.py,44,from,idaes.core.util,scaling,0
idaes/models_extra/column_models/solvent_column.py,45,from,idaes.core.solvers,get_solver,0
idaes/models_extra/column_models/solvent_column.py,46,from,idaes.core.util.config,is_physical_parameter_block,0
idaes/models_extra/column_models/solvent_column.py,47,from,idaes.core.util.exceptions,ConfigurationError;InitializationError,0
idaes/models_extra/column_models/solvent_column.py,48,import,idaes.logger,,0
idaes/models_extra/column_models/solvent_column.py,49,from,idaes.core.util.config,DefaultBool,0
idaes/models_extra/column_models/solvent_condenser.py,29,from,pyomo.environ,Constraint;Param;Reference;units;value,0
idaes/models_extra/column_models/solvent_condenser.py,36,from,pyomo.common.config,ConfigBlock;ConfigValue;In;Bool,0
idaes/models_extra/column_models/solvent_condenser.py,39,import,idaes.logger,,0
idaes/models_extra/column_models/solvent_condenser.py,40,from,idaes.core,ControlVolume0DBlock;declare_process_block_class;EnergyBalanceType;MomentumBalanceType;MaterialBalanceType;MaterialFlowBasis;UnitModelBlockData;useDefault,0
idaes/models_extra/column_models/solvent_condenser.py,50,from,idaes.core.util.config,is_physical_parameter_block,0
idaes/models_extra/column_models/solvent_condenser.py,51,from,idaes.core.util,scaling,0
idaes/models_extra/column_models/solvent_condenser.py,52,from,idaes.core.solvers,get_solver,0
idaes/models_extra/column_models/solvent_condenser.py,53,from,idaes.core.util.model_statistics,degrees_of_freedom,0
idaes/models_extra/column_models/solvent_condenser.py,54,from,idaes.core.util.exceptions,ConfigurationError;InitializationError,0
idaes/models_extra/column_models/solvent_reboiler.py,29,from,pyomo.environ,Block;check_optimal_termination;Constraint;Param;Reference;units;value,0
idaes/models_extra/column_models/solvent_reboiler.py,38,from,pyomo.common.config,ConfigBlock;ConfigValue;In;Bool,0
idaes/models_extra/column_models/solvent_reboiler.py,41,import,idaes.logger,,0
idaes/models_extra/column_models/solvent_reboiler.py,42,from,idaes.core,ControlVolume0DBlock;declare_process_block_class;EnergyBalanceType;MomentumBalanceType;MaterialBalanceType;MaterialFlowBasis;UnitModelBlockData;useDefault,0
idaes/models_extra/column_models/solvent_reboiler.py,52,from,idaes.core.initialization,SingleControlVolumeUnitInitializer,0
idaes/models_extra/column_models/solvent_reboiler.py,53,from,idaes.core.solvers,get_solver,0
idaes/models_extra/column_models/solvent_reboiler.py,54,from,idaes.core.util,scaling,0
idaes/models_extra/column_models/solvent_reboiler.py,55,from,idaes.core.util.config,is_physical_parameter_block,0
idaes/models_extra/column_models/solvent_reboiler.py,56,from,idaes.core.util.exceptions,ConfigurationError;InitializationError,0
idaes/models_extra/column_models/solvent_reboiler.py,57,from,idaes.core.util.initialization,fix_state_vars;revert_state_vars,0
idaes/models_extra/column_models/solvent_reboiler.py,58,from,idaes.core.util.model_statistics,degrees_of_freedom,0
idaes/models_extra/column_models/tray.py,28,from,pyomo.common.config,ConfigBlock;ConfigValue;In;Bool,0
idaes/models_extra/column_models/tray.py,29,from,pyomo.network,Port,0
idaes/models_extra/column_models/tray.py,30,from,pyomo.environ,Var;Set;value;check_optimal_termination,0
idaes/models_extra/column_models/tray.py,38,from,idaes.core,declare_process_block_class;UnitModelBlockData;useDefault,0
idaes/models_extra/column_models/tray.py,39,from,idaes.core.util.config,is_physical_parameter_block,0
idaes/models_extra/column_models/tray.py,40,from,idaes.core.util.exceptions,ConfigurationError;InitializationError,0
idaes/models_extra/column_models/tray.py,44,from,idaes.core.solvers,get_solver,0
idaes/models_extra/column_models/tray.py,45,from,idaes.core.util.model_statistics,degrees_of_freedom,0
idaes/models_extra/column_models/tray.py,46,import,idaes.logger,,0
idaes/models_extra/column_models/tray.py,47,from,idaes.models_extra.column_models.util,make_phase_split,0
idaes/models_extra/column_models/tray_column.py,20,from,pyomo.common.config,ConfigBlock;ConfigValue;In;Bool,0
idaes/models_extra/column_models/tray_column.py,21,from,pyomo.network,Arc;Port,0
idaes/models_extra/column_models/tray_column.py,22,from,pyomo.environ,Integers;RangeSet;TransformationFactory;Block;Reference;Var;Constraint,0
idaes/models_extra/column_models/tray_column.py,33,from,idaes.models_extra.column_models,Tray;Condenser;Reboiler,0
idaes/models_extra/column_models/tray_column.py,34,from,idaes.models_extra.column_models.condenser,CondenserType;TemperatureSpec,0
idaes/models_extra/column_models/tray_column.py,35,from,idaes.core,declare_process_block_class;UnitModelBlockData;useDefault,0
idaes/models_extra/column_models/tray_column.py,36,from,idaes.core.util.exceptions,ConfigurationError,0
idaes/models_extra/column_models/tray_column.py,37,from,idaes.core.util.config,is_physical_parameter_block,0
idaes/models_extra/column_models/tray_column.py,38,from,idaes.core.solvers,get_solver,0
idaes/models_extra/column_models/tray_column.py,40,import,idaes.core.util.scaling,,0
idaes/models_extra/column_models/tray_column.py,41,import,idaes.logger,,0
idaes/models_extra/column_models/tray_column.py,42,from,idaes.core.util.initialization,propagate_state,0
idaes/models_extra/column_models/util.py,22,from,functools,partial,0
idaes/models_extra/column_models/util.py,25,from,pyomo.environ,Reference;Expression,0
idaes/models_extra/column_models/util.py,31,from,idaes.core.util.exceptions,PropertyPackageError;PropertyNotSupportedError,0
idaes/models_extra/column_models/util.py,35,import,idaes.logger,,0
idaes/models_extra/gas_distribution/properties/natural_gas.py,26,from,pyomo.core.base.units_container,units,0
idaes/models_extra/gas_distribution/properties/natural_gas.py,27,from,pyomo.core.base.var,Var,0
idaes/models_extra/gas_distribution/properties/natural_gas.py,28,from,pyomo.core.base.constraint,Constraint,0
idaes/models_extra/gas_distribution/properties/natural_gas.py,29,from,pyomo.core.base.expression,Expression,0
idaes/models_extra/gas_distribution/properties/natural_gas.py,30,from,pyomo.core.base.param,Param,0
idaes/models_extra/gas_distribution/properties/natural_gas.py,31,from,pyomo.core.expr,sqrt,0
idaes/models_extra/gas_distribution/properties/natural_gas.py,34,from,idaes.core,PhysicalParameterBlock,0
idaes/models_extra/gas_distribution/properties/natural_gas.py,37,import,idaes.logger,,0
idaes/models_extra/gas_distribution/properties/natural_gas.py,39,from,idaes.core,declare_process_block_class;VaporPhase;Component;MaterialFlowBasis;StateBlock;StateBlockData,0
idaes/models_extra/gas_distribution/properties/natural_gas.py,47,from,idaes.core.util.constants,Constants,0
idaes/models_extra/gas_distribution/unit_models/compressor.py,26,from,pyomo.common.config,ConfigValue,0
idaes/models_extra/gas_distribution/unit_models/compressor.py,27,from,pyomo.core.base.constraint,Constraint,0
idaes/models_extra/gas_distribution/unit_models/compressor.py,28,from,pyomo.core.base.var,Var,0
idaes/models_extra/gas_distribution/unit_models/compressor.py,29,from,pyomo.core.base.units_container,units,0
idaes/models_extra/gas_distribution/unit_models/compressor.py,31,from,idaes.core,declare_process_block_class;MaterialBalanceType;UnitModelBlockData,0
idaes/models_extra/gas_distribution/unit_models/compressor.py,36,from,idaes.core.util.config,is_physical_parameter_block,0
idaes/models_extra/gas_distribution/unit_models/node.py,22,from,pyomo.common.config,ConfigValue,0
idaes/models_extra/gas_distribution/unit_models/node.py,23,from,pyomo.core.base.constraint,Constraint,0
idaes/models_extra/gas_distribution/unit_models/node.py,24,from,pyomo.core.base.var,Var,0
idaes/models_extra/gas_distribution/unit_models/node.py,25,from,pyomo.core.base.set,Set,0
idaes/models_extra/gas_distribution/unit_models/node.py,26,from,pyomo.core.base.block,Block,0
idaes/models_extra/gas_distribution/unit_models/node.py,27,from,pyomo.core.base.units_container,units,0
idaes/models_extra/gas_distribution/unit_models/node.py,28,from,pyomo.core.base.reference,Reference,0
idaes/models_extra/gas_distribution/unit_models/node.py,29,from,pyomo.network.port,Port,0
idaes/models_extra/gas_distribution/unit_models/node.py,30,from,pyomo.network.arc,Arc,0
idaes/models_extra/gas_distribution/unit_models/node.py,32,from,idaes.core,declare_process_block_class;StateBlock;UnitModelBlockData,0
idaes/models_extra/gas_distribution/unit_models/node.py,33,from,idaes.core.util.exceptions,ConfigurationError,0
idaes/models_extra/gas_distribution/unit_models/node.py,34,from,idaes.core.util.config,is_physical_parameter_block,0
idaes/models_extra/gas_distribution/unit_models/pipeline.py,28,from,pyomo.common.config,ConfigValue,0
idaes/models_extra/gas_distribution/unit_models/pipeline.py,29,from,pyomo.core.base.constraint,Constraint,0
idaes/models_extra/gas_distribution/unit_models/pipeline.py,30,from,pyomo.core.base.var,Var,0
idaes/models_extra/gas_distribution/unit_models/pipeline.py,31,from,pyomo.core.base.param,Param,0
idaes/models_extra/gas_distribution/unit_models/pipeline.py,32,from,pyomo.core.base.units_container,units,0
idaes/models_extra/gas_distribution/unit_models/pipeline.py,33,from,pyomo.core.base.reference,Reference,0
idaes/models_extra/gas_distribution/unit_models/pipeline.py,34,from,pyomo.dae.diffvar,DerivativeVar,0
idaes/models_extra/gas_distribution/unit_models/pipeline.py,35,from,pyomo.core.expr,log10,0
idaes/models_extra/gas_distribution/unit_models/pipeline.py,36,from,pyomo.core.expr.numvalue,value,0
idaes/models_extra/gas_distribution/unit_models/pipeline.py,38,from,idaes.core,declare_process_block_class;ControlVolume1DBlock;StateBlock;UnitModelBlockData,0
idaes/models_extra/gas_distribution/unit_models/pipeline.py,44,from,idaes.core.util.config,is_physical_parameter_block;is_transformation_method;is_transformation_scheme,0
idaes/models_extra/gas_distribution/unit_models/pipeline.py,49,from,idaes.core.util.constants,Constants,0
idaes/models_extra/gas_solid_contactors/flowsheets/dyn_TGA_example.py,25,import,time,,0
idaes/models_extra/gas_solid_contactors/flowsheets/dyn_TGA_example.py,27,from,pyomo.environ,ConcreteModel;TransformationFactory;value;units,0
idaes/models_extra/gas_solid_contactors/flowsheets/dyn_TGA_example.py,29,from,idaes.core,FlowsheetBlock;EnergyBalanceType,0
idaes/models_extra/gas_solid_contactors/flowsheets/dyn_TGA_example.py,30,from,idaes.core.util.initialization,initialize_by_time_element,0
idaes/models_extra/gas_solid_contactors/flowsheets/dyn_TGA_example.py,31,from,idaes.core.util,scaling,0
idaes/models_extra/gas_solid_contactors/flowsheets/dyn_TGA_example.py,32,from,idaes.core.solvers,get_solver,0
idaes/models_extra/gas_solid_contactors/flowsheets/dyn_TGA_example.py,34,from,idaes.models_extra.gas_solid_contactors.unit_models.fixed_bed_0D,FixedBed0D,0
idaes/models_extra/gas_solid_contactors/flowsheets/dyn_TGA_example.py,35,from,idaes.models_extra.gas_solid_contactors.properties.methane_iron_OC_reduction.gas_phase_thermo,GasPhaseParameterBlock,0
idaes/models_extra/gas_solid_contactors/flowsheets/dyn_TGA_example.py,38,from,idaes.models_extra.gas_solid_contactors.properties.methane_iron_OC_reduction.solid_phase_thermo,SolidPhaseParameterBlock,0
idaes/models_extra/gas_solid_contactors/flowsheets/dyn_TGA_example.py,41,from,idaes.models_extra.gas_solid_contactors.properties.methane_iron_OC_reduction.hetero_reactions,HeteroReactionParameterBlock,0
idaes/models_extra/gas_solid_contactors/flowsheets/ss_BFB_OC_oxidation.py,26,import,time,,0
idaes/models_extra/gas_solid_contactors/flowsheets/ss_BFB_OC_oxidation.py,29,from,pyomo.environ,ConcreteModel;value,0
idaes/models_extra/gas_solid_contactors/flowsheets/ss_BFB_OC_oxidation.py,32,from,idaes.core,FlowsheetBlock,0
idaes/models_extra/gas_solid_contactors/flowsheets/ss_BFB_OC_oxidation.py,33,from,idaes.core.util,scaling,0
idaes/models_extra/gas_solid_contactors/flowsheets/ss_BFB_OC_oxidation.py,34,from,idaes.core.solvers,get_solver,0
idaes/models_extra/gas_solid_contactors/flowsheets/ss_BFB_OC_oxidation.py,37,import,idaes.logger,,0
idaes/models_extra/gas_solid_contactors/flowsheets/ss_BFB_OC_oxidation.py,40,from,idaes.models_extra.gas_solid_contactors.unit_models.bubbling_fluidized_bed,BubblingFluidizedBed,0
idaes/models_extra/gas_solid_contactors/flowsheets/ss_BFB_OC_oxidation.py,45,from,idaes.models_extra.gas_solid_contactors.properties.oxygen_iron_OC_oxidation.gas_phase_thermo,GasPhaseParameterBlock,0
idaes/models_extra/gas_solid_contactors/flowsheets/ss_BFB_OC_oxidation.py,48,from,idaes.models_extra.gas_solid_contactors.properties.oxygen_iron_OC_oxidation.solid_phase_thermo,SolidPhaseParameterBlock,0
idaes/models_extra/gas_solid_contactors/flowsheets/ss_BFB_OC_oxidation.py,51,from,idaes.models_extra.gas_solid_contactors.properties.oxygen_iron_OC_oxidation.hetero_reactions,HeteroReactionParameterBlock,0
idaes/models_extra/gas_solid_contactors/flowsheets/ss_BFB_methane_combustion.py,26,import,time,,0
idaes/models_extra/gas_solid_contactors/flowsheets/ss_BFB_methane_combustion.py,29,from,pyomo.environ,ConcreteModel;value,0
idaes/models_extra/gas_solid_contactors/flowsheets/ss_BFB_methane_combustion.py,32,from,idaes.core,FlowsheetBlock,0
idaes/models_extra/gas_solid_contactors/flowsheets/ss_BFB_methane_combustion.py,33,from,idaes.core.util,scaling,0
idaes/models_extra/gas_solid_contactors/flowsheets/ss_BFB_methane_combustion.py,34,from,idaes.core.solvers,get_solver,0
idaes/models_extra/gas_solid_contactors/flowsheets/ss_BFB_methane_combustion.py,37,import,idaes.logger,,0
idaes/models_extra/gas_solid_contactors/flowsheets/ss_BFB_methane_combustion.py,40,from,idaes.models_extra.gas_solid_contactors.unit_models.bubbling_fluidized_bed,BubblingFluidizedBed,0
idaes/models_extra/gas_solid_contactors/flowsheets/ss_BFB_methane_combustion.py,45,from,idaes.models_extra.gas_solid_contactors.properties.methane_iron_OC_reduction.gas_phase_thermo,GasPhaseParameterBlock,0
idaes/models_extra/gas_solid_contactors/flowsheets/ss_BFB_methane_combustion.py,48,from,idaes.models_extra.gas_solid_contactors.properties.methane_iron_OC_reduction.solid_phase_thermo,SolidPhaseParameterBlock,0
idaes/models_extra/gas_solid_contactors/flowsheets/ss_BFB_methane_combustion.py,51,from,idaes.models_extra.gas_solid_contactors.properties.methane_iron_OC_reduction.hetero_reactions,HeteroReactionParameterBlock,0
idaes/models_extra/gas_solid_contactors/flowsheets/ss_MB_methane_combustion.py,24,import,time,,0
idaes/models_extra/gas_solid_contactors/flowsheets/ss_MB_methane_combustion.py,26,from,pyomo.environ,ConcreteModel;value,0
idaes/models_extra/gas_solid_contactors/flowsheets/ss_MB_methane_combustion.py,28,from,idaes.core,FlowsheetBlock,0
idaes/models_extra/gas_solid_contactors/flowsheets/ss_MB_methane_combustion.py,29,from,idaes.core.util,scaling,0
idaes/models_extra/gas_solid_contactors/flowsheets/ss_MB_methane_combustion.py,30,from,idaes.core.solvers,get_solver,0
idaes/models_extra/gas_solid_contactors/flowsheets/ss_MB_methane_combustion.py,33,import,idaes.logger,,0
idaes/models_extra/gas_solid_contactors/flowsheets/ss_MB_methane_combustion.py,36,from,idaes.models_extra.gas_solid_contactors.unit_models.moving_bed,MBR,0
idaes/models_extra/gas_solid_contactors/flowsheets/ss_MB_methane_combustion.py,39,from,idaes.models_extra.gas_solid_contactors.properties.methane_iron_OC_reduction.gas_phase_thermo,GasPhaseParameterBlock,0
idaes/models_extra/gas_solid_contactors/flowsheets/ss_MB_methane_combustion.py,42,from,idaes.models_extra.gas_solid_contactors.properties.methane_iron_OC_reduction.solid_phase_thermo,SolidPhaseParameterBlock,0
idaes/models_extra/gas_solid_contactors/flowsheets/ss_MB_methane_combustion.py,45,from,idaes.models_extra.gas_solid_contactors.properties.methane_iron_OC_reduction.hetero_reactions,HeteroReactionParameterBlock,0
idaes/models_extra/gas_solid_contactors/properties/methane_iron_OC_reduction/__init__.py,13,from,idaes.models_extra.gas_solid_contactors.properties.methane_iron_OC_reduction.gas_phase_thermo,GasPhaseParameterBlock;GasPhaseStateBlock,0
idaes/models_extra/gas_solid_contactors/properties/methane_iron_OC_reduction/__init__.py,17,from,idaes.models_extra.gas_solid_contactors.properties.methane_iron_OC_reduction.solid_phase_thermo,SolidPhaseParameterBlock;SolidPhaseStateBlock,0
idaes/models_extra/gas_solid_contactors/properties/methane_iron_OC_reduction/__init__.py,21,from,idaes.models_extra.gas_solid_contactors.properties.methane_iron_OC_reduction.hetero_reactions,HeteroReactionParameterBlock;ReactionBlock,0
idaes/models_extra/gas_solid_contactors/properties/methane_iron_OC_reduction/gas_phase_thermo.py,30,from,pyomo.environ,Constraint;Expression;Param;Reals;value;log;Var;units,0
idaes/models_extra/gas_solid_contactors/properties/methane_iron_OC_reduction/gas_phase_thermo.py,40,from,pyomo.util.calc_var_value,calculate_variable_from_constraint,0
idaes/models_extra/gas_solid_contactors/properties/methane_iron_OC_reduction/gas_phase_thermo.py,43,from,idaes.core,declare_process_block_class;MaterialFlowBasis;PhysicalParameterBlock;StateBlockData;StateBlock;MaterialBalanceType;EnergyBalanceType;Component;VaporPhase,0
idaes/models_extra/gas_solid_contactors/properties/methane_iron_OC_reduction/gas_phase_thermo.py,54,from,idaes.core.util.initialization,fix_state_vars;revert_state_vars;solve_indexed_blocks,0
idaes/models_extra/gas_solid_contactors/properties/methane_iron_OC_reduction/gas_phase_thermo.py,59,from,idaes.core.util.misc,add_object_reference,0
idaes/models_extra/gas_solid_contactors/properties/methane_iron_OC_reduction/gas_phase_thermo.py,60,from,idaes.core.util.model_statistics,degrees_of_freedom;number_unfixed_variables_in_activated_equalities,0
idaes/models_extra/gas_solid_contactors/properties/methane_iron_OC_reduction/gas_phase_thermo.py,64,from,idaes.core.util.constants,Constants,0
idaes/models_extra/gas_solid_contactors/properties/methane_iron_OC_reduction/gas_phase_thermo.py,65,import,idaes.logger,,0
idaes/models_extra/gas_solid_contactors/properties/methane_iron_OC_reduction/gas_phase_thermo.py,66,from,idaes.core.util,scaling,0
idaes/models_extra/gas_solid_contactors/properties/methane_iron_OC_reduction/gas_phase_thermo.py,67,from,idaes.core.solvers,get_solver,0
idaes/models_extra/gas_solid_contactors/properties/methane_iron_OC_reduction/hetero_reactions.py,30,from,pyomo.environ,Constraint;exp;Param;Reals;Set;value;Var;units,0
idaes/models_extra/gas_solid_contactors/properties/methane_iron_OC_reduction/hetero_reactions.py,40,from,pyomo.util.calc_var_value,calculate_variable_from_constraint,0
idaes/models_extra/gas_solid_contactors/properties/methane_iron_OC_reduction/hetero_reactions.py,41,from,pyomo.common.config,ConfigBlock;ConfigValue;Bool,0
idaes/models_extra/gas_solid_contactors/properties/methane_iron_OC_reduction/hetero_reactions.py,44,from,idaes.core,declare_process_block_class;MaterialFlowBasis;ReactionParameterBlock;ReactionBlockDataBase;ReactionBlockBase,0
idaes/models_extra/gas_solid_contactors/properties/methane_iron_OC_reduction/hetero_reactions.py,51,from,idaes.core.util.misc,add_object_reference,0
idaes/models_extra/gas_solid_contactors/properties/methane_iron_OC_reduction/hetero_reactions.py,52,from,idaes.core.util.initialization,fix_state_vars;revert_state_vars;solve_indexed_blocks,0
idaes/models_extra/gas_solid_contactors/properties/methane_iron_OC_reduction/hetero_reactions.py,57,from,idaes.core.util.model_statistics,number_unfixed_variables_in_activated_equalities,0
idaes/models_extra/gas_solid_contactors/properties/methane_iron_OC_reduction/hetero_reactions.py,60,from,idaes.core.util.config,is_state_block;is_physical_parameter_block;is_reaction_parameter_block,0
idaes/models_extra/gas_solid_contactors/properties/methane_iron_OC_reduction/hetero_reactions.py,65,from,idaes.core.util.constants,Constants,0
idaes/models_extra/gas_solid_contactors/properties/methane_iron_OC_reduction/hetero_reactions.py,66,import,idaes.logger,,0
idaes/models_extra/gas_solid_contactors/properties/methane_iron_OC_reduction/hetero_reactions.py,67,from,idaes.core.util,scaling,0
idaes/models_extra/gas_solid_contactors/properties/methane_iron_OC_reduction/hetero_reactions.py,68,from,idaes.core.solvers,get_solver,0
idaes/models_extra/gas_solid_contactors/properties/methane_iron_OC_reduction/solid_phase_thermo.py,28,from,pyomo.environ,Constraint;Expression;Param;Reals;value;Var;units,0
idaes/models_extra/gas_solid_contactors/properties/methane_iron_OC_reduction/solid_phase_thermo.py,37,from,pyomo.util.calc_var_value,calculate_variable_from_constraint,0
idaes/models_extra/gas_solid_contactors/properties/methane_iron_OC_reduction/solid_phase_thermo.py,40,from,idaes.core,declare_process_block_class;MaterialFlowBasis;PhysicalParameterBlock;StateBlockData;StateBlock;MaterialBalanceType;EnergyBalanceType;Component;SolidPhase,0
idaes/models_extra/gas_solid_contactors/properties/methane_iron_OC_reduction/solid_phase_thermo.py,51,from,idaes.core.util.initialization,fix_state_vars;revert_state_vars;solve_indexed_blocks,0
idaes/models_extra/gas_solid_contactors/properties/methane_iron_OC_reduction/solid_phase_thermo.py,56,from,idaes.core.util.misc,add_object_reference,0
idaes/models_extra/gas_solid_contactors/properties/methane_iron_OC_reduction/solid_phase_thermo.py,57,from,idaes.core.util.model_statistics,degrees_of_freedom;number_unfixed_variables_in_activated_equalities,0
idaes/models_extra/gas_solid_contactors/properties/methane_iron_OC_reduction/solid_phase_thermo.py,61,import,idaes.logger,,0
idaes/models_extra/gas_solid_contactors/properties/methane_iron_OC_reduction/solid_phase_thermo.py,62,from,idaes.core.util,scaling,0
idaes/models_extra/gas_solid_contactors/properties/methane_iron_OC_reduction/solid_phase_thermo.py,63,from,idaes.core.solvers,get_solver,0
idaes/models_extra/gas_solid_contactors/properties/oxygen_iron_OC_oxidation/__init__.py,13,from,idaes.models_extra.gas_solid_contactors.properties.oxygen_iron_OC_oxidation.gas_phase_thermo,GasPhaseParameterBlock;GasPhaseStateBlock,0
idaes/models_extra/gas_solid_contactors/properties/oxygen_iron_OC_oxidation/__init__.py,17,from,idaes.models_extra.gas_solid_contactors.properties.oxygen_iron_OC_oxidation.solid_phase_thermo,SolidPhaseParameterBlock;SolidPhaseStateBlock,0
idaes/models_extra/gas_solid_contactors/properties/oxygen_iron_OC_oxidation/__init__.py,21,from,idaes.models_extra.gas_solid_contactors.properties.oxygen_iron_OC_oxidation.hetero_reactions,HeteroReactionParameterBlock;ReactionBlock,0
idaes/models_extra/gas_solid_contactors/properties/oxygen_iron_OC_oxidation/gas_phase_thermo.py,33,from,pyomo.environ,Constraint;Expression;Param;Reals;value;log;Var;units,0
idaes/models_extra/gas_solid_contactors/properties/oxygen_iron_OC_oxidation/gas_phase_thermo.py,43,from,pyomo.util.calc_var_value,calculate_variable_from_constraint,0
idaes/models_extra/gas_solid_contactors/properties/oxygen_iron_OC_oxidation/gas_phase_thermo.py,46,from,idaes.core,declare_process_block_class;MaterialFlowBasis;PhysicalParameterBlock;StateBlockData;StateBlock;MaterialBalanceType;EnergyBalanceType;Component;VaporPhase,0
idaes/models_extra/gas_solid_contactors/properties/oxygen_iron_OC_oxidation/gas_phase_thermo.py,57,from,idaes.core.util.initialization,fix_state_vars;revert_state_vars;solve_indexed_blocks,0
idaes/models_extra/gas_solid_contactors/properties/oxygen_iron_OC_oxidation/gas_phase_thermo.py,62,from,idaes.core.util.misc,add_object_reference,0
idaes/models_extra/gas_solid_contactors/properties/oxygen_iron_OC_oxidation/gas_phase_thermo.py,63,from,idaes.core.util.model_statistics,degrees_of_freedom;number_unfixed_variables_in_activated_equalities,0
idaes/models_extra/gas_solid_contactors/properties/oxygen_iron_OC_oxidation/gas_phase_thermo.py,67,from,idaes.core.util.constants,Constants,0
idaes/models_extra/gas_solid_contactors/properties/oxygen_iron_OC_oxidation/gas_phase_thermo.py,68,import,idaes.logger,,0
idaes/models_extra/gas_solid_contactors/properties/oxygen_iron_OC_oxidation/gas_phase_thermo.py,69,from,idaes.core.util,scaling,0
idaes/models_extra/gas_solid_contactors/properties/oxygen_iron_OC_oxidation/gas_phase_thermo.py,70,from,idaes.core.solvers,get_solver,0
idaes/models_extra/gas_solid_contactors/properties/oxygen_iron_OC_oxidation/hetero_reactions.py,30,from,pyomo.environ,Constraint;exp;Param;Reals;Set;value;Var;units,0
idaes/models_extra/gas_solid_contactors/properties/oxygen_iron_OC_oxidation/hetero_reactions.py,40,from,pyomo.util.calc_var_value,calculate_variable_from_constraint,0
idaes/models_extra/gas_solid_contactors/properties/oxygen_iron_OC_oxidation/hetero_reactions.py,41,from,pyomo.common.config,ConfigBlock;ConfigValue;Bool,0
idaes/models_extra/gas_solid_contactors/properties/oxygen_iron_OC_oxidation/hetero_reactions.py,44,from,idaes.core,declare_process_block_class;MaterialFlowBasis;ReactionParameterBlock;ReactionBlockDataBase;ReactionBlockBase,0
idaes/models_extra/gas_solid_contactors/properties/oxygen_iron_OC_oxidation/hetero_reactions.py,51,from,idaes.core.util.misc,add_object_reference,0
idaes/models_extra/gas_solid_contactors/properties/oxygen_iron_OC_oxidation/hetero_reactions.py,52,from,idaes.core.util.initialization,fix_state_vars;revert_state_vars;solve_indexed_blocks,0
idaes/models_extra/gas_solid_contactors/properties/oxygen_iron_OC_oxidation/hetero_reactions.py,57,from,idaes.core.util.model_statistics,number_unfixed_variables_in_activated_equalities,0
idaes/models_extra/gas_solid_contactors/properties/oxygen_iron_OC_oxidation/hetero_reactions.py,60,from,idaes.core.util.config,is_state_block;is_physical_parameter_block;is_reaction_parameter_block,0
idaes/models_extra/gas_solid_contactors/properties/oxygen_iron_OC_oxidation/hetero_reactions.py,65,from,idaes.core.util.constants,Constants,0
idaes/models_extra/gas_solid_contactors/properties/oxygen_iron_OC_oxidation/hetero_reactions.py,66,import,idaes.logger,,0
idaes/models_extra/gas_solid_contactors/properties/oxygen_iron_OC_oxidation/hetero_reactions.py,67,from,idaes.core.util,scaling,0
idaes/models_extra/gas_solid_contactors/properties/oxygen_iron_OC_oxidation/hetero_reactions.py,68,from,idaes.core.solvers,get_solver,0
idaes/models_extra/gas_solid_contactors/properties/oxygen_iron_OC_oxidation/solid_phase_thermo.py,28,from,pyomo.environ,Constraint;Expression;Param;Reals;value;Var;units,0
idaes/models_extra/gas_solid_contactors/properties/oxygen_iron_OC_oxidation/solid_phase_thermo.py,37,from,pyomo.util.calc_var_value,calculate_variable_from_constraint,0
idaes/models_extra/gas_solid_contactors/properties/oxygen_iron_OC_oxidation/solid_phase_thermo.py,40,from,idaes.core,declare_process_block_class;MaterialFlowBasis;PhysicalParameterBlock;StateBlockData;StateBlock;MaterialBalanceType;EnergyBalanceType;Component;SolidPhase,0
idaes/models_extra/gas_solid_contactors/properties/oxygen_iron_OC_oxidation/solid_phase_thermo.py,51,from,idaes.core.util.initialization,fix_state_vars;revert_state_vars;solve_indexed_blocks,0
idaes/models_extra/gas_solid_contactors/properties/oxygen_iron_OC_oxidation/solid_phase_thermo.py,56,from,idaes.core.util.misc,add_object_reference,0
idaes/models_extra/gas_solid_contactors/properties/oxygen_iron_OC_oxidation/solid_phase_thermo.py,57,from,idaes.core.util.model_statistics,degrees_of_freedom;number_unfixed_variables_in_activated_equalities,0
idaes/models_extra/gas_solid_contactors/properties/oxygen_iron_OC_oxidation/solid_phase_thermo.py,61,import,idaes.logger,,0
idaes/models_extra/gas_solid_contactors/properties/oxygen_iron_OC_oxidation/solid_phase_thermo.py,62,from,idaes.core.util,scaling,0
idaes/models_extra/gas_solid_contactors/properties/oxygen_iron_OC_oxidation/solid_phase_thermo.py,63,from,idaes.core.solvers,get_solver,0
idaes/models_extra/gas_solid_contactors/unit_models/__init__.py,13,from,idaes.models_extra.gas_solid_contactors.unit_models.bubbling_fluidized_bed,BubblingFluidizedBed,0
idaes/models_extra/gas_solid_contactors/unit_models/__init__.py,16,from,idaes.models_extra.gas_solid_contactors.unit_models.moving_bed,MBR,0
idaes/models_extra/gas_solid_contactors/unit_models/__init__.py,17,from,idaes.models_extra.gas_solid_contactors.unit_models.fixed_bed_0D,FixedBed0D,0
idaes/models_extra/gas_solid_contactors/unit_models/__init__.py,18,from,idaes.models_extra.gas_solid_contactors.unit_models.fixed_bed_1D,FixedBed1D,0
idaes/models_extra/gas_solid_contactors/unit_models/bubbling_fluidized_bed.py,35,import,matplotlib.pyplot,,0
idaes/models_extra/gas_solid_contactors/unit_models/bubbling_fluidized_bed.py,38,from,pyomo.environ,Var;Param;Reals;check_optimal_termination;Constraint;TransformationFactory;sqrt;value;units,0
idaes/models_extra/gas_solid_contactors/unit_models/bubbling_fluidized_bed.py,49,from,pyomo.common.config,ConfigBlock;ConfigValue;In;Bool,0
idaes/models_extra/gas_solid_contactors/unit_models/bubbling_fluidized_bed.py,50,from,pyomo.util.calc_var_value,calculate_variable_from_constraint,0
idaes/models_extra/gas_solid_contactors/unit_models/bubbling_fluidized_bed.py,51,from,pyomo.dae,ContinuousSet;DerivativeVar,0
idaes/models_extra/gas_solid_contactors/unit_models/bubbling_fluidized_bed.py,54,from,idaes.core,ControlVolume1DBlock;UnitModelBlockData;declare_process_block_class;MaterialBalanceType;EnergyBalanceType;MomentumBalanceType;FlowDirection;DistributedVars,0
idaes/models_extra/gas_solid_contactors/unit_models/bubbling_fluidized_bed.py,64,from,idaes.core.util.config,is_physical_parameter_block;is_reaction_parameter_block,0
idaes/models_extra/gas_solid_contactors/unit_models/bubbling_fluidized_bed.py,68,from,idaes.core.util.exceptions,ConfigurationError;InitializationError,0
idaes/models_extra/gas_solid_contactors/unit_models/bubbling_fluidized_bed.py,69,from,idaes.core.util.tables,create_stream_table_dataframe,0
idaes/models_extra/gas_solid_contactors/unit_models/bubbling_fluidized_bed.py,70,from,idaes.core.util.constants,Constants,0
idaes/models_extra/gas_solid_contactors/unit_models/bubbling_fluidized_bed.py,71,from,idaes.core.util.math,smooth_min;smooth_max,0
idaes/models_extra/gas_solid_contactors/unit_models/bubbling_fluidized_bed.py,72,import,idaes.logger,,0
idaes/models_extra/gas_solid_contactors/unit_models/bubbling_fluidized_bed.py,73,from,idaes.core.solvers,get_solver,0
idaes/models_extra/gas_solid_contactors/unit_models/bubbling_fluidized_bed.py,74,from,idaes.core.util,scaling,0
idaes/models_extra/gas_solid_contactors/unit_models/fixed_bed_0D.py,18,from,pyomo.environ,Constraint;Var;value;check_optimal_termination;units,0
idaes/models_extra/gas_solid_contactors/unit_models/fixed_bed_0D.py,25,from,pyomo.dae,DerivativeVar,0
idaes/models_extra/gas_solid_contactors/unit_models/fixed_bed_0D.py,26,from,pyomo.common.config,ConfigBlock;ConfigValue;In,0
idaes/models_extra/gas_solid_contactors/unit_models/fixed_bed_0D.py,29,from,idaes.core,declare_process_block_class;EnergyBalanceType;UnitModelBlockData,0
idaes/models_extra/gas_solid_contactors/unit_models/fixed_bed_0D.py,34,from,idaes.core.util.config,is_physical_parameter_block,0
idaes/models_extra/gas_solid_contactors/unit_models/fixed_bed_0D.py,35,from,idaes.core.util.exceptions,InitializationError,0
idaes/models_extra/gas_solid_contactors/unit_models/fixed_bed_0D.py,36,from,idaes.core.util.constants,Constants,0
idaes/models_extra/gas_solid_contactors/unit_models/fixed_bed_0D.py,37,import,idaes.logger,,0
idaes/models_extra/gas_solid_contactors/unit_models/fixed_bed_0D.py,38,from,idaes.core.util,scaling,0
idaes/models_extra/gas_solid_contactors/unit_models/fixed_bed_0D.py,39,from,idaes.core.solvers,get_solver,0
idaes/models_extra/gas_solid_contactors/unit_models/fixed_bed_1D.py,19,from,pyomo.environ,Var;Param;Reals;value;TransformationFactory;Constraint;check_optimal_termination;units,0
idaes/models_extra/gas_solid_contactors/unit_models/fixed_bed_1D.py,29,from,pyomo.common.config,ConfigBlock;ConfigValue;In;Bool,0
idaes/models_extra/gas_solid_contactors/unit_models/fixed_bed_1D.py,30,from,pyomo.util.calc_var_value,calculate_variable_from_constraint,0
idaes/models_extra/gas_solid_contactors/unit_models/fixed_bed_1D.py,31,from,pyomo.dae,ContinuousSet;DerivativeVar,0
idaes/models_extra/gas_solid_contactors/unit_models/fixed_bed_1D.py,32,from,pyomo.util.subsystems,TemporarySubsystemManager,0
idaes/models_extra/gas_solid_contactors/unit_models/fixed_bed_1D.py,33,from,pyomo.common.collections,ComponentSet,0
idaes/models_extra/gas_solid_contactors/unit_models/fixed_bed_1D.py,34,from,pyomo.contrib.incidence_analysis,IncidenceGraphInterface;solve_strongly_connected_components,0
idaes/models_extra/gas_solid_contactors/unit_models/fixed_bed_1D.py,40,from,idaes.core,ControlVolume1DBlock;UnitModelBlockData;declare_process_block_class;MaterialBalanceType;EnergyBalanceType;MomentumBalanceType;FlowDirection;DistributedVars,0
idaes/models_extra/gas_solid_contactors/unit_models/fixed_bed_1D.py,50,from,idaes.core.util.config,is_physical_parameter_block;is_reaction_parameter_block,0
idaes/models_extra/gas_solid_contactors/unit_models/fixed_bed_1D.py,54,from,idaes.core.util.exceptions,ConfigurationError;BurntToast;InitializationError,0
idaes/models_extra/gas_solid_contactors/unit_models/fixed_bed_1D.py,59,from,idaes.core.util.initialization,fix_state_vars;revert_state_vars,0
idaes/models_extra/gas_solid_contactors/unit_models/fixed_bed_1D.py,60,from,idaes.core.util.model_statistics,degrees_of_freedom,0
idaes/models_extra/gas_solid_contactors/unit_models/fixed_bed_1D.py,61,from,idaes.core.util.dyn_utils,get_index_set_except,0
idaes/models_extra/gas_solid_contactors/unit_models/fixed_bed_1D.py,62,from,idaes.core.util.tables,create_stream_table_dataframe,0
idaes/models_extra/gas_solid_contactors/unit_models/fixed_bed_1D.py,63,from,idaes.core.util.constants,Constants,0
idaes/models_extra/gas_solid_contactors/unit_models/fixed_bed_1D.py,64,from,idaes.core.util.math,smooth_abs,0
idaes/models_extra/gas_solid_contactors/unit_models/fixed_bed_1D.py,65,import,idaes.logger,,0
idaes/models_extra/gas_solid_contactors/unit_models/fixed_bed_1D.py,66,from,idaes.core.util,scaling,0
idaes/models_extra/gas_solid_contactors/unit_models/fixed_bed_1D.py,67,from,idaes.core.solvers,get_solver,0
idaes/models_extra/gas_solid_contactors/unit_models/moving_bed.py,39,import,matplotlib.pyplot,,0
idaes/models_extra/gas_solid_contactors/unit_models/moving_bed.py,42,from,pyomo.environ,Var;Param;Reals;value;TransformationFactory;Constraint;check_optimal_termination;units,0
idaes/models_extra/gas_solid_contactors/unit_models/moving_bed.py,52,from,pyomo.common.config,ConfigBlock;ConfigValue;In;Bool,0
idaes/models_extra/gas_solid_contactors/unit_models/moving_bed.py,53,from,pyomo.util.calc_var_value,calculate_variable_from_constraint,0
idaes/models_extra/gas_solid_contactors/unit_models/moving_bed.py,54,from,pyomo.dae,ContinuousSet,0
idaes/models_extra/gas_solid_contactors/unit_models/moving_bed.py,57,from,idaes.core,ControlVolume1DBlock;UnitModelBlockData;declare_process_block_class;MaterialBalanceType;EnergyBalanceType;MomentumBalanceType;FlowDirection;DistributedVars,0
idaes/models_extra/gas_solid_contactors/unit_models/moving_bed.py,67,from,idaes.core.util.config,is_physical_parameter_block;is_reaction_parameter_block,0
idaes/models_extra/gas_solid_contactors/unit_models/moving_bed.py,71,from,idaes.core.util.exceptions,ConfigurationError;BurntToast;InitializationError,0
idaes/models_extra/gas_solid_contactors/unit_models/moving_bed.py,76,from,idaes.core.util.tables,create_stream_table_dataframe,0
idaes/models_extra/gas_solid_contactors/unit_models/moving_bed.py,77,from,idaes.core.util.constants,Constants,0
idaes/models_extra/gas_solid_contactors/unit_models/moving_bed.py,78,from,idaes.core.util.math,smooth_abs,0
idaes/models_extra/gas_solid_contactors/unit_models/moving_bed.py,79,from,idaes.core.util.misc,add_object_reference,0
idaes/models_extra/gas_solid_contactors/unit_models/moving_bed.py,80,import,idaes.logger,,0
idaes/models_extra/gas_solid_contactors/unit_models/moving_bed.py,81,from,idaes.core.util,scaling,0
idaes/models_extra/gas_solid_contactors/unit_models/moving_bed.py,82,from,idaes.core.solvers,get_solver,0
idaes/models_extra/power_generation/costing/costing_dictionaries.py,32,import,os,,0
idaes/models_extra/power_generation/costing/costing_dictionaries.py,33,import,json,,0
idaes/models_extra/power_generation/costing/costing_dictionaries.py,34,from,pyomo.common.fileutils,this_file_dir,0
idaes/models_extra/power_generation/costing/generic_ccs_capcost_custom_dict.py,16,import,os,,0
idaes/models_extra/power_generation/costing/generic_ccs_capcost_custom_dict.py,17,import,json,,0
idaes/models_extra/power_generation/costing/generic_ccs_capcost_custom_dict.py,18,from,pyomo.common.fileutils,this_file_dir,0
idaes/models_extra/power_generation/costing/power_plant_capcost.py,44,from,sys,stdout,0
idaes/models_extra/power_generation/costing/power_plant_capcost.py,45,import,textwrap,,0
idaes/models_extra/power_generation/costing/power_plant_capcost.py,47,from,pandas,DataFrame,0
idaes/models_extra/power_generation/costing/power_plant_capcost.py,49,from,pyomo.environ,Param;Var;Constraint;Expression;value;Expr_if;units,0
idaes/models_extra/power_generation/costing/power_plant_capcost.py,58,from,pyomo.core.base.expression,ScalarExpression,0
idaes/models_extra/power_generation/costing/power_plant_capcost.py,59,from,pyomo.core.base.units_container,InconsistentUnitsError;UnitsError,0
idaes/models_extra/power_generation/costing/power_plant_capcost.py,60,from,pyomo.util.calc_var_value,calculate_variable_from_constraint,0
idaes/models_extra/power_generation/costing/power_plant_capcost.py,62,import,idaes.core.util.scaling,,0
idaes/models_extra/power_generation/costing/power_plant_capcost.py,63,from,idaes.core,FlowsheetCostingBlockData;register_idaes_currency_units,0
idaes/models_extra/power_generation/costing/power_plant_capcost.py,67,from,idaes.models_extra.power_generation.costing.costing_dictionaries,load_BB_costing_dictionary;load_sCO2_costing_dictionary,0
idaes/models_extra/power_generation/costing/power_plant_capcost.py,71,from,idaes.models_extra.power_generation.costing.generic_ccs_capcost_custom_dict,load_generic_ccs_costing_dictionary,0
idaes/models_extra/power_generation/costing/power_plant_capcost.py,75,from,idaes.core.util.tables,stream_table_dataframe_to_string,0
idaes/models_extra/power_generation/costing/power_plant_capcost.py,76,import,idaes.logger,,0
idaes/models_extra/power_generation/costing/power_plant_capcost.py,77,from,idaes.core,declare_process_block_class,0
idaes/models_extra/power_generation/costing/power_plant_costing.py,37,from,pyomo.environ,Constraint;Expr_if;Param;Var,0
idaes/models_extra/power_generation/costing/power_plant_costing.py,38,from,pyomo.environ,units,0
idaes/models_extra/power_generation/costing/power_plant_costing.py,39,from,pyomo.environ,value,0
idaes/models_extra/power_generation/costing/power_plant_costing.py,41,import,idaes.core.util.scaling,,0
idaes/models_extra/power_generation/costing/power_plant_costing.py,42,import,idaes.logger,,0
idaes/models_extra/power_generation/costing/power_plant_costing.py,43,from,idaes.core,declare_process_block_class,0
idaes/models_extra/power_generation/costing/power_plant_costing.py,44,from,idaes.models.costing.QGESS,QGESSCostingData,0
idaes/models_extra/power_generation/costing/power_plant_costing.py,45,from,idaes.models_extra.power_generation.costing.power_plant_costing_dictionaries,load_sCO2_costing_dictionary;register_power_plant_currency_units,0
idaes/models_extra/power_generation/costing/power_plant_costing_dictionaries.py,32,import,os,,0
idaes/models_extra/power_generation/costing/power_plant_costing_dictionaries.py,33,import,json,,0
idaes/models_extra/power_generation/costing/power_plant_costing_dictionaries.py,34,from,sys,stdout,0
idaes/models_extra/power_generation/costing/power_plant_costing_dictionaries.py,35,import,textwrap,,0
idaes/models_extra/power_generation/costing/power_plant_costing_dictionaries.py,37,from,pandas,DataFrame,0
idaes/models_extra/power_generation/costing/power_plant_costing_dictionaries.py,39,from,pyomo.common.fileutils,this_file_dir,0
idaes/models_extra/power_generation/costing/power_plant_costing_dictionaries.py,40,from,pyomo.environ,value;units,0
idaes/models_extra/power_generation/costing/power_plant_costing_dictionaries.py,42,from,idaes.core,register_idaes_currency_units,0
idaes/models_extra/power_generation/costing/power_plant_costing_dictionaries.py,43,from,idaes.core.util.tables,stream_table_dataframe_to_string,0
idaes/models_extra/power_generation/costing/power_plant_costing_dictionaries.py,44,import,idaes.logger,,0
idaes/models_extra/power_generation/flowsheets/subcritical_power_plant/steam_cycle_flowsheet.py,21,import,time,,0
idaes/models_extra/power_generation/flowsheets/subcritical_power_plant/steam_cycle_flowsheet.py,22,import,matplotlib.pyplot,,0
idaes/models_extra/power_generation/flowsheets/subcritical_power_plant/steam_cycle_flowsheet.py,25,import,pyomo.environ,,0
idaes/models_extra/power_generation/flowsheets/subcritical_power_plant/steam_cycle_flowsheet.py,26,from,pyomo.network,Arc,0
idaes/models_extra/power_generation/flowsheets/subcritical_power_plant/steam_cycle_flowsheet.py,29,from,idaes.core.util.initialization,propagate_state,0
idaes/models_extra/power_generation/flowsheets/subcritical_power_plant/steam_cycle_flowsheet.py,30,from,idaes.models_extra.power_generation.unit_models.helm,HelmTurbineStage;HelmTurbineOutletStage;ValveFunctionType;HelmTurbineMultistage;HelmMixer;MomentumMixingType;HelmValve;HelmIsentropicCompressor;HelmSplitter;HelmNtuCondenser,0
idaes/models_extra/power_generation/flowsheets/subcritical_power_plant/steam_cycle_flowsheet.py,42,from,idaes.models_extra.power_generation.unit_models,WaterTank;FWH0DDynamic,0
idaes/models_extra/power_generation/flowsheets/subcritical_power_plant/steam_cycle_flowsheet.py,46,from,idaes.models.control.controller,PIDController;ControllerType;ControllerMVBoundType,0
idaes/models_extra/power_generation/flowsheets/subcritical_power_plant/steam_cycle_flowsheet.py,52,from,idaes.core.util.model_statistics,degrees_of_freedom,0
idaes/models_extra/power_generation/flowsheets/subcritical_power_plant/steam_cycle_flowsheet.py,53,import,idaes.logger,,0
idaes/models_extra/power_generation/flowsheets/subcritical_power_plant/steam_cycle_flowsheet.py,54,import,idaes.core.util.scaling,,0
idaes/models_extra/power_generation/flowsheets/subcritical_power_plant/steam_cycle_flowsheet.py,55,from,idaes.core.solvers,get_solver,0
idaes/models_extra/power_generation/flowsheets/subcritical_power_plant/steam_cycle_flowsheet.py,56,from,idaes.core,FlowsheetBlock,0
idaes/models_extra/power_generation/flowsheets/subcritical_power_plant/steam_cycle_flowsheet.py,57,from,idaes.models.properties,iapws95,0
idaes/models_extra/power_generation/flowsheets/subcritical_power_plant/steam_cycle_flowsheet.py,58,from,idaes.core.util.dyn_utils,copy_values_at_time;copy_non_time_indexed_values,0
idaes/models_extra/power_generation/flowsheets/subcritical_power_plant/subcritical_boiler.py,35,import,os,,0
idaes/models_extra/power_generation/flowsheets/subcritical_power_plant/subcritical_boiler.py,38,import,matplotlib.pyplot,,0
idaes/models_extra/power_generation/flowsheets/subcritical_power_plant/subcritical_boiler.py,41,import,pyomo.environ,,0
idaes/models_extra/power_generation/flowsheets/subcritical_power_plant/subcritical_boiler.py,42,from,pyomo.network,Arc,0
idaes/models_extra/power_generation/flowsheets/subcritical_power_plant/subcritical_boiler.py,45,from,idaes.core,FlowsheetBlock,0
idaes/models_extra/power_generation/flowsheets/subcritical_power_plant/subcritical_boiler.py,46,from,idaes.core.util.model_statistics,degrees_of_freedom,0
idaes/models_extra/power_generation/flowsheets/subcritical_power_plant/subcritical_boiler.py,47,from,idaes.core.util,model_serializer,0
idaes/models_extra/power_generation/flowsheets/subcritical_power_plant/subcritical_boiler.py,48,import,idaes.core.util.scaling,,0
idaes/models_extra/power_generation/flowsheets/subcritical_power_plant/subcritical_boiler.py,49,from,idaes.core.solvers,get_solver,0
idaes/models_extra/power_generation/flowsheets/subcritical_power_plant/subcritical_boiler.py,52,from,idaes.models.properties,iapws95,0
idaes/models_extra/power_generation/flowsheets/subcritical_power_plant/subcritical_boiler.py,55,import,idaes.logger,,0
idaes/models_extra/power_generation/flowsheets/subcritical_power_plant/subcritical_boiler.py,56,from,idaes.models_extra.power_generation.unit_models.drum,Drum,0
idaes/models_extra/power_generation/flowsheets/subcritical_power_plant/subcritical_boiler.py,57,from,idaes.models_extra.power_generation.unit_models.downcomer,Downcomer,0
idaes/models_extra/power_generation/flowsheets/subcritical_power_plant/subcritical_boiler.py,58,from,idaes.models_extra.power_generation.unit_models.waterwall_section,WaterwallSection,0
idaes/models_extra/power_generation/flowsheets/subcritical_power_plant/subcritical_boiler.py,61,from,idaes.models_extra.power_generation.properties.flue_gas_ideal,FlueGasParameterBlock,0
idaes/models_extra/power_generation/flowsheets/subcritical_power_plant/subcritical_boiler_flowsheet.py,23,import,matplotlib.pyplot,,0
idaes/models_extra/power_generation/flowsheets/subcritical_power_plant/subcritical_boiler_flowsheet.py,26,import,pyomo.environ,,0
idaes/models_extra/power_generation/flowsheets/subcritical_power_plant/subcritical_boiler_flowsheet.py,27,from,pyomo.network,Arc,0
idaes/models_extra/power_generation/flowsheets/subcritical_power_plant/subcritical_boiler_flowsheet.py,30,from,idaes.core.util.model_statistics,degrees_of_freedom,0
idaes/models_extra/power_generation/flowsheets/subcritical_power_plant/subcritical_boiler_flowsheet.py,31,from,idaes.core.util.initialization,propagate_state,0
idaes/models_extra/power_generation/flowsheets/subcritical_power_plant/subcritical_boiler_flowsheet.py,32,from,idaes.core.solvers,get_solver,0
idaes/models_extra/power_generation/flowsheets/subcritical_power_plant/subcritical_boiler_flowsheet.py,33,from,idaes.core,FlowsheetBlock,0
idaes/models_extra/power_generation/flowsheets/subcritical_power_plant/subcritical_boiler_flowsheet.py,34,import,idaes.logger,,0
idaes/models_extra/power_generation/flowsheets/subcritical_power_plant/subcritical_boiler_flowsheet.py,37,from,idaes.models.unit_models,Mixer,0
idaes/models_extra/power_generation/flowsheets/subcritical_power_plant/subcritical_boiler_flowsheet.py,38,from,idaes.models.properties,iapws95,0
idaes/models_extra/power_generation/flowsheets/subcritical_power_plant/subcritical_boiler_flowsheet.py,39,from,idaes.models_extra.power_generation.properties,FlueGasParameterBlock,0
idaes/models_extra/power_generation/flowsheets/subcritical_power_plant/subcritical_boiler_flowsheet.py,42,from,idaes.models_extra.power_generation.unit_models.helm,HelmMixer;MomentumMixingType;HelmSplitter,0
idaes/models_extra/power_generation/flowsheets/subcritical_power_plant/subcritical_boiler_flowsheet.py,48,from,idaes.models_extra.power_generation.unit_models,Drum1D;HeatExchangerWith3Streams;WaterPipe;HeatExchangerCrossFlow2D_Header;Downcomer;WaterwallSection;BoilerFireside;SteamHeater,0
idaes/models_extra/power_generation/flowsheets/subcritical_power_plant/subcritical_boiler_flowsheet.py,60,from,idaes.models_extra.power_generation.flowsheets.subcritical_power_plant.generic_surrogate_dict,data_dic,0
idaes/models_extra/power_generation/flowsheets/subcritical_power_plant/subcritical_boiler_flowsheet.py,63,import,idaes.core.util.scaling,,0
idaes/models_extra/power_generation/flowsheets/subcritical_power_plant/subcritical_boiler_flowsheet.py,64,from,idaes.core.util.dyn_utils,copy_values_at_time;copy_non_time_indexed_values,0
idaes/models_extra/power_generation/flowsheets/subcritical_power_plant/subcritical_power_plant.py,20,import,os,,0
idaes/models_extra/power_generation/flowsheets/subcritical_power_plant/subcritical_power_plant.py,21,import,time,,0
idaes/models_extra/power_generation/flowsheets/subcritical_power_plant/subcritical_power_plant.py,22,import,matplotlib.pyplot,,0
idaes/models_extra/power_generation/flowsheets/subcritical_power_plant/subcritical_power_plant.py,24,import,pyomo.environ,,0
idaes/models_extra/power_generation/flowsheets/subcritical_power_plant/subcritical_power_plant.py,25,from,pyomo.network,Arc,0
idaes/models_extra/power_generation/flowsheets/subcritical_power_plant/subcritical_power_plant.py,26,from,idaes.core,FlowsheetBlock,0
idaes/models_extra/power_generation/flowsheets/subcritical_power_plant/subcritical_power_plant.py,27,from,idaes.models.properties,iapws95,0
idaes/models_extra/power_generation/flowsheets/subcritical_power_plant/subcritical_power_plant.py,28,from,idaes.core.util.model_statistics,degrees_of_freedom,0
idaes/models_extra/power_generation/flowsheets/subcritical_power_plant/subcritical_power_plant.py,29,import,idaes.core.util.scaling,,0
idaes/models_extra/power_generation/flowsheets/subcritical_power_plant/subcritical_power_plant.py,30,from,idaes.models_extra.power_generation.properties,FlueGasParameterBlock,0
idaes/models_extra/power_generation/flowsheets/subcritical_power_plant/subcritical_power_plant.py,31,from,idaes.models.control.controller,PIDController;ControllerType,0
idaes/models_extra/power_generation/flowsheets/subcritical_power_plant/subcritical_power_plant.py,35,import,idaes.models_extra.power_generation.flowsheets.subcritical_power_plant.subcritical_boiler_flowsheet,,0
idaes/models_extra/power_generation/flowsheets/subcritical_power_plant/subcritical_power_plant.py,36,import,idaes.models_extra.power_generation.flowsheets.subcritical_power_plant.steam_cycle_flowsheet,,0
idaes/models_extra/power_generation/flowsheets/subcritical_power_plant/subcritical_power_plant.py,37,from,idaes.core.util.dyn_utils,copy_values_at_time;copy_non_time_indexed_values,0
idaes/models_extra/power_generation/flowsheets/subcritical_power_plant/subcritical_power_plant.py,38,import,idaes.logger,,0
idaes/models_extra/power_generation/flowsheets/subcritical_power_plant/subcritical_power_plant.py,39,import,idaes.core.util.tables,,0
idaes/models_extra/power_generation/flowsheets/subcritical_power_plant/subcritical_power_plant.py,40,from,idaes.core.util.tags,svg_tag;ModelTagGroup,0
idaes/models_extra/power_generation/flowsheets/subcritical_power_plant/subcritical_power_plant.py,41,from,idaes.core.solvers,get_solver,0
idaes/models_extra/power_generation/flowsheets/supercritical_power_plant/SCPC_full_plant.py,71,import,logging,,0
idaes/models_extra/power_generation/flowsheets/supercritical_power_plant/SCPC_full_plant.py,74,import,pyomo.environ,,0
idaes/models_extra/power_generation/flowsheets/supercritical_power_plant/SCPC_full_plant.py,75,from,pyomo.network,Arc,0
idaes/models_extra/power_generation/flowsheets/supercritical_power_plant/SCPC_full_plant.py,78,from,idaes.core.util.model_statistics,degrees_of_freedom,0
idaes/models_extra/power_generation/flowsheets/supercritical_power_plant/SCPC_full_plant.py,79,import,idaes.logger,,0
idaes/models_extra/power_generation/flowsheets/supercritical_power_plant/SCPC_full_plant.py,88,import,idaes.models_extra.power_generation.flowsheets.supercritical_steam_cycle.supercritical_steam_cycle,,0
idaes/models_extra/power_generation/flowsheets/supercritical_power_plant/SCPC_full_plant.py,107,import,idaes.models_extra.power_generation.flowsheets.supercritical_power_plant.boiler_subflowsheet_build,,0
idaes/models_extra/power_generation/flowsheets/supercritical_power_plant/boiler_subflowsheet_build.py,55,from,collections,OrderedDict,0
idaes/models_extra/power_generation/flowsheets/supercritical_power_plant/boiler_subflowsheet_build.py,56,import,os,,0
idaes/models_extra/power_generation/flowsheets/supercritical_power_plant/boiler_subflowsheet_build.py,57,import,logging,,0
idaes/models_extra/power_generation/flowsheets/supercritical_power_plant/boiler_subflowsheet_build.py,60,from,pyomo.environ,ConcreteModel;value;TransformationFactory;units,0
idaes/models_extra/power_generation/flowsheets/supercritical_power_plant/boiler_subflowsheet_build.py,66,from,pyomo.network,Arc,0
idaes/models_extra/power_generation/flowsheets/supercritical_power_plant/boiler_subflowsheet_build.py,67,from,pyomo.common.fileutils,this_file_dir,0
idaes/models_extra/power_generation/flowsheets/supercritical_power_plant/boiler_subflowsheet_build.py,69,from,idaes.core.util.tags,svg_tag,0
idaes/models_extra/power_generation/flowsheets/supercritical_power_plant/boiler_subflowsheet_build.py,72,from,idaes.core,FlowsheetBlock,0
idaes/models_extra/power_generation/flowsheets/supercritical_power_plant/boiler_subflowsheet_build.py,75,from,idaes.models.properties,iapws95,0
idaes/models_extra/power_generation/flowsheets/supercritical_power_plant/boiler_subflowsheet_build.py,78,from,idaes.models_extra.power_generation.properties,FlueGasParameterBlock,0
idaes/models_extra/power_generation/flowsheets/supercritical_power_plant/boiler_subflowsheet_build.py,81,from,idaes.models.unit_models,Heater;Mixer,0
idaes/models_extra/power_generation/flowsheets/supercritical_power_plant/boiler_subflowsheet_build.py,82,from,idaes.models_extra.power_generation.unit_models.boiler_heat_exchanger,BoilerHeatExchanger;TubeArrangement;HeatExchangerFlowPattern,0
idaes/models_extra/power_generation/flowsheets/supercritical_power_plant/boiler_subflowsheet_build.py,87,from,idaes.models.unit_models.separator,Separator;SplittingType;EnergySplittingType,0
idaes/models_extra/power_generation/flowsheets/supercritical_power_plant/boiler_subflowsheet_build.py,93,from,idaes.core.util.model_statistics,degrees_of_freedom,0
idaes/models_extra/power_generation/flowsheets/supercritical_power_plant/boiler_subflowsheet_build.py,94,from,idaes.core.solvers,get_solver,0
idaes/models_extra/power_generation/flowsheets/supercritical_steam_cycle/__init__.py,13,from,idaes.models_extra.power_generation.flowsheets.supercritical_steam_cycle.supercritical_steam_cycle,main;pfd_result,0
idaes/models_extra/power_generation/flowsheets/supercritical_steam_cycle/supercritical_steam_cycle.py,27,from,collections,OrderedDict,0
idaes/models_extra/power_generation/flowsheets/supercritical_steam_cycle/supercritical_steam_cycle.py,28,import,os,,0
idaes/models_extra/power_generation/flowsheets/supercritical_steam_cycle/supercritical_steam_cycle.py,29,import,argparse,,0
idaes/models_extra/power_generation/flowsheets/supercritical_steam_cycle/supercritical_steam_cycle.py,30,import,logging,,0
idaes/models_extra/power_generation/flowsheets/supercritical_steam_cycle/supercritical_steam_cycle.py,33,import,pyomo.environ,,0
idaes/models_extra/power_generation/flowsheets/supercritical_steam_cycle/supercritical_steam_cycle.py,34,from,pyomo.network,Arc;Port,0
idaes/models_extra/power_generation/flowsheets/supercritical_steam_cycle/supercritical_steam_cycle.py,35,from,pyomo.common.fileutils,this_file_dir,0
idaes/models_extra/power_generation/flowsheets/supercritical_steam_cycle/supercritical_steam_cycle.py,38,from,idaes.core,FlowsheetBlock,0
idaes/models_extra/power_generation/flowsheets/supercritical_steam_cycle/supercritical_steam_cycle.py,39,from,idaes.core.util,model_serializer,0
idaes/models_extra/power_generation/flowsheets/supercritical_steam_cycle/supercritical_steam_cycle.py,40,from,idaes.core.util.tags,svg_tag;ModelTagGroup,0
idaes/models_extra/power_generation/flowsheets/supercritical_steam_cycle/supercritical_steam_cycle.py,41,from,idaes.models.properties,iapws95,0
idaes/models_extra/power_generation/flowsheets/supercritical_steam_cycle/supercritical_steam_cycle.py,42,from,idaes.models_extra.power_generation.unit_models.helm,HelmTurbineMultistage;HelmMixer;HelmIsentropicCompressor;HelmTurbineStage;HelmNtuCondenser,0
idaes/models_extra/power_generation/flowsheets/supercritical_steam_cycle/supercritical_steam_cycle.py,49,from,idaes.models_extra.power_generation.unit_models,FWH0D,0
idaes/models_extra/power_generation/flowsheets/supercritical_steam_cycle/supercritical_steam_cycle.py,50,from,idaes.models.unit_models,MomentumMixingType,0
idaes/models_extra/power_generation/flowsheets/supercritical_steam_cycle/supercritical_steam_cycle.py,53,from,idaes.core.util.initialization,propagate_state,0
idaes/models_extra/power_generation/flowsheets/supercritical_steam_cycle/supercritical_steam_cycle.py,56,from,idaes.core.solvers,get_solver,0
idaes/models_extra/power_generation/flowsheets/supercritical_steam_cycle/supercritical_steam_cycle.py,57,from,idaes.core.util.model_statistics,degrees_of_freedom,0
idaes/models_extra/power_generation/flowsheets/supercritical_steam_cycle/supercritical_steam_cycle.py,60,from,idaes.models.unit_models.heat_exchanger,delta_temperature_underwood_callback,0
idaes/models_extra/power_generation/flowsheets/supercritical_steam_cycle/supercritical_steam_cycle.py,63,import,idaes.logger,,0
idaes/models_extra/power_generation/flowsheets/supercritical_steam_cycle/supercritical_steam_cycle.py,64,import,idaes.core.util.scaling,,0
idaes/models_extra/power_generation/flowsheets/test/test_scpc_plant.py,19,import,pytest,,0
idaes/models_extra/power_generation/flowsheets/test/test_scpc_plant.py,20,from,pyomo.environ,check_optimal_termination;value,0
idaes/models_extra/power_generation/flowsheets/test/test_scpc_plant.py,21,from,pyomo.util.check_units,assert_units_consistent,0
idaes/models_extra/power_generation/flowsheets/test/test_scpc_plant.py,23,import,idaes.models_extra.power_generation.flowsheets.supercritical_power_plant.boiler_subflowsheet_build,,0
idaes/models_extra/power_generation/flowsheets/test/test_scpc_plant.py,24,import,idaes.models_extra.power_generation.flowsheets.supercritical_power_plant.SCPC_full_plant,,0
idaes/models_extra/power_generation/flowsheets/test/test_scpc_plant.py,25,from,idaes.core.util.model_statistics,degrees_of_freedom,0
idaes/models_extra/power_generation/flowsheets/test/test_scpc_plant.py,26,from,idaes.models.properties.general_helmholtz,helmholtz_available,0
idaes/models_extra/power_generation/flowsheets/test/test_scsc.py,19,import,os,,0
idaes/models_extra/power_generation/flowsheets/test/test_scsc.py,20,import,pytest,,0
idaes/models_extra/power_generation/flowsheets/test/test_scsc.py,21,import,pyomo.environ,,0
idaes/models_extra/power_generation/flowsheets/test/test_scsc.py,22,from,pyomo.util.check_units,assert_units_consistent,0
idaes/models_extra/power_generation/flowsheets/test/test_scsc.py,24,from,idaes.models_extra.power_generation.flowsheets.supercritical_steam_cycle.supercritical_steam_cycle,main;pfd_result,0
idaes/models_extra/power_generation/flowsheets/test/test_scsc.py,28,from,idaes.core.util.model_statistics,degrees_of_freedom;activated_equalities_generator,0
idaes/models_extra/power_generation/flowsheets/test/test_scsc.py,32,from,idaes.models.properties,iapws95,0
idaes/models_extra/power_generation/flowsheets/test/test_scsc.py,33,from,idaes.core.util.tables,create_stream_table_dataframe,0
idaes/models_extra/power_generation/flowsheets/test/test_scsc.py,34,from,idaes.models.properties.general_helmholtz,helmholtz_available,0
idaes/models_extra/power_generation/flowsheets/test/test_subcritical_boiler.py,19,import,pytest,,0
idaes/models_extra/power_generation/flowsheets/test/test_subcritical_boiler.py,20,import,pyomo.environ,,0
idaes/models_extra/power_generation/flowsheets/test/test_subcritical_boiler.py,21,from,pyomo.util.check_units,assert_units_consistent,0
idaes/models_extra/power_generation/flowsheets/test/test_subcritical_boiler.py,23,from,idaes.models_extra.power_generation.flowsheets.subcritical_power_plant.subcritical_boiler,main,0
idaes/models_extra/power_generation/flowsheets/test/test_subcritical_boiler.py,26,from,idaes.core.util.model_statistics,degrees_of_freedom;activated_equalities_generator,0
idaes/models_extra/power_generation/flowsheets/test/test_subcritical_boiler.py,30,from,idaes.models.properties,iapws95,0
idaes/models_extra/power_generation/flowsheets/test/test_subcritical_boiler.py,31,from,idaes.core.solvers,get_solver,0
idaes/models_extra/power_generation/flowsheets/test/test_subcritical_boiler.py,32,import,idaes.core.util.scaling,,0
idaes/models_extra/power_generation/flowsheets/test/test_subcritical_boiler.py,33,from,idaes.models.properties.general_helmholtz,helmholtz_available,0
idaes/models_extra/power_generation/properties/__init__.py,13,from,idaes.models_extra.power_generation.properties.flue_gas_ideal,FlueGasParameterBlock;FlueGasStateBlock,0
idaes/models_extra/power_generation/properties/flue_gas_ideal.py,25,from,pyomo.environ,Constraint;Param;PositiveReals;Reals;value;log;sqrt;Var;Expression;check_optimal_termination;units,0
idaes/models_extra/power_generation/properties/flue_gas_ideal.py,38,from,pyomo.common.config,ConfigValue,0
idaes/models_extra/power_generation/properties/flue_gas_ideal.py,41,from,idaes.core,declare_process_block_class;PhysicalParameterBlock;StateBlockData;StateBlock;Component;VaporPhase,0
idaes/models_extra/power_generation/properties/flue_gas_ideal.py,49,from,idaes.core.util.model_statistics,degrees_of_freedom;number_activated_constraints,0
idaes/models_extra/power_generation/properties/flue_gas_ideal.py,53,from,idaes.core,MaterialBalanceType;EnergyBalanceType;MaterialFlowBasis,0
idaes/models_extra/power_generation/properties/flue_gas_ideal.py,54,from,idaes.core.util.initialization,fix_state_vars;revert_state_vars,0
idaes/models_extra/power_generation/properties/flue_gas_ideal.py,55,from,idaes.core.util,constants,0
idaes/models_extra/power_generation/properties/flue_gas_ideal.py,56,from,idaes.core.solvers,get_solver,0
idaes/models_extra/power_generation/properties/flue_gas_ideal.py,57,import,idaes.core.util.scaling,,0
idaes/models_extra/power_generation/properties/flue_gas_ideal.py,58,from,idaes.core.util.exceptions,ConfigurationError;InitializationError,0
idaes/models_extra/power_generation/properties/flue_gas_ideal.py,61,import,idaes.logger,,0
idaes/models_extra/power_generation/properties/natural_gas_PR.py,23,import,logging,,0
idaes/models_extra/power_generation/properties/natural_gas_PR.py,24,import,copy,,0
idaes/models_extra/power_generation/properties/natural_gas_PR.py,25,import,enum,,0
idaes/models_extra/power_generation/properties/natural_gas_PR.py,28,import,pyomo.environ,,0
idaes/models_extra/power_generation/properties/natural_gas_PR.py,29,from,pyomo.environ,units,0
idaes/models_extra/power_generation/properties/natural_gas_PR.py,32,from,idaes.core,VaporPhase;LiquidPhase;Component;PhaseType,0
idaes/models_extra/power_generation/properties/natural_gas_PR.py,34,from,idaes.models.properties.modular_properties.state_definitions,FTPx,0
idaes/models_extra/power_generation/properties/natural_gas_PR.py,35,from,idaes.models.properties.modular_properties.eos.ceos,Cubic;CubicType,0
idaes/models_extra/power_generation/properties/natural_gas_PR.py,36,from,idaes.models.properties.modular_properties.eos.ideal,Ideal,0
idaes/models_extra/power_generation/properties/natural_gas_PR.py,37,from,idaes.models.properties.modular_properties.phase_equil.forms,log_fugacity,0
idaes/models_extra/power_generation/properties/natural_gas_PR.py,40,from,idaes.models.properties.modular_properties.phase_equil,SmoothVLE,0
idaes/models_extra/power_generation/properties/natural_gas_PR.py,41,from,idaes.models.properties.modular_properties.pure,NIST;RPP4;RPP5;ChapmanEnskogLennardJones;Eucken,0
idaes/models_extra/power_generation/properties/natural_gas_PR.py,48,from,idaes.models.properties.modular_properties.base.generic_reaction,ConcentrationForm,0
idaes/models_extra/power_generation/properties/natural_gas_PR.py,51,from,idaes.models.properties.modular_properties.transport_properties,ViscosityWilke;ThermalConductivityWMS;NoMethod,0
idaes/models_extra/power_generation/properties/natural_gas_PR.py,56,from,idaes.models.properties.modular_properties.transport_properties.viscosity_wilke,wilke_phi_ij_callback,0
idaes/models_extra/power_generation/properties/natural_gas_PR.py,60,from,idaes.models.properties.modular_properties.reactions.dh_rxn,constant_dh_rxn,0
idaes/models_extra/power_generation/properties/natural_gas_PR.py,61,from,idaes.models.properties.modular_properties.reactions.rate_constant,arrhenius,0
idaes/models_extra/power_generation/properties/natural_gas_PR.py,62,from,idaes.models.properties.modular_properties.reactions.rate_forms,power_law_rate,0
idaes/models_extra/power_generation/properties/natural_gas_PR.py,65,from,idaes.core.util.exceptions,ConfigurationError,0
idaes/models_extra/power_generation/unit_models/__init__.py,13,from,feedwater_heater_0D,FWH0D;FWHCondensing0D,1
idaes/models_extra/power_generation/unit_models/__init__.py,14,from,balance,BalanceBlockData;BalanceBlock,1
idaes/models_extra/power_generation/unit_models/__init__.py,15,from,boiler_fireside,BoilerFireside,1
idaes/models_extra/power_generation/unit_models/__init__.py,16,from,boiler_heat_exchanger,BoilerHeatExchanger,1
idaes/models_extra/power_generation/unit_models/__init__.py,17,from,boiler_heat_exchanger_2D,HeatExchangerCrossFlow2D_Header,1
idaes/models_extra/power_generation/unit_models/__init__.py,18,from,cross_flow_heat_exchanger_1D,CrossFlowHeatExchanger1D;CrossFlowHeatExchanger1DInitializer,1
idaes/models_extra/power_generation/unit_models/__init__.py,22,from,downcomer,Downcomer,1
idaes/models_extra/power_generation/unit_models/__init__.py,23,from,drum,Drum,1
idaes/models_extra/power_generation/unit_models/__init__.py,24,from,drum1D,Drum1D,1
idaes/models_extra/power_generation/unit_models/__init__.py,25,from,feedwater_heater_0D_dynamic,FWH0DDynamic,1
idaes/models_extra/power_generation/unit_models/__init__.py,26,from,heater_1D,Heater1D;Heater1DInitializer,1
idaes/models_extra/power_generation/unit_models/__init__.py,27,from,heat_exchanger_3streams,HeatExchangerWith3Streams,1
idaes/models_extra/power_generation/unit_models/__init__.py,28,from,steamheater,SteamHeater,1
idaes/models_extra/power_generation/unit_models/__init__.py,29,from,waterpipe,WaterPipe,1
idaes/models_extra/power_generation/unit_models/__init__.py,30,from,watertank,WaterTank,1
idaes/models_extra/power_generation/unit_models/__init__.py,31,from,waterwall_section,WaterwallSection,1
idaes/models_extra/power_generation/unit_models/balance.py,21,from,pyomo.environ,Reference,0
idaes/models_extra/power_generation/unit_models/balance.py,22,from,pyomo.common.config,ConfigBlock;ConfigValue;In;Bool,0
idaes/models_extra/power_generation/unit_models/balance.py,25,from,idaes.core,ControlVolume0DBlock;declare_process_block_class;EnergyBalanceType;MomentumBalanceType;MaterialBalanceType;UnitModelBlockData;useDefault,0
idaes/models_extra/power_generation/unit_models/balance.py,34,from,idaes.core.util.config,is_physical_parameter_block,0
idaes/models_extra/power_generation/unit_models/balance.py,35,import,idaes.logger,,0
idaes/models_extra/power_generation/unit_models/boiler_fireside.py,72,from,pyomo.common.config,ConfigBlock;ConfigValue;Bool,0
idaes/models_extra/power_generation/unit_models/boiler_fireside.py,76,from,pyomo.environ,Var;Param;exp;RangeSet;Constraint;log,0
idaes/models_extra/power_generation/unit_models/boiler_fireside.py,86,from,idaes.core,declare_process_block_class;UnitModelBlockData;useDefault,0
idaes/models_extra/power_generation/unit_models/boiler_fireside.py,88,from,idaes.core.util.model_statistics,degrees_of_freedom,0
idaes/models_extra/power_generation/unit_models/boiler_fireside.py,90,from,idaes.core.util.config,is_physical_parameter_block;DefaultBool,0
idaes/models_extra/power_generation/unit_models/boiler_fireside.py,91,from,idaes.core.util.exceptions,ConfigurationError,0
idaes/models_extra/power_generation/unit_models/boiler_fireside.py,92,import,idaes.logger,,0
idaes/models_extra/power_generation/unit_models/boiler_fireside.py,93,import,idaes.core.util.scaling,,0
idaes/models_extra/power_generation/unit_models/boiler_fireside.py,94,from,idaes.core.util.constants,Constants,0
idaes/models_extra/power_generation/unit_models/boiler_fireside.py,95,from,idaes.core.solvers,get_solver,0
idaes/models_extra/power_generation/unit_models/boiler_heat_exchanger.py,44,from,enum,Enum,0
idaes/models_extra/power_generation/unit_models/boiler_heat_exchanger.py,47,from,pyomo.common.config,ConfigValue;In,0
idaes/models_extra/power_generation/unit_models/boiler_heat_exchanger.py,50,from,pyomo.environ,value;Var;Param;exp;sqrt;log;PositiveReals;NonNegativeReals;Reference;units,0
idaes/models_extra/power_generation/unit_models/boiler_heat_exchanger.py,64,from,idaes.core,declare_process_block_class,0
idaes/models_extra/power_generation/unit_models/boiler_heat_exchanger.py,66,from,idaes.core.util.misc,add_object_reference,0
idaes/models_extra/power_generation/unit_models/boiler_heat_exchanger.py,67,from,idaes.core.util.constants,Constants,0
idaes/models_extra/power_generation/unit_models/boiler_heat_exchanger.py,68,from,idaes.core.solvers,get_solver,0
idaes/models_extra/power_generation/unit_models/boiler_heat_exchanger.py,69,import,idaes.core.util.scaling,,0
idaes/models_extra/power_generation/unit_models/boiler_heat_exchanger.py,70,import,idaes.logger,,0
idaes/models_extra/power_generation/unit_models/boiler_heat_exchanger.py,71,from,idaes.core.util.exceptions,ConfigurationError,0
idaes/models_extra/power_generation/unit_models/boiler_heat_exchanger.py,75,from,idaes.models.unit_models.heat_exchanger,HeatExchangerData;delta_temperature_lmtd_callback;delta_temperature_lmtd2_callback;delta_temperature_lmtd3_callback;delta_temperature_amtd_callback;delta_temperature_underwood_callback;HeatExchangerFlowPattern,0
idaes/models_extra/power_generation/unit_models/boiler_heat_exchanger_2D.py,30,from,pyomo.environ,Var;Param;Constraint;TransformationFactory;Reference;value;exp;sqrt;log;log10;sin;cos,0
idaes/models_extra/power_generation/unit_models/boiler_heat_exchanger_2D.py,44,from,pyomo.common.config,ConfigBlock;ConfigValue;In;Bool,0
idaes/models_extra/power_generation/unit_models/boiler_heat_exchanger_2D.py,45,from,pyomo.dae,ContinuousSet;DerivativeVar,0
idaes/models_extra/power_generation/unit_models/boiler_heat_exchanger_2D.py,48,from,idaes.core,ControlVolume1DBlock;declare_process_block_class;MaterialBalanceType;EnergyBalanceType;MomentumBalanceType;FlowDirection;UnitModelBlockData,0
idaes/models_extra/power_generation/unit_models/boiler_heat_exchanger_2D.py,58,from,idaes.core.util.config,is_physical_parameter_block,0
idaes/models_extra/power_generation/unit_models/boiler_heat_exchanger_2D.py,59,from,idaes.core.util.misc,add_object_reference,0
idaes/models_extra/power_generation/unit_models/boiler_heat_exchanger_2D.py,60,from,idaes.core.util.exceptions,ConfigurationError,0
idaes/models_extra/power_generation/unit_models/boiler_heat_exchanger_2D.py,61,from,idaes.core.util.constants,Constants,0
idaes/models_extra/power_generation/unit_models/boiler_heat_exchanger_2D.py,62,import,idaes.core.util.scaling,,0
idaes/models_extra/power_generation/unit_models/boiler_heat_exchanger_2D.py,63,from,idaes.core.solvers,get_solver,0
idaes/models_extra/power_generation/unit_models/boiler_heat_exchanger_2D.py,64,from,idaes.core.util.math,smooth_max,0
idaes/models_extra/power_generation/unit_models/boiler_heat_exchanger_2D.py,65,import,idaes.logger,,0
idaes/models_extra/power_generation/unit_models/cpu.py,49,from,pyomo.environ,Var;units,0
idaes/models_extra/power_generation/unit_models/cpu.py,50,from,pyomo.network,Port,0
idaes/models_extra/power_generation/unit_models/cpu.py,53,from,idaes.core,declare_process_block_class;UnitModelBlockData,0
idaes/models_extra/power_generation/unit_models/cpu.py,54,import,idaes.core.util.scaling,,0
idaes/models_extra/power_generation/unit_models/cpu.py,55,import,idaes.logger,,0
idaes/models_extra/power_generation/unit_models/cpu.py,56,from,idaes.core.solvers,get_solver,0
idaes/models_extra/power_generation/unit_models/cross_flow_heat_exchanger_1D.py,20,from,pyomo.environ,assert_optimal_termination;Block;value;Var;log;Param;Reference;units,0
idaes/models_extra/power_generation/unit_models/cross_flow_heat_exchanger_1D.py,30,from,pyomo.common.config,ConfigValue;In;Bool,0
idaes/models_extra/power_generation/unit_models/cross_flow_heat_exchanger_1D.py,31,from,pyomo.network,Port,0
idaes/models_extra/power_generation/unit_models/cross_flow_heat_exchanger_1D.py,32,from,pyomo.dae.flatten,slice_component_along_sets,0
idaes/models_extra/power_generation/unit_models/cross_flow_heat_exchanger_1D.py,35,from,idaes.core,declare_process_block_class,0
idaes/models_extra/power_generation/unit_models/cross_flow_heat_exchanger_1D.py,36,from,idaes.core.util.constants,Constants,0
idaes/models_extra/power_generation/unit_models/cross_flow_heat_exchanger_1D.py,37,import,idaes.core.util.scaling,,0
idaes/models_extra/power_generation/unit_models/cross_flow_heat_exchanger_1D.py,38,from,idaes.core.solvers,get_solver,0
idaes/models_extra/power_generation/unit_models/cross_flow_heat_exchanger_1D.py,39,from,idaes.core.util.exceptions,InitializationError,0
idaes/models_extra/power_generation/unit_models/cross_flow_heat_exchanger_1D.py,40,from,idaes.core.util.misc,add_object_reference,0
idaes/models_extra/power_generation/unit_models/cross_flow_heat_exchanger_1D.py,41,from,idaes.core.util.exceptions,ConfigurationError;BurntToast,0
idaes/models_extra/power_generation/unit_models/cross_flow_heat_exchanger_1D.py,42,import,idaes.logger,,0
idaes/models_extra/power_generation/unit_models/cross_flow_heat_exchanger_1D.py,43,from,idaes.core.util.tables,create_stream_table_dataframe,0
idaes/models_extra/power_generation/unit_models/cross_flow_heat_exchanger_1D.py,44,from,idaes.models.unit_models.heat_exchanger,HeatExchangerFlowPattern,0
idaes/models_extra/power_generation/unit_models/cross_flow_heat_exchanger_1D.py,47,from,idaes.models.unit_models.heat_exchanger_1D,HeatExchanger1DData,0
idaes/models_extra/power_generation/unit_models/cross_flow_heat_exchanger_1D.py,48,from,idaes.models_extra.power_generation.unit_models,heat_exchanger_common,0
idaes/models_extra/power_generation/unit_models/cross_flow_heat_exchanger_1D.py,49,from,idaes.core.initialization,SingleControlVolumeUnitInitializer,0
idaes/models_extra/power_generation/unit_models/downcomer.py,27,from,pyomo.environ,value;Var;Reference;units,0
idaes/models_extra/power_generation/unit_models/downcomer.py,28,from,pyomo.common.config,ConfigBlock;ConfigValue;In;Bool,0
idaes/models_extra/power_generation/unit_models/downcomer.py,31,from,idaes.core,ControlVolume0DBlock;declare_process_block_class;MaterialBalanceType;EnergyBalanceType;MomentumBalanceType;UnitModelBlockData;useDefault,0
idaes/models_extra/power_generation/unit_models/downcomer.py,41,from,idaes.core.util.config,is_physical_parameter_block;DefaultBool,0
idaes/models_extra/power_generation/unit_models/downcomer.py,44,from,idaes.core.util.model_statistics,degrees_of_freedom,0
idaes/models_extra/power_generation/unit_models/downcomer.py,45,import,idaes.core.util.scaling,,0
idaes/models_extra/power_generation/unit_models/downcomer.py,46,from,idaes.core.util.constants,Constants,0
idaes/models_extra/power_generation/unit_models/downcomer.py,47,import,idaes.logger,,0
idaes/models_extra/power_generation/unit_models/downcomer.py,48,from,idaes.core.util.exceptions,ConfigurationError,0
idaes/models_extra/power_generation/unit_models/downcomer.py,49,from,idaes.core.solvers,get_solver,0
idaes/models_extra/power_generation/unit_models/drum.py,55,from,pyomo.common.config,ConfigBlock;ConfigValue;In;Bool,0
idaes/models_extra/power_generation/unit_models/drum.py,56,import,pyomo.environ,,0
idaes/models_extra/power_generation/unit_models/drum.py,57,from,pyomo.network,Port;Arc,0
idaes/models_extra/power_generation/unit_models/drum.py,59,from,idaes.core,ControlVolume0DBlock;declare_process_block_class;MaterialBalanceType;EnergyBalanceType;MomentumBalanceType;UnitModelBlockData;useDefault,0
idaes/models_extra/power_generation/unit_models/drum.py,68,import,idaes.logger,,0
idaes/models_extra/power_generation/unit_models/drum.py,69,from,idaes.core.util.config,is_physical_parameter_block;DefaultBool,0
idaes/models_extra/power_generation/unit_models/drum.py,70,from,idaes.core.util.model_statistics,degrees_of_freedom,0
idaes/models_extra/power_generation/unit_models/drum.py,71,from,idaes.core.util.initialization,fix_state_vars;revert_state_vars,0
idaes/models_extra/power_generation/unit_models/drum.py,72,import,idaes.core.util.scaling,,0
idaes/models_extra/power_generation/unit_models/drum.py,73,from,idaes.models_extra.power_generation.unit_models.helm.phase_separator,HelmPhaseSeparator,0
idaes/models_extra/power_generation/unit_models/drum.py,76,from,idaes.models_extra.power_generation.unit_models.helm.mixer,HelmMixer,0
idaes/models_extra/power_generation/unit_models/drum.py,77,from,idaes.core.util.constants,Constants,0
idaes/models_extra/power_generation/unit_models/drum.py,78,from,idaes.core.solvers,get_solver,0
idaes/models_extra/power_generation/unit_models/drum1D.py,58,import,copy,,0
idaes/models_extra/power_generation/unit_models/drum1D.py,61,from,pyomo.dae,ContinuousSet;DerivativeVar,0
idaes/models_extra/power_generation/unit_models/drum1D.py,62,from,pyomo.common.config,ConfigBlock;ConfigValue;In;Bool,0
idaes/models_extra/power_generation/unit_models/drum1D.py,63,from,pyomo.common.deprecation,deprecation_warning,0
idaes/models_extra/power_generation/unit_models/drum1D.py,64,from,pyomo.environ,value;Var;Param;Reference;exp;asin;cos;log10;log;sqrt;Constraint;TransformationFactory,0
idaes/models_extra/power_generation/unit_models/drum1D.py,78,from,pyomo.network,Port;Arc,0
idaes/models_extra/power_generation/unit_models/drum1D.py,81,from,idaes.core,ControlVolume0DBlock;declare_process_block_class;MaterialBalanceType;EnergyBalanceType;MomentumBalanceType;UnitModelBlockData;useDefault,0
idaes/models_extra/power_generation/unit_models/drum1D.py,90,import,idaes.logger,,0
idaes/models_extra/power_generation/unit_models/drum1D.py,91,from,idaes.core.util.config,is_physical_parameter_block,0
idaes/models_extra/power_generation/unit_models/drum1D.py,94,from,idaes.core.util.initialization,fix_state_vars;revert_state_vars,0
idaes/models_extra/power_generation/unit_models/drum1D.py,95,import,idaes.core.util.scaling,,0
idaes/models_extra/power_generation/unit_models/drum1D.py,96,from,idaes.core.util.exceptions,ConfigurationError,0
idaes/models_extra/power_generation/unit_models/drum1D.py,97,from,idaes.core.solvers,get_solver,0
idaes/models_extra/power_generation/unit_models/drum1D.py,99,from,idaes.models.properties.general_helmholtz,HelmholtzParameterBlockData,0
idaes/models_extra/power_generation/unit_models/drum1D.py,100,from,idaes.models.properties.general_helmholtz.helmholtz_functions,PhaseType,0
idaes/models_extra/power_generation/unit_models/drum1D.py,102,from,idaes.models_extra.power_generation.unit_models.helm.phase_separator,HelmPhaseSeparator,0
idaes/models_extra/power_generation/unit_models/drum1D.py,105,from,idaes.models_extra.power_generation.unit_models.helm,HelmMixer;MomentumMixingType,0
idaes/models_extra/power_generation/unit_models/drum1D.py,109,from,idaes.core.util.constants,Constants,0
idaes/models_extra/power_generation/unit_models/feedwater_heater_0D.py,33,from,pyomo.common.config,ConfigValue;ConfigBlock;Bool,0
idaes/models_extra/power_generation/unit_models/feedwater_heater_0D.py,34,from,pyomo.environ,TransformationFactory;Var;value,0
idaes/models_extra/power_generation/unit_models/feedwater_heater_0D.py,35,from,pyomo.network,Arc,0
idaes/models_extra/power_generation/unit_models/feedwater_heater_0D.py,37,from,idaes.core,declare_process_block_class;UnitModelBlockData;MaterialBalanceType,0
idaes/models_extra/power_generation/unit_models/feedwater_heater_0D.py,42,from,idaes.models.unit_models.heat_exchanger,HeatExchangerData,0
idaes/models_extra/power_generation/unit_models/feedwater_heater_0D.py,43,from,idaes.models.unit_models,Mixer;MomentumMixingType;HeatExchanger,0
idaes/models_extra/power_generation/unit_models/feedwater_heater_0D.py,44,from,idaes.core.util,from_json;to_json;StoreSpec,0
idaes/models_extra/power_generation/unit_models/feedwater_heater_0D.py,45,from,idaes.core.solvers,get_solver,0
idaes/models_extra/power_generation/unit_models/feedwater_heater_0D.py,46,from,idaes.core.util.model_statistics,degrees_of_freedom,0
idaes/models_extra/power_generation/unit_models/feedwater_heater_0D.py,47,from,idaes.core,useDefault,0
idaes/models_extra/power_generation/unit_models/feedwater_heater_0D.py,48,from,idaes.core.util.config,is_physical_parameter_block,0
idaes/models_extra/power_generation/unit_models/feedwater_heater_0D.py,49,import,idaes.logger,,0
idaes/models_extra/power_generation/unit_models/feedwater_heater_0D_dynamic.py,33,from,pyomo.common.config,ConfigValue;ConfigBlock;Bool,0
idaes/models_extra/power_generation/unit_models/feedwater_heater_0D_dynamic.py,34,from,pyomo.environ,TransformationFactory;Var;value;asin;cos,0
idaes/models_extra/power_generation/unit_models/feedwater_heater_0D_dynamic.py,35,from,pyomo.network,Arc,0
idaes/models_extra/power_generation/unit_models/feedwater_heater_0D_dynamic.py,37,from,idaes.core,declare_process_block_class;UnitModelBlockData,0
idaes/models_extra/power_generation/unit_models/feedwater_heater_0D_dynamic.py,41,from,idaes.models.unit_models.heat_exchanger,HeatExchangerData,0
idaes/models_extra/power_generation/unit_models/feedwater_heater_0D_dynamic.py,42,from,idaes.models.unit_models,MomentumMixingType;HeatExchanger,0
idaes/models_extra/power_generation/unit_models/feedwater_heater_0D_dynamic.py,43,from,idaes.core.util,from_json;to_json;StoreSpec,0
idaes/models_extra/power_generation/unit_models/feedwater_heater_0D_dynamic.py,44,from,idaes.core.util.model_statistics,degrees_of_freedom,0
idaes/models_extra/power_generation/unit_models/feedwater_heater_0D_dynamic.py,45,from,idaes.core,useDefault,0
idaes/models_extra/power_generation/unit_models/feedwater_heater_0D_dynamic.py,46,from,idaes.core.util.config,is_physical_parameter_block,0
idaes/models_extra/power_generation/unit_models/feedwater_heater_0D_dynamic.py,47,import,idaes.logger,,0
idaes/models_extra/power_generation/unit_models/feedwater_heater_0D_dynamic.py,48,from,idaes.models_extra.power_generation.unit_models.helm,HelmNtuCondenserData,0
idaes/models_extra/power_generation/unit_models/feedwater_heater_0D_dynamic.py,51,from,idaes.core.util.constants,Constants,0
idaes/models_extra/power_generation/unit_models/feedwater_heater_0D_dynamic.py,52,import,idaes.core.util.scaling,,0
idaes/models_extra/power_generation/unit_models/feedwater_heater_0D_dynamic.py,53,from,idaes.models_extra.power_generation.unit_models.helm,HelmMixer,0
idaes/models_extra/power_generation/unit_models/feedwater_heater_0D_dynamic.py,54,from,idaes.core.solvers,get_solver,0
idaes/models_extra/power_generation/unit_models/feedwater_heater_0D_dynamic.py,55,from,idaes.core.util.initialization,propagate_state,0
idaes/models_extra/power_generation/unit_models/heat_exchanger_3streams.py,19,from,pyomo.common.config,ConfigBlock;ConfigValue;In;Bool,0
idaes/models_extra/power_generation/unit_models/heat_exchanger_3streams.py,20,from,pyomo.environ,Var;Reference,0
idaes/models_extra/power_generation/unit_models/heat_exchanger_3streams.py,23,from,idaes.core,ControlVolume0DBlock;declare_process_block_class;MaterialBalanceType;EnergyBalanceType;MomentumBalanceType;UnitModelBlockData;useDefault,0
idaes/models_extra/power_generation/unit_models/heat_exchanger_3streams.py,32,from,idaes.core.util.config,is_physical_parameter_block,0
idaes/models_extra/power_generation/unit_models/heat_exchanger_3streams.py,33,import,idaes.core.util.scaling,,0
idaes/models_extra/power_generation/unit_models/heat_exchanger_3streams.py,34,from,idaes.core.solvers,get_solver,0
idaes/models_extra/power_generation/unit_models/heat_exchanger_3streams.py,35,import,idaes.logger,,0
idaes/models_extra/power_generation/unit_models/heat_exchanger_common.py,21,from,pyomo.environ,Var;Param;value;units,0
idaes/models_extra/power_generation/unit_models/heat_exchanger_common.py,27,from,pyomo.util.calc_var_value,calculate_variable_from_constraint,0
idaes/models_extra/power_generation/unit_models/heat_exchanger_common.py,29,from,pyomo.dae,DerivativeVar,0
idaes/models_extra/power_generation/unit_models/heat_exchanger_common.py,32,from,idaes.core.util.exceptions,ConfigurationError,0
idaes/models_extra/power_generation/unit_models/heat_exchanger_common.py,33,from,idaes.core.util.constants,Constants,0
idaes/models_extra/power_generation/unit_models/heat_exchanger_common.py,34,import,idaes.core.util.scaling,,0
idaes/models_extra/power_generation/unit_models/heat_exchanger_common.py,35,from,idaes.core.util.misc,add_object_reference,0
idaes/models_extra/power_generation/unit_models/heater_1D.py,20,from,pyomo.environ,assert_optimal_termination;Block;units;Var;value,0
idaes/models_extra/power_generation/unit_models/heater_1D.py,27,from,pyomo.common.config,ConfigValue;In,0
idaes/models_extra/power_generation/unit_models/heater_1D.py,28,from,pyomo.util.calc_var_value,calculate_variable_from_constraint,0
idaes/models_extra/power_generation/unit_models/heater_1D.py,31,from,idaes.core,ControlVolume1DBlock;declare_process_block_class;MaterialBalanceType;EnergyBalanceType;MomentumBalanceType;FlowDirection;UnitModelBlockData;useDefault,0
idaes/models_extra/power_generation/unit_models/heater_1D.py,41,import,idaes.core.util.scaling,,0
idaes/models_extra/power_generation/unit_models/heater_1D.py,42,from,idaes.core.solvers,get_solver,0
idaes/models_extra/power_generation/unit_models/heater_1D.py,43,from,idaes.core.util.config,is_physical_parameter_block,0
idaes/models_extra/power_generation/unit_models/heater_1D.py,44,from,idaes.core.util.exceptions,InitializationError,0
idaes/models_extra/power_generation/unit_models/heater_1D.py,45,from,idaes.core.util.misc,add_object_reference,0
idaes/models_extra/power_generation/unit_models/heater_1D.py,46,import,idaes.logger,,0
idaes/models_extra/power_generation/unit_models/heater_1D.py,47,from,idaes.core.util.tables,create_stream_table_dataframe,0
idaes/models_extra/power_generation/unit_models/heater_1D.py,48,from,idaes.models_extra.power_generation.unit_models.heat_exchanger_common,make_geometry_common;make_performance_common;scale_common,0
idaes/models_extra/power_generation/unit_models/heater_1D.py,53,from,idaes.core.initialization,SingleControlVolumeUnitInitializer,0
idaes/models_extra/power_generation/unit_models/helm/__init__.py,13,from,idaes.models_extra.power_generation.unit_models.helm.splitter,HelmSplitter,0
idaes/models_extra/power_generation/unit_models/helm/__init__.py,14,from,idaes.models_extra.power_generation.unit_models.helm.valve_steam,HelmValve;ValveFunctionType,0
idaes/models_extra/power_generation/unit_models/helm/__init__.py,18,from,idaes.models_extra.power_generation.unit_models.helm.mixer,HelmMixer,0
idaes/models_extra/power_generation/unit_models/helm/__init__.py,19,from,idaes.models.unit_models,MomentumMixingType,0
idaes/models_extra/power_generation/unit_models/helm/__init__.py,20,from,idaes.models_extra.power_generation.unit_models.helm.compressor,HelmIsentropicCompressor,0
idaes/models_extra/power_generation/unit_models/helm/__init__.py,23,from,idaes.models_extra.power_generation.unit_models.helm.turbine,HelmIsentropicTurbine,0
idaes/models_extra/power_generation/unit_models/helm/__init__.py,26,from,idaes.models_extra.power_generation.unit_models.helm.pump,HelmPump,0
idaes/models_extra/power_generation/unit_models/helm/__init__.py,27,from,idaes.models_extra.power_generation.unit_models.helm.turbine_inlet,HelmTurbineInletStage,0
idaes/models_extra/power_generation/unit_models/helm/__init__.py,30,from,idaes.models_extra.power_generation.unit_models.helm.turbine_stage,HelmTurbineStage,0
idaes/models_extra/power_generation/unit_models/helm/__init__.py,33,from,idaes.models_extra.power_generation.unit_models.helm.turbine_outlet,HelmTurbineOutletStage,0
idaes/models_extra/power_generation/unit_models/helm/__init__.py,36,from,idaes.models_extra.power_generation.unit_models.helm.turbine_multistage,HelmTurbineMultistage,0
idaes/models_extra/power_generation/unit_models/helm/__init__.py,39,from,idaes.models_extra.power_generation.unit_models.helm.condenser_ntu,HelmNtuCondenser;HelmNtuCondenserData,0
idaes/models_extra/power_generation/unit_models/helm/compressor.py,19,import,pyomo.environ,,0
idaes/models_extra/power_generation/unit_models/helm/compressor.py,20,from,pyomo.common.config,In,0
idaes/models_extra/power_generation/unit_models/helm/compressor.py,21,from,idaes.core,declare_process_block_class,0
idaes/models_extra/power_generation/unit_models/helm/compressor.py,22,from,idaes.models_extra.power_generation.unit_models.balance,BalanceBlockData,0
idaes/models_extra/power_generation/unit_models/helm/compressor.py,23,from,idaes.core.util,from_json;to_json;StoreSpec,0
idaes/models_extra/power_generation/unit_models/helm/compressor.py,24,from,idaes.core.solvers,get_solver,0
idaes/models_extra/power_generation/unit_models/helm/compressor.py,25,import,idaes.models.properties.helmholtz.helmholtz,,0
idaes/models_extra/power_generation/unit_models/helm/compressor.py,26,from,idaes.models.properties.helmholtz.helmholtz,HelmholtzThermoExpressions,0
idaes/models_extra/power_generation/unit_models/helm/compressor.py,29,import,idaes.core.util.scaling,,0
idaes/models_extra/power_generation/unit_models/helm/compressor.py,30,import,idaes.logger,,0
idaes/models_extra/power_generation/unit_models/helm/condenser_ntu.py,23,import,pyomo.environ,,0
idaes/models_extra/power_generation/unit_models/helm/condenser_ntu.py,24,from,pyomo.environ,units,0
idaes/models_extra/power_generation/unit_models/helm/condenser_ntu.py,25,from,pyomo.common.config,ConfigBlock;ConfigValue,0
idaes/models_extra/power_generation/unit_models/helm/condenser_ntu.py,28,from,idaes.core,declare_process_block_class;UnitModelBlockData,0
idaes/models_extra/power_generation/unit_models/helm/condenser_ntu.py,29,from,idaes.core.util,from_json;to_json;StoreSpec,0
idaes/models_extra/power_generation/unit_models/helm/condenser_ntu.py,30,from,idaes.core.solvers,get_solver,0
idaes/models_extra/power_generation/unit_models/helm/condenser_ntu.py,31,from,idaes.core.util.tables,create_stream_table_dataframe,0
idaes/models_extra/power_generation/unit_models/helm/condenser_ntu.py,32,from,idaes.models.unit_models.heater,_make_heater_config_block;_make_heater_control_volume,0
idaes/models_extra/power_generation/unit_models/helm/condenser_ntu.py,36,from,idaes.models.unit_models.heat_exchanger,hx_process_config;add_hx_references,0
idaes/models_extra/power_generation/unit_models/helm/condenser_ntu.py,37,import,idaes.core.util.scaling,,0
idaes/models_extra/power_generation/unit_models/helm/condenser_ntu.py,38,import,idaes.logger,,0
idaes/models_extra/power_generation/unit_models/helm/mixer.py,17,from,pyomo.environ,Param;PositiveReals;value,0
idaes/models_extra/power_generation/unit_models/helm/mixer.py,18,from,pyomo.common.config,ConfigBlock;ConfigValue;In;ListOf,0
idaes/models_extra/power_generation/unit_models/helm/mixer.py,20,from,idaes.core,declare_process_block_class;UnitModelBlockData;useDefault,0
idaes/models_extra/power_generation/unit_models/helm/mixer.py,25,from,idaes.core.util.config,is_physical_parameter_block,0
idaes/models_extra/power_generation/unit_models/helm/mixer.py,26,from,idaes.core.util.exceptions,ConfigurationError,0
idaes/models_extra/power_generation/unit_models/helm/mixer.py,27,from,idaes.core.util.math,smooth_min,0
idaes/models_extra/power_generation/unit_models/helm/mixer.py,28,from,idaes.models.unit_models,MomentumMixingType,0
idaes/models_extra/power_generation/unit_models/helm/mixer.py,29,from,idaes.core.util,from_json;to_json;StoreSpec,0
idaes/models_extra/power_generation/unit_models/helm/mixer.py,30,from,idaes.core.util.tables,create_stream_table_dataframe,0
idaes/models_extra/power_generation/unit_models/helm/mixer.py,31,import,idaes.core.util.scaling,,0
idaes/models_extra/power_generation/unit_models/helm/mixer.py,32,from,idaes.core.solvers,get_solver,0
idaes/models_extra/power_generation/unit_models/helm/mixer.py,34,import,idaes.logger,,0
idaes/models_extra/power_generation/unit_models/helm/phase_separator.py,25,from,pyomo.common.config,ConfigBlock;ConfigValue;In,0
idaes/models_extra/power_generation/unit_models/helm/phase_separator.py,26,from,pyomo.environ,value,0
idaes/models_extra/power_generation/unit_models/helm/phase_separator.py,29,from,idaes.core,declare_process_block_class;UnitModelBlockData;useDefault,0
idaes/models_extra/power_generation/unit_models/helm/phase_separator.py,30,from,idaes.core.util.config,is_physical_parameter_block,0
idaes/models_extra/power_generation/unit_models/helm/phase_separator.py,31,import,idaes.logger,,0
idaes/models_extra/power_generation/unit_models/helm/phase_separator.py,32,from,idaes.core.util.initialization,fix_state_vars;revert_state_vars,0
idaes/models_extra/power_generation/unit_models/helm/phase_separator.py,33,from,idaes.core.util.tables,create_stream_table_dataframe,0
idaes/models_extra/power_generation/unit_models/helm/pump.py,19,import,pyomo.environ,,0
idaes/models_extra/power_generation/unit_models/helm/pump.py,20,from,pyomo.common.config,In,0
idaes/models_extra/power_generation/unit_models/helm/pump.py,21,from,idaes.core,declare_process_block_class,0
idaes/models_extra/power_generation/unit_models/helm/pump.py,22,from,idaes.models_extra.power_generation.unit_models.balance,BalanceBlockData,0
idaes/models_extra/power_generation/unit_models/helm/pump.py,23,from,idaes.core.util,from_json;to_json;StoreSpec,0
idaes/models_extra/power_generation/unit_models/helm/pump.py,24,from,idaes.core.solvers,get_solver,0
idaes/models_extra/power_generation/unit_models/helm/pump.py,25,import,idaes.models.properties.helmholtz.helmholtz,,0
idaes/models_extra/power_generation/unit_models/helm/pump.py,26,import,idaes.core.util.scaling,,0
idaes/models_extra/power_generation/unit_models/helm/pump.py,28,import,idaes.logger,,0
idaes/models_extra/power_generation/unit_models/helm/splitter.py,26,from,pyomo.environ,Var;value,0
idaes/models_extra/power_generation/unit_models/helm/splitter.py,27,from,pyomo.common.config,ConfigBlock;ConfigValue;In;ListOf,0
idaes/models_extra/power_generation/unit_models/helm/splitter.py,29,from,idaes.core,declare_process_block_class;UnitModelBlockData;useDefault,0
idaes/models_extra/power_generation/unit_models/helm/splitter.py,34,from,idaes.core.util.config,is_physical_parameter_block,0
idaes/models_extra/power_generation/unit_models/helm/splitter.py,35,from,idaes.core.util.tables,create_stream_table_dataframe,0
idaes/models_extra/power_generation/unit_models/helm/splitter.py,36,from,idaes.core.util.exceptions,ConfigurationError,0
idaes/models_extra/power_generation/unit_models/helm/splitter.py,37,from,idaes.core.util,from_json;to_json;StoreSpec,0
idaes/models_extra/power_generation/unit_models/helm/splitter.py,38,from,idaes.core.solvers,get_solver,0
idaes/models_extra/power_generation/unit_models/helm/splitter.py,39,import,idaes.logger,,0
idaes/models_extra/power_generation/unit_models/helm/splitter.py,40,from,idaes.core.util.model_statistics,degrees_of_freedom,0
idaes/models_extra/power_generation/unit_models/helm/splitter.py,41,import,idaes.core.util.scaling,,0
idaes/models_extra/power_generation/unit_models/helm/turbine.py,19,import,pyomo.environ,,0
idaes/models_extra/power_generation/unit_models/helm/turbine.py,20,from,pyomo.common.config,In,0
idaes/models_extra/power_generation/unit_models/helm/turbine.py,21,from,idaes.core,declare_process_block_class,0
idaes/models_extra/power_generation/unit_models/helm/turbine.py,22,from,idaes.models_extra.power_generation.unit_models.balance,BalanceBlockData,0
idaes/models_extra/power_generation/unit_models/helm/turbine.py,23,from,idaes.core.util,from_json;to_json;StoreSpec,0
idaes/models_extra/power_generation/unit_models/helm/turbine.py,24,from,idaes.core.solvers,get_solver,0
idaes/models_extra/power_generation/unit_models/helm/turbine.py,25,import,idaes.models.properties.helmholtz.helmholtz,,0
idaes/models_extra/power_generation/unit_models/helm/turbine.py,26,from,idaes.models.properties.helmholtz.helmholtz,HelmholtzThermoExpressions,0
idaes/models_extra/power_generation/unit_models/helm/turbine.py,29,import,idaes.logger,,0
idaes/models_extra/power_generation/unit_models/helm/turbine.py,30,import,idaes.core.util.scaling,,0
idaes/models_extra/power_generation/unit_models/helm/turbine_inlet.py,26,from,pyomo.environ,Var;sqrt;value;units,0
idaes/models_extra/power_generation/unit_models/helm/turbine_inlet.py,27,from,idaes.core,declare_process_block_class,0
idaes/models_extra/power_generation/unit_models/helm/turbine_inlet.py,28,from,idaes.models_extra.power_generation.unit_models.helm.turbine,HelmIsentropicTurbineData,0
idaes/models_extra/power_generation/unit_models/helm/turbine_inlet.py,31,from,idaes.core.util,from_json;to_json;StoreSpec,0
idaes/models_extra/power_generation/unit_models/helm/turbine_inlet.py,32,from,idaes.core.solvers,get_solver,0
idaes/models_extra/power_generation/unit_models/helm/turbine_inlet.py,33,import,idaes.logger,,0
idaes/models_extra/power_generation/unit_models/helm/turbine_inlet.py,34,import,idaes.core.util.scaling,,0
idaes/models_extra/power_generation/unit_models/helm/turbine_multistage.py,24,import,copy,,0
idaes/models_extra/power_generation/unit_models/helm/turbine_multistage.py,26,import,pyomo.environ,,0
idaes/models_extra/power_generation/unit_models/helm/turbine_multistage.py,27,from,pyomo.network,Arc,0
idaes/models_extra/power_generation/unit_models/helm/turbine_multistage.py,28,from,pyomo.common.config,ConfigBlock;ConfigValue;ConfigList;In,0
idaes/models_extra/power_generation/unit_models/helm/turbine_multistage.py,30,from,idaes.core,declare_process_block_class;UnitModelBlockData;useDefault,0
idaes/models_extra/power_generation/unit_models/helm/turbine_multistage.py,31,from,idaes.models_extra.power_generation.unit_models.helm,HelmSplitter;HelmMixer;MomentumMixingType;HelmTurbineInletStage;HelmTurbineStage;HelmTurbineOutletStage;ValveFunctionType,0
idaes/models_extra/power_generation/unit_models/helm/turbine_multistage.py,40,from,idaes.models_extra.power_generation.unit_models.helm,HelmValve,0
idaes/models_extra/power_generation/unit_models/helm/turbine_multistage.py,42,from,idaes.core.util.config,is_physical_parameter_block,0
idaes/models_extra/power_generation/unit_models/helm/turbine_multistage.py,43,from,idaes.core.util,from_json;to_json;StoreSpec,0
idaes/models_extra/power_generation/unit_models/helm/turbine_multistage.py,44,from,idaes.core.util.initialization,propagate_state,0
idaes/models_extra/power_generation/unit_models/helm/turbine_multistage.py,45,import,idaes.core.util.scaling,,0
idaes/models_extra/power_generation/unit_models/helm/turbine_multistage.py,47,import,idaes.logger,,0
idaes/models_extra/power_generation/unit_models/helm/turbine_outlet.py,26,from,pyomo.environ,Var;sqrt;value;units,0
idaes/models_extra/power_generation/unit_models/helm/turbine_outlet.py,27,from,idaes.models_extra.power_generation.unit_models.helm.turbine,HelmIsentropicTurbineData,0
idaes/models_extra/power_generation/unit_models/helm/turbine_outlet.py,30,from,idaes.core,declare_process_block_class,0
idaes/models_extra/power_generation/unit_models/helm/turbine_outlet.py,31,from,idaes.core.util,from_json;to_json;StoreSpec,0
idaes/models_extra/power_generation/unit_models/helm/turbine_outlet.py,32,from,idaes.core.solvers,get_solver,0
idaes/models_extra/power_generation/unit_models/helm/turbine_outlet.py,33,import,idaes.core.util.scaling,,0
idaes/models_extra/power_generation/unit_models/helm/turbine_outlet.py,35,import,idaes.logger,,0
idaes/models_extra/power_generation/unit_models/helm/turbine_stage.py,28,from,pyomo.environ,Var;units,0
idaes/models_extra/power_generation/unit_models/helm/turbine_stage.py,30,from,idaes.core,declare_process_block_class,0
idaes/models_extra/power_generation/unit_models/helm/turbine_stage.py,31,from,idaes.models_extra.power_generation.unit_models.helm.turbine,HelmIsentropicTurbineData,0
idaes/models_extra/power_generation/unit_models/helm/turbine_stage.py,34,import,idaes.logger,,0
idaes/models_extra/power_generation/unit_models/helm/valve_steam.py,20,from,enum,Enum,0
idaes/models_extra/power_generation/unit_models/helm/valve_steam.py,22,import,pyomo.environ,,0
idaes/models_extra/power_generation/unit_models/helm/valve_steam.py,23,from,pyomo.common.config,ConfigValue;In,0
idaes/models_extra/power_generation/unit_models/helm/valve_steam.py,25,from,idaes.core,declare_process_block_class,0
idaes/models_extra/power_generation/unit_models/helm/valve_steam.py,26,from,idaes.models_extra.power_generation.unit_models.balance,BalanceBlockData,0
idaes/models_extra/power_generation/unit_models/helm/valve_steam.py,27,from,idaes.core.util,from_json;to_json;StoreSpec,0
idaes/models_extra/power_generation/unit_models/helm/valve_steam.py,28,from,idaes.core.solvers,get_solver,0
idaes/models_extra/power_generation/unit_models/helm/valve_steam.py,29,import,idaes.models.properties.helmholtz.helmholtz,,0
idaes/models_extra/power_generation/unit_models/helm/valve_steam.py,30,import,idaes.logger,,0
idaes/models_extra/power_generation/unit_models/helm/valve_steam.py,31,import,idaes.core.util.scaling,,0
idaes/models_extra/power_generation/unit_models/helm/valve_steam.py,32,from,idaes.core.util.exceptions,ConfigurationError,0
idaes/models_extra/power_generation/unit_models/soc_submodels/__init__.py,14,from,idaes.models_extra.power_generation.unit_models.soc_submodels.channel,SocChannel,0
idaes/models_extra/power_generation/unit_models/soc_submodels/__init__.py,17,from,idaes.models_extra.power_generation.unit_models.soc_submodels.porous_conductive_slab,PorousConductiveSlab,0
idaes/models_extra/power_generation/unit_models/soc_submodels/__init__.py,20,from,idaes.models_extra.power_generation.unit_models.soc_submodels.conductive_slab,SocConductiveSlab,0
idaes/models_extra/power_generation/unit_models/soc_submodels/__init__.py,23,from,idaes.models_extra.power_generation.unit_models.soc_submodels.triple_phase_boundary,SocTriplePhaseBoundary,0
idaes/models_extra/power_generation/unit_models/soc_submodels/__init__.py,26,from,idaes.models_extra.power_generation.unit_models.soc_submodels.contact_resistor,SocContactResistor,0
idaes/models_extra/power_generation/unit_models/soc_submodels/__init__.py,29,from,idaes.models_extra.power_generation.unit_models.soc_submodels.solid_oxide_cell,SolidOxideCell,0
idaes/models_extra/power_generation/unit_models/soc_submodels/__init__.py,32,from,idaes.models_extra.power_generation.unit_models.soc_submodels.solid_oxide_module_simple,SolidOxideModuleSimple,0
idaes/models_extra/power_generation/unit_models/soc_submodels/channel.py,62,from,pyomo.common.config,ConfigValue;In;ListOf;Bool,0
idaes/models_extra/power_generation/unit_models/soc_submodels/channel.py,63,from,pyomo.dae,DerivativeVar,0
idaes/models_extra/power_generation/unit_models/soc_submodels/channel.py,64,import,pyomo.environ,,0
idaes/models_extra/power_generation/unit_models/soc_submodels/channel.py,66,from,idaes.core,declare_process_block_class;UnitModelBlockData;useDefault,0
idaes/models_extra/power_generation/unit_models/soc_submodels/channel.py,67,from,idaes.core.util.constants,Constants,0
idaes/models_extra/power_generation/unit_models/soc_submodels/channel.py,68,import,idaes.models_extra.power_generation.unit_models.soc_submodels.common,,0
idaes/models_extra/power_generation/unit_models/soc_submodels/channel.py,69,from,idaes.models_extra.power_generation.unit_models.soc_submodels.common,_set_if_unfixed;_gas_species_list;_element_list;_element_dict,0
idaes/models_extra/power_generation/unit_models/soc_submodels/channel.py,75,import,idaes.core.util.scaling,,0
idaes/models_extra/power_generation/unit_models/soc_submodels/channel.py,76,from,idaes.core.solvers,get_solver,0
idaes/models_extra/power_generation/unit_models/soc_submodels/channel.py,78,from,idaes.core.base.var_like_expression,VarLikeExpression,0
idaes/models_extra/power_generation/unit_models/soc_submodels/channel.py,79,import,idaes.logger,,0
idaes/models_extra/power_generation/unit_models/soc_submodels/common.py,19,import,enum,,0
idaes/models_extra/power_generation/unit_models/soc_submodels/common.py,21,from,pyomo.common.config,ConfigValue;In,0
idaes/models_extra/power_generation/unit_models/soc_submodels/common.py,22,import,pyomo.environ,,0
idaes/models_extra/power_generation/unit_models/soc_submodels/common.py,25,from,idaes.core,useDefault,0
idaes/models_extra/power_generation/unit_models/soc_submodels/common.py,26,import,idaes.core.util.scaling,,0
idaes/models_extra/power_generation/unit_models/soc_submodels/common.py,27,from,idaes.core.util.exceptions,ConfigurationError;InitializationError,0
idaes/models_extra/power_generation/unit_models/soc_submodels/common.py,28,import,idaes.core.util.model_statistics,,0
idaes/models_extra/power_generation/unit_models/soc_submodels/common.py,29,from,idaes.core.util.constants,Constants,0
idaes/models_extra/power_generation/unit_models/soc_submodels/common.py,30,import,idaes.logger,,0
idaes/models_extra/power_generation/unit_models/soc_submodels/conductive_slab.py,44,from,pyomo.common.config,ConfigValue;Bool,0
idaes/models_extra/power_generation/unit_models/soc_submodels/conductive_slab.py,45,from,pyomo.dae,DerivativeVar,0
idaes/models_extra/power_generation/unit_models/soc_submodels/conductive_slab.py,46,import,pyomo.environ,,0
idaes/models_extra/power_generation/unit_models/soc_submodels/conductive_slab.py,49,from,idaes.core,declare_process_block_class;UnitModelBlockData,0
idaes/models_extra/power_generation/unit_models/soc_submodels/conductive_slab.py,50,import,idaes.models_extra.power_generation.unit_models.soc_submodels.common,,0
idaes/models_extra/power_generation/unit_models/soc_submodels/conductive_slab.py,51,import,idaes.core.util.scaling,,0
idaes/models_extra/power_generation/unit_models/soc_submodels/conductive_slab.py,53,import,idaes.logger,,0
idaes/models_extra/power_generation/unit_models/soc_submodels/contact_resistor.py,40,from,pyomo.common.config,ConfigBlock;ConfigValue;In;Bool,0
idaes/models_extra/power_generation/unit_models/soc_submodels/contact_resistor.py,41,import,pyomo.environ,,0
idaes/models_extra/power_generation/unit_models/soc_submodels/contact_resistor.py,44,from,idaes.core,declare_process_block_class;UnitModelBlockData,0
idaes/models_extra/power_generation/unit_models/soc_submodels/contact_resistor.py,45,import,idaes.models_extra.power_generation.unit_models.soc_submodels.common,,0
idaes/models_extra/power_generation/unit_models/soc_submodels/contact_resistor.py,46,import,idaes.core.util.scaling,,0
idaes/models_extra/power_generation/unit_models/soc_submodels/contact_resistor.py,47,from,idaes.core.solvers,get_solver,0
idaes/models_extra/power_generation/unit_models/soc_submodels/contact_resistor.py,49,import,idaes.logger,,0
idaes/models_extra/power_generation/unit_models/soc_submodels/porous_conductive_slab.py,62,from,pyomo.common.config,ConfigValue;Bool;ListOf,0
idaes/models_extra/power_generation/unit_models/soc_submodels/porous_conductive_slab.py,63,from,pyomo.dae,DerivativeVar,0
idaes/models_extra/power_generation/unit_models/soc_submodels/porous_conductive_slab.py,64,import,pyomo.environ,,0
idaes/models_extra/power_generation/unit_models/soc_submodels/porous_conductive_slab.py,67,from,idaes.core,declare_process_block_class;UnitModelBlockData,0
idaes/models_extra/power_generation/unit_models/soc_submodels/porous_conductive_slab.py,68,from,idaes.core.util.constants,Constants,0
idaes/models_extra/power_generation/unit_models/soc_submodels/porous_conductive_slab.py,69,import,idaes.models_extra.power_generation.unit_models.soc_submodels.common,,0
idaes/models_extra/power_generation/unit_models/soc_submodels/porous_conductive_slab.py,70,from,idaes.models_extra.power_generation.unit_models.soc_submodels.common,_set_if_unfixed;_gas_species_list;_element_list;_element_dict,0
idaes/models_extra/power_generation/unit_models/soc_submodels/porous_conductive_slab.py,76,from,idaes.core.util.exceptions,ConfigurationError,0
idaes/models_extra/power_generation/unit_models/soc_submodels/porous_conductive_slab.py,77,import,idaes.core.util.scaling,,0
idaes/models_extra/power_generation/unit_models/soc_submodels/porous_conductive_slab.py,78,from,idaes.core.solvers,get_solver,0
idaes/models_extra/power_generation/unit_models/soc_submodels/porous_conductive_slab.py,80,import,idaes.logger,,0
idaes/models_extra/power_generation/unit_models/soc_submodels/solid_oxide_cell.py,118,from,pyomo.common.config,ConfigValue;In;Bool;ListOf,0
idaes/models_extra/power_generation/unit_models/soc_submodels/solid_oxide_cell.py,119,import,pyomo.environ,,0
idaes/models_extra/power_generation/unit_models/soc_submodels/solid_oxide_cell.py,120,from,pyomo.network,Port,0
idaes/models_extra/power_generation/unit_models/soc_submodels/solid_oxide_cell.py,122,from,idaes.core,declare_process_block_class;UnitModelBlockData,0
idaes/models_extra/power_generation/unit_models/soc_submodels/solid_oxide_cell.py,123,from,idaes.models.unit_models.heat_exchanger,HeatExchangerFlowPattern,0
idaes/models_extra/power_generation/unit_models/soc_submodels/solid_oxide_cell.py,124,import,idaes.models_extra.power_generation.unit_models.soc_submodels,,0
idaes/models_extra/power_generation/unit_models/soc_submodels/solid_oxide_cell.py,125,import,idaes.models_extra.power_generation.unit_models.soc_submodels.common,,0
idaes/models_extra/power_generation/unit_models/soc_submodels/solid_oxide_cell.py,126,from,idaes.core.util.constants,Constants,0
idaes/models_extra/power_generation/unit_models/soc_submodels/solid_oxide_cell.py,127,from,idaes.models_extra.power_generation.unit_models.soc_submodels.common,_gas_species_list;_all_species_list;_element_list;_element_dict,0
idaes/models_extra/power_generation/unit_models/soc_submodels/solid_oxide_cell.py,133,import,idaes.core.util.scaling,,0
idaes/models_extra/power_generation/unit_models/soc_submodels/solid_oxide_cell.py,134,from,idaes.core.util.exceptions,ConfigurationError,0
idaes/models_extra/power_generation/unit_models/soc_submodels/solid_oxide_cell.py,135,from,idaes.core.solvers,get_solver,0
idaes/models_extra/power_generation/unit_models/soc_submodels/solid_oxide_cell.py,137,import,idaes.logger,,0
idaes/models_extra/power_generation/unit_models/soc_submodels/solid_oxide_module_simple.py,48,from,functools,partial,0
idaes/models_extra/power_generation/unit_models/soc_submodels/solid_oxide_module_simple.py,50,from,pyomo.common.config,ConfigValue;ConfigBlock;Bool,0
idaes/models_extra/power_generation/unit_models/soc_submodels/solid_oxide_module_simple.py,51,import,pyomo.environ,,0
idaes/models_extra/power_generation/unit_models/soc_submodels/solid_oxide_module_simple.py,53,from,idaes.core,declare_process_block_class;UnitModelBlockData,0
idaes/models_extra/power_generation/unit_models/soc_submodels/solid_oxide_module_simple.py,54,from,idaes.core.util.config,is_physical_parameter_block,0
idaes/models_extra/power_generation/unit_models/soc_submodels/solid_oxide_module_simple.py,55,import,idaes.models_extra.power_generation.unit_models.soc_submodels,,0
idaes/models_extra/power_generation/unit_models/soc_submodels/solid_oxide_module_simple.py,56,import,idaes.models_extra.power_generation.unit_models.soc_submodels.common,,0
idaes/models_extra/power_generation/unit_models/soc_submodels/solid_oxide_module_simple.py,57,import,idaes.core.util.scaling,,0
idaes/models_extra/power_generation/unit_models/soc_submodels/solid_oxide_module_simple.py,58,from,idaes.core.solvers,get_solver,0
idaes/models_extra/power_generation/unit_models/soc_submodels/solid_oxide_module_simple.py,59,from,idaes.core.util.exceptions,ConfigurationError,0
idaes/models_extra/power_generation/unit_models/soc_submodels/solid_oxide_module_simple.py,61,import,idaes.logger,,0
idaes/models_extra/power_generation/unit_models/soc_submodels/testing.py,18,import,pyomo.environ,,0
idaes/models_extra/power_generation/unit_models/soc_submodels/testing.py,19,from,idaes.core,FlowsheetBlock,0
idaes/models_extra/power_generation/unit_models/soc_submodels/triple_phase_boundary.py,56,import,copy,,0
idaes/models_extra/power_generation/unit_models/soc_submodels/triple_phase_boundary.py,58,from,pyomo.common.config,ConfigBlock;ConfigValue;In;Bool,0
idaes/models_extra/power_generation/unit_models/soc_submodels/triple_phase_boundary.py,59,import,pyomo.environ,,0
idaes/models_extra/power_generation/unit_models/soc_submodels/triple_phase_boundary.py,62,from,idaes.core,declare_process_block_class;UnitModelBlockData,0
idaes/models_extra/power_generation/unit_models/soc_submodels/triple_phase_boundary.py,63,from,idaes.core.util.constants,Constants,0
idaes/models_extra/power_generation/unit_models/soc_submodels/triple_phase_boundary.py,64,import,idaes.models_extra.power_generation.unit_models.soc_submodels.common,,0
idaes/models_extra/power_generation/unit_models/soc_submodels/triple_phase_boundary.py,65,from,idaes.models_extra.power_generation.unit_models.soc_submodels.common,_gas_species_list;_all_species_list,0
idaes/models_extra/power_generation/unit_models/soc_submodels/triple_phase_boundary.py,69,import,idaes.core.util.scaling,,0
idaes/models_extra/power_generation/unit_models/soc_submodels/triple_phase_boundary.py,70,from,idaes.core.util.exceptions,ConfigurationError,0
idaes/models_extra/power_generation/unit_models/soc_submodels/triple_phase_boundary.py,71,from,idaes.core.solvers,get_solver,0
idaes/models_extra/power_generation/unit_models/soc_submodels/triple_phase_boundary.py,73,import,idaes.logger,,0
idaes/models_extra/power_generation/unit_models/soec_design.py,18,import,pyomo.environ,,0
idaes/models_extra/power_generation/unit_models/soec_design.py,19,from,pyomo.network,Arc,0
idaes/models_extra/power_generation/unit_models/soec_design.py,20,from,pyomo.common.config,ConfigBlock;ConfigValue;In;Bool,0
idaes/models_extra/power_generation/unit_models/soec_design.py,22,import,idaes.core.util.constants,,0
idaes/models_extra/power_generation/unit_models/soec_design.py,23,from,idaes.core,UnitModelBlockData;declare_process_block_class,0
idaes/models_extra/power_generation/unit_models/soec_design.py,24,from,idaes.core.util.config,is_physical_parameter_block,0
idaes/models_extra/power_generation/unit_models/soec_design.py,25,from,idaes.models.properties.modular_properties.base.generic_property,GenericParameterBlock,0
idaes/models_extra/power_generation/unit_models/soec_design.py,28,from,idaes.models.properties.modular_properties.base.generic_reaction,GenericReactionParameterBlock,0
idaes/models_extra/power_generation/unit_models/soec_design.py,31,import,idaes.models.unit_models,,0
idaes/models_extra/power_generation/unit_models/soec_design.py,32,from,idaes.core.util.initialization,propagate_state,0
idaes/models_extra/power_generation/unit_models/soec_design.py,33,import,idaes.core.util.scaling,,0
idaes/models_extra/power_generation/unit_models/soec_design.py,34,from,idaes.core.solvers,get_solver,0
idaes/models_extra/power_generation/unit_models/soec_design.py,35,from,idaes.models_extra.power_generation.properties.natural_gas_PR,get_prop;get_rxn;EosType,0
idaes/models_extra/power_generation/unit_models/soec_design.py,40,from,idaes.core.util.exceptions,ConfigurationError;InitializationError,0
idaes/models_extra/power_generation/unit_models/soec_design.py,41,import,idaes.logger,,0
idaes/models_extra/power_generation/unit_models/soec_design.py,42,from,idaes.core.util,from_json;to_json;StoreSpec,0
idaes/models_extra/power_generation/unit_models/steamheater.py,28,from,pyomo.common.config,ConfigBlock;ConfigValue;In;Bool,0
idaes/models_extra/power_generation/unit_models/steamheater.py,29,from,pyomo.environ,value;Var;Param;asin;cos;Reference,0
idaes/models_extra/power_generation/unit_models/steamheater.py,30,from,pyomo.core.expr,Expr_if,0
idaes/models_extra/power_generation/unit_models/steamheater.py,31,from,pyomo.dae,DerivativeVar,0
idaes/models_extra/power_generation/unit_models/steamheater.py,34,from,idaes.core,ControlVolume0DBlock;declare_process_block_class;MaterialBalanceType;EnergyBalanceType;MomentumBalanceType;UnitModelBlockData;useDefault,0
idaes/models_extra/power_generation/unit_models/steamheater.py,43,from,idaes.core.util.config,is_physical_parameter_block,0
idaes/models_extra/power_generation/unit_models/steamheater.py,44,import,idaes.logger,,0
idaes/models_extra/power_generation/unit_models/steamheater.py,45,import,idaes.core.util.scaling,,0
idaes/models_extra/power_generation/unit_models/steamheater.py,46,from,idaes.core.solvers,get_solver,0
idaes/models_extra/power_generation/unit_models/steamheater.py,47,from,idaes.core.util.constants,Constants,0
idaes/models_extra/power_generation/unit_models/waterpipe.py,30,from,pyomo.common.config,ConfigBlock;ConfigValue;In;Bool,0
idaes/models_extra/power_generation/unit_models/waterpipe.py,31,from,pyomo.environ,value;Var;Reference,0
idaes/models_extra/power_generation/unit_models/waterpipe.py,34,from,idaes.core,ControlVolume0DBlock;declare_process_block_class;MaterialBalanceType;EnergyBalanceType;MomentumBalanceType;UnitModelBlockData;useDefault,0
idaes/models_extra/power_generation/unit_models/waterpipe.py,44,from,idaes.core.util.config,is_physical_parameter_block,0
idaes/models_extra/power_generation/unit_models/waterpipe.py,45,from,idaes.core.util.constants,Constants,0
idaes/models_extra/power_generation/unit_models/waterpipe.py,46,from,idaes.core.solvers,get_solver,0
idaes/models_extra/power_generation/unit_models/waterpipe.py,47,import,idaes.logger,,0
idaes/models_extra/power_generation/unit_models/watertank.py,37,from,pyomo.environ,value;Var;Reference;acos,0
idaes/models_extra/power_generation/unit_models/watertank.py,38,from,pyomo.common.config,ConfigBlock;ConfigValue;In;Bool,0
idaes/models_extra/power_generation/unit_models/watertank.py,41,from,idaes.core,ControlVolume0DBlock;declare_process_block_class;MaterialBalanceType;EnergyBalanceType;MomentumBalanceType;UnitModelBlockData;useDefault,0
idaes/models_extra/power_generation/unit_models/watertank.py,50,from,idaes.core.util.config,is_physical_parameter_block,0
idaes/models_extra/power_generation/unit_models/watertank.py,51,from,idaes.core.solvers,get_solver,0
idaes/models_extra/power_generation/unit_models/watertank.py,52,from,idaes.core.util.constants,Constants,0
idaes/models_extra/power_generation/unit_models/watertank.py,54,import,idaes.logger,,0
idaes/models_extra/power_generation/unit_models/waterwall_section.py,27,from,pyomo.environ,value;Var;Param;asin;cos;sqrt;log10;PositiveReals;Reference;units,0
idaes/models_extra/power_generation/unit_models/waterwall_section.py,39,from,pyomo.dae,DerivativeVar,0
idaes/models_extra/power_generation/unit_models/waterwall_section.py,40,from,pyomo.common.config,ConfigBlock;ConfigValue;In;Bool,0
idaes/models_extra/power_generation/unit_models/waterwall_section.py,41,from,pyomo.core.expr,Expr_if,0
idaes/models_extra/power_generation/unit_models/waterwall_section.py,44,from,idaes.core,ControlVolume0DBlock;declare_process_block_class;MaterialBalanceType;EnergyBalanceType;MomentumBalanceType;UnitModelBlockData;useDefault,0
idaes/models_extra/power_generation/unit_models/waterwall_section.py,54,from,idaes.core.util.config,is_physical_parameter_block;DefaultBool,0
idaes/models_extra/power_generation/unit_models/waterwall_section.py,55,import,idaes.core.util.scaling,,0
idaes/models_extra/power_generation/unit_models/waterwall_section.py,56,from,idaes.core.solvers,get_solver,0
idaes/models_extra/power_generation/unit_models/waterwall_section.py,57,import,idaes.logger,,0
idaes/models_extra/power_generation/unit_models/waterwall_section.py,60,from,idaes.core.util.constants,Constants,0
idaes/models_extra/temperature_swing_adsorption/__init__.py,13,from,fixed_bed_tsa0d,FixedBedTSA0D;Adsorbent;SteamCalculationType;TransformationScheme,1
idaes/models_extra/temperature_swing_adsorption/__init__.py,19,from,initializer,FixedBedTSA0DInitializer,1
idaes/models_extra/temperature_swing_adsorption/costing/dac_costing.py,21,import,os,,0
idaes/models_extra/temperature_swing_adsorption/costing/dac_costing.py,22,import,json,,0
idaes/models_extra/temperature_swing_adsorption/costing/dac_costing.py,23,import,textwrap,,0
idaes/models_extra/temperature_swing_adsorption/costing/dac_costing.py,24,from,sys,stdout,0
idaes/models_extra/temperature_swing_adsorption/costing/dac_costing.py,25,from,pandas,DataFrame,0
idaes/models_extra/temperature_swing_adsorption/costing/dac_costing.py,27,from,pyomo.environ,units;Var;value,0
idaes/models_extra/temperature_swing_adsorption/costing/dac_costing.py,28,from,pyomo.common.fileutils,this_file_dir,0
idaes/models_extra/temperature_swing_adsorption/costing/dac_costing.py,29,from,pyomo.util.calc_var_value,calculate_variable_from_constraint,0
idaes/models_extra/temperature_swing_adsorption/costing/dac_costing.py,31,from,idaes.core,UnitModelBlock;UnitModelCostingBlock,0
idaes/models_extra/temperature_swing_adsorption/costing/dac_costing.py,32,from,idaes.core.util.exceptions,ConfigurationError,0
idaes/models_extra/temperature_swing_adsorption/costing/dac_costing.py,33,from,idaes.core.util.tables,stream_table_dataframe_to_string,0
idaes/models_extra/temperature_swing_adsorption/costing/dac_costing.py,35,from,idaes.models_extra.power_generation.costing.power_plant_capcost,QGESSCosting;QGESSCostingData,0
idaes/models_extra/temperature_swing_adsorption/fixed_bed_tsa0d.py,48,from,enum,Enum,0
idaes/models_extra/temperature_swing_adsorption/fixed_bed_tsa0d.py,49,from,pandas,DataFrame,0
idaes/models_extra/temperature_swing_adsorption/fixed_bed_tsa0d.py,52,from,pyomo.network,Port,0
idaes/models_extra/temperature_swing_adsorption/fixed_bed_tsa0d.py,53,from,pyomo.common.config,ConfigValue;In;Bool,0
idaes/models_extra/temperature_swing_adsorption/fixed_bed_tsa0d.py,54,from,pyomo.environ,Constraint;Var;Param;value;Set;exp;log;PositiveReals;TransformationFactory;units;Block,0
idaes/models_extra/temperature_swing_adsorption/fixed_bed_tsa0d.py,67,from,pyomo.dae,ContinuousSet;DerivativeVar;Integral,0
idaes/models_extra/temperature_swing_adsorption/fixed_bed_tsa0d.py,68,from,pyomo.util.calc_var_value,calculate_variable_from_constraint,0
idaes/models_extra/temperature_swing_adsorption/fixed_bed_tsa0d.py,71,from,idaes.core.util.constants,Constants,0
idaes/models_extra/temperature_swing_adsorption/fixed_bed_tsa0d.py,72,import,idaes.core.util.scaling,,0
idaes/models_extra/temperature_swing_adsorption/fixed_bed_tsa0d.py,73,from,idaes.core.util.config,is_transformation_method;is_physical_parameter_block,0
idaes/models_extra/temperature_swing_adsorption/fixed_bed_tsa0d.py,74,from,idaes.core,declare_process_block_class;UnitModelBlockData;useDefault,0
idaes/models_extra/temperature_swing_adsorption/fixed_bed_tsa0d.py,75,from,idaes.core.util.exceptions,ConfigurationError,0
idaes/models_extra/temperature_swing_adsorption/fixed_bed_tsa0d.py,76,from,idaes.core.util.math,smooth_max,0
idaes/models_extra/temperature_swing_adsorption/fixed_bed_tsa0d.py,78,from,idaes.models.unit_models,SkeletonUnitModel;Heater,0
idaes/models_extra/temperature_swing_adsorption/fixed_bed_tsa0d.py,79,from,idaes.models.unit_models.pressure_changer,PressureChanger;ThermodynamicAssumption,0
idaes/models_extra/temperature_swing_adsorption/fixed_bed_tsa0d.py,84,import,idaes.logger,,0
idaes/models_extra/temperature_swing_adsorption/fixed_bed_tsa0d_ui.py,21,from,pyomo.environ,ConcreteModel;SolverFactory;units,0
idaes/models_extra/temperature_swing_adsorption/fixed_bed_tsa0d_ui.py,22,from,pyomo.common.dependencies,attempt_import,0
idaes/models_extra/temperature_swing_adsorption/fixed_bed_tsa0d_ui.py,24,from,idaes.core,FlowsheetBlock,0
idaes/models_extra/temperature_swing_adsorption/fixed_bed_tsa0d_ui.py,25,from,idaes.core.util.model_statistics,degrees_of_freedom,0
idaes/models_extra/temperature_swing_adsorption/fixed_bed_tsa0d_ui.py,26,import,idaes.core.util,,0
idaes/models_extra/temperature_swing_adsorption/fixed_bed_tsa0d_ui.py,27,import,idaes.logger,,0
idaes/models_extra/temperature_swing_adsorption/fixed_bed_tsa0d_ui.py,29,from,idaes.models_extra.temperature_swing_adsorption,FixedBedTSA0D;FixedBedTSA0DInitializer;Adsorbent;SteamCalculationType,0
idaes/models_extra/temperature_swing_adsorption/fixed_bed_tsa0d_ui.py,36,from,idaes.models_extra.temperature_swing_adsorption.util,tsa_summary,0
idaes/models_extra/temperature_swing_adsorption/fixed_bed_tsa0d_ui.py,41,from,idaes_flowsheet_processor,api,0
idaes/models_extra/temperature_swing_adsorption/initializer.py,19,from,pyomo.environ,value;check_optimal_termination;Block;units;Var;Constraint,0
idaes/models_extra/temperature_swing_adsorption/initializer.py,27,from,pyomo.util.calc_var_value,calculate_variable_from_constraint,0
idaes/models_extra/temperature_swing_adsorption/initializer.py,30,from,idaes.core.initialization,ModularInitializerBase,0
idaes/models_extra/temperature_swing_adsorption/initializer.py,31,from,idaes.core.initialization.initializer_base,StoreState,0
idaes/models_extra/temperature_swing_adsorption/initializer.py,32,from,idaes.core.util.exceptions,InitializationError,0
idaes/models_extra/temperature_swing_adsorption/initializer.py,33,from,idaes.core.util.model_serializer,to_json;from_json,0
idaes/models_extra/temperature_swing_adsorption/initializer.py,34,from,idaes.core.util.model_statistics,degrees_of_freedom,0
idaes/models_extra/temperature_swing_adsorption/initializer.py,36,from,idaes.models_extra.temperature_swing_adsorption,SteamCalculationType,0
idaes/models_extra/temperature_swing_adsorption/initializer.py,39,import,idaes.logger,,0
idaes/models_extra/temperature_swing_adsorption/util.py,19,from,sys,stdout,0
idaes/models_extra/temperature_swing_adsorption/util.py,20,import,textwrap,,0
idaes/models_extra/temperature_swing_adsorption/util.py,21,from,pandas,DataFrame,0
idaes/models_extra/temperature_swing_adsorption/util.py,22,import,matplotlib.pyplot,,0
idaes/models_extra/temperature_swing_adsorption/util.py,24,from,pyomo.environ,value,0
idaes/models_extra/temperature_swing_adsorption/util.py,26,from,idaes.core.util.tables,stream_table_dataframe_to_string,0
