file,kind,role,loc,bytes,doc,doc_file,rule
idaes/__init__.py,module,source,222,,02,02_runtime_platform_and_cli.md,^idaes/(__init__|config|logger|beta)\.py$
idaes/apps/__init__.py,module,source,0,,02,02_runtime_platform_and_cli.md,^idaes/(apps|models|models_extra)/__init__\.py$
idaes/beta.py,module,source,89,,02,02_runtime_platform_and_cli.md,^idaes/(__init__|config|logger|beta)\.py$
idaes/commands/__init__.py,module,source,48,,02,02_runtime_platform_and_cli.md,^idaes/commands/
idaes/commands/base.py,module,source,122,,02,02_runtime_platform_and_cli.md,^idaes/commands/
idaes/commands/config.py,module,source,61,,02,02_runtime_platform_and_cli.md,^idaes/commands/
idaes/commands/convergence.py,module,source,146,,02,02_runtime_platform_and_cli.md,^idaes/commands/
idaes/commands/data_directory.py,module,source,52,,02,02_runtime_platform_and_cli.md,^idaes/commands/
idaes/commands/env_info.py,module,source,41,,02,02_runtime_platform_and_cli.md,^idaes/commands/
idaes/commands/examples.py,module,source,49,,02,02_runtime_platform_and_cli.md,^idaes/commands/
idaes/commands/extensions.py,module,source,284,,02,02_runtime_platform_and_cli.md,^idaes/commands/
idaes/commands/run_flowsheet.py,module,source,20,,02,02_runtime_platform_and_cli.md,^idaes/commands/
idaes/commands/util/__init__.py,module,source,0,,02,02_runtime_platform_and_cli.md,^idaes/commands/
idaes/commands/util/download_bin.py,module,source,410,,02,02_runtime_platform_and_cli.md,^idaes/commands/
idaes/config.py,module,source,763,,02,02_runtime_platform_and_cli.md,^idaes/(__init__|config|logger|beta)\.py$
idaes/core/__init__.py,module,source,54,,02,02_runtime_platform_and_cli.md,^idaes/core/__init__\.py$
idaes/logger.py,module,source,297,,02,02_runtime_platform_and_cli.md,^idaes/(__init__|config|logger|beta)\.py$
idaes/models/__init__.py,module,source,0,,02,02_runtime_platform_and_cli.md,^idaes/(apps|models|models_extra)/__init__\.py$
idaes/models_extra/__init__.py,module,source,0,,02,02_runtime_platform_and_cli.md,^idaes/(apps|models|models_extra)/__init__\.py$
idaes/core/base/__init__.py,module,source,0,,03,03_block_hierarchy_and_construction_protocol.md,^idaes/core/base/
idaes/core/base/flowsheet_model.py,module,source,379,,03,03_block_hierarchy_and_construction_protocol.md,^idaes/core/base/
idaes/core/base/process_base.py,module,source,660,,03,03_block_hierarchy_and_construction_protocol.md,^idaes/core/base/
idaes/core/base/process_block.py,module,source,229,,03,03_block_hierarchy_and_construction_protocol.md,^idaes/core/base/
idaes/core/base/unit_model.py,module,source,653,,03,03_block_hierarchy_and_construction_protocol.md,^idaes/core/base/
idaes/core/base/util.py,module,source,237,,03,03_block_hierarchy_and_construction_protocol.md,^idaes/core/base/
idaes/core/base/var_like_expression.py,module,source,213,,03,03_block_hierarchy_and_construction_protocol.md,^idaes/core/base/
idaes/core/base/control_volume0d.py,module,source,2188,,04,04_control_volume_framework.md,^idaes/core/base/(extended_)?control_volume
idaes/core/base/control_volume1d.py,module,source,2873,,04,04_control_volume_framework.md,^idaes/core/base/(extended_)?control_volume
idaes/core/base/control_volume_base.py,module,source,1688,,04,04_control_volume_framework.md,^idaes/core/base/(extended_)?control_volume
idaes/core/base/extended_control_volume0d.py,module,source,112,,04,04_control_volume_framework.md,^idaes/core/base/(extended_)?control_volume
idaes/core/base/extended_control_volume1d.py,module,source,121,,04,04_control_volume_framework.md,^idaes/core/base/(extended_)?control_volume
idaes/core/base/components.py,module,source,593,,05,05_property_and_reaction_framework.md,^idaes/core/base/(property_base|reaction_base|property_meta|property_set|phases|components)\.py$
idaes/core/base/phases.py,module,source,232,,05,05_property_and_reaction_framework.md,^idaes/core/base/(property_base|reaction_base|property_meta|property_set|phases|components)\.py$
idaes/core/base/property_base.py,module,source,860,,05,05_property_and_reaction_framework.md,^idaes/core/base/(property_base|reaction_base|property_meta|property_set|phases|components)\.py$
idaes/core/base/property_meta.py,module,source,602,,05,05_property_and_reaction_framework.md,^idaes/core/base/(property_base|reaction_base|property_meta|property_set|phases|components)\.py$
idaes/core/base/property_set.py,module,source,1051,,05,05_property_and_reaction_framework.md,^idaes/core/base/(property_base|reaction_base|property_meta|property_set|phases|components)\.py$
idaes/core/base/reaction_base.py,module,source,434,,05,05_property_and_reaction_framework.md,^idaes/core/base/(property_base|reaction_base|property_meta|property_set|phases|components)\.py$
idaes/core/initialization/__init__.py,module,source,23,,06,06_model_preparation_initializers_and_scalers.md,^idaes/core/initialization/
idaes/core/initialization/block_triangularization.py,module,source,210,,06,06_model_preparation_initializers_and_scalers.md,^idaes/core/initialization/
idaes/core/initialization/general_hierarchical.py,module,source,224,,06,06_model_preparation_initializers_and_scalers.md,^idaes/core/initialization/
idaes/core/initialization/initialize_from_data.py,module,source,34,,06,06_model_preparation_initializers_and_scalers.md,^idaes/core/initialization/
idaes/core/initialization/initializer_base.py,module,source,837,,06,06_model_preparation_initializers_and_scalers.md,^idaes/core/initialization/
idaes/core/scaling/__init__.py,module,source,30,,06,06_model_preparation_initializers_and_scalers.md,^idaes/core/scaling/
idaes/core/scaling/arc_constraint_scaler.py,module,source,106,,06,06_model_preparation_initializers_and_scalers.md,^idaes/core/scaling/
idaes/core/scaling/autoscaling.py,module,source,232,,06,06_model_preparation_initializers_and_scalers.md,^idaes/core/scaling/
idaes/core/scaling/custom_scaler_base.py,module,source,1051,,06,06_model_preparation_initializers_and_scalers.md,^idaes/core/scaling/
idaes/core/scaling/nominal_value_tools.py,module,source,353,,06,06_model_preparation_initializers_and_scalers.md,^idaes/core/scaling/
idaes/core/scaling/scaler_profiling.py,module,source,380,,06,06_model_preparation_initializers_and_scalers.md,^idaes/core/scaling/
idaes/core/scaling/scaling_base.py,module,source,347,,06,06_model_preparation_initializers_and_scalers.md,^idaes/core/scaling/
idaes/core/scaling/util.py,module,source,1075,,06,06_model_preparation_initializers_and_scalers.md,^idaes/core/scaling/
idaes/core/util/initialization.py,module,source,537,,06,06_model_preparation_initializers_and_scalers.md,^idaes/core/util/(scaling|initialization)\.py$
idaes/core/util/scaling.py,module,source,1732,,06,06_model_preparation_initializers_and_scalers.md,^idaes/core/util/(scaling|initialization)\.py$
idaes/core/util/convergence/__init__.py,module,source,12,,07,07_diagnostics_and_run_orchestration.md,^idaes/core/util/(diagnostics_tools|convergence|structfs)/
idaes/core/util/convergence/convergence_base.py,module,source,1074,,07,07_diagnostics_and_run_orchestration.md,^idaes/core/util/(diagnostics_tools|convergence|structfs)/
idaes/core/util/convergence/mpi_utils.py,module,source,167,,07,07_diagnostics_and_run_orchestration.md,^idaes/core/util/(diagnostics_tools|convergence|structfs)/
idaes/core/util/diagnostics_tools/__init__.py,module,source,50,,07,07_diagnostics_and_run_orchestration.md,^idaes/core/util/(diagnostics_tools|convergence|structfs)/
idaes/core/util/diagnostics_tools/bounds.py,module,source,141,,07,07_diagnostics_and_run_orchestration.md,^idaes/core/util/(diagnostics_tools|convergence|structfs)/
idaes/core/util/diagnostics_tools/constraint_term_analysis.py,module,source,491,,07,07_diagnostics_and_run_orchestration.md,^idaes/core/util/(diagnostics_tools|convergence|structfs)/
idaes/core/util/diagnostics_tools/convergence_analysis.py,module,source,505,,07,07_diagnostics_and_run_orchestration.md,^idaes/core/util/(diagnostics_tools|convergence|structfs)/
idaes/core/util/diagnostics_tools/degeneracy_hunter.py,module,source,485,,07,07_diagnostics_and_run_orchestration.md,^idaes/core/util/(diagnostics_tools|convergence|structfs)/
idaes/core/util/diagnostics_tools/deprecated/__init__.py,module,source,0,,07,07_diagnostics_and_run_orchestration.md,^idaes/core/util/(diagnostics_tools|convergence|structfs)/
idaes/core/util/diagnostics_tools/deprecated/degeneracy_hunter_legacy.py,module,source,732,,07,07_diagnostics_and_run_orchestration.md,^idaes/core/util/(diagnostics_tools|convergence|structfs)/
idaes/core/util/diagnostics_tools/diagnostics_toolbox.py,module,source,1814,,07,07_diagnostics_and_run_orchestration.md,^idaes/core/util/(diagnostics_tools|convergence|structfs)/
idaes/core/util/diagnostics_tools/evaluation_error.py,module,source,213,,07,07_diagnostics_and_run_orchestration.md,^idaes/core/util/(diagnostics_tools|convergence|structfs)/
idaes/core/util/diagnostics_tools/ill_conditioning.py,module,source,182,,07,07_diagnostics_and_run_orchestration.md,^idaes/core/util/(diagnostics_tools|convergence|structfs)/
idaes/core/util/diagnostics_tools/ipopt_halt_on_error.py,module,source,49,,07,07_diagnostics_and_run_orchestration.md,^idaes/core/util/(diagnostics_tools|convergence|structfs)/
idaes/core/util/diagnostics_tools/svd_toolbox.py,module,source,444,,07,07_diagnostics_and_run_orchestration.md,^idaes/core/util/(diagnostics_tools|convergence|structfs)/
idaes/core/util/diagnostics_tools/utils.py,module,source,357,,07,07_diagnostics_and_run_orchestration.md,^idaes/core/util/(diagnostics_tools|convergence|structfs)/
idaes/core/util/diagnostics_tools/writer_utils.py,module,source,168,,07,07_diagnostics_and_run_orchestration.md,^idaes/core/util/(diagnostics_tools|convergence|structfs)/
idaes/core/util/model_diagnostics.py,module,source,135,,07,07_diagnostics_and_run_orchestration.md,^idaes/core/util/(parameter_sweep|performance|model_diagnostics)\.py$
idaes/core/util/parameter_sweep.py,module,source,829,,07,07_diagnostics_and_run_orchestration.md,^idaes/core/util/(parameter_sweep|performance|model_diagnostics)\.py$
idaes/core/util/performance.py,module,source,176,,07,07_diagnostics_and_run_orchestration.md,^idaes/core/util/(parameter_sweep|performance|model_diagnostics)\.py$
idaes/core/util/structfs/__init__.py,module,source,238,,07,07_diagnostics_and_run_orchestration.md,^idaes/core/util/(diagnostics_tools|convergence|structfs)/
idaes/core/util/structfs/fsrunner.py,module,source,326,,07,07_diagnostics_and_run_orchestration.md,^idaes/core/util/(diagnostics_tools|convergence|structfs)/
idaes/core/util/structfs/logutil.py,module,source,46,,07,07_diagnostics_and_run_orchestration.md,^idaes/core/util/(diagnostics_tools|convergence|structfs)/
idaes/core/util/structfs/runner.py,module,source,532,,07,07_diagnostics_and_run_orchestration.md,^idaes/core/util/(diagnostics_tools|convergence|structfs)/
idaes/core/util/structfs/runner_actions.py,module,source,525,,07,07_diagnostics_and_run_orchestration.md,^idaes/core/util/(diagnostics_tools|convergence|structfs)/
idaes/core/util/structfs/runner_cli.py,module,source,175,,07,07_diagnostics_and_run_orchestration.md,^idaes/core/util/(diagnostics_tools|convergence|structfs)/
idaes/core/datasets.py,module,source,36,,08,08a_model_introspection_and_persistence.md,^idaes/core/datasets\.py$
idaes/core/dmf/__init__.py,module,source,31,,08,08a_model_introspection_and_persistence.md,^idaes/core/dmf/
idaes/core/plugins/__init__.py,module,source,17,,08,08a_model_introspection_and_persistence.md,^idaes/core/plugins/
idaes/core/plugins/simple_equality_eliminator.py,module,source,203,,08,08a_model_introspection_and_persistence.md,^idaes/core/plugins/
idaes/core/plugins/variable_replace.py,module,source,120,,08,08a_model_introspection_and_persistence.md,^idaes/core/plugins/
idaes/core/util/__init__.py,module,source,18,,08,08a_model_introspection_and_persistence.md,^idaes/core/util/
idaes/core/util/config.py,module,source,207,,08,08a_model_introspection_and_persistence.md,^idaes/core/util/
idaes/core/util/constants.py,module,source,78,,08,08a_model_introspection_and_persistence.md,^idaes/core/util/
idaes/core/util/doctesting.py,module,source,120,,08,08a_model_introspection_and_persistence.md,^idaes/core/util/
idaes/core/util/dyn_utils.py,module,source,872,,08,08a_model_introspection_and_persistence.md,^idaes/core/util/
idaes/core/util/env_info.py,module,source,149,,08,08a_model_introspection_and_persistence.md,^idaes/core/util/
idaes/core/util/exceptions.py,module,source,100,,08,08a_model_introspection_and_persistence.md,^idaes/core/util/
idaes/core/util/expr_doc.py,module,source,391,,08,08a_model_introspection_and_persistence.md,^idaes/core/util/
idaes/core/util/functions.py,module,source,27,,08,08a_model_introspection_and_persistence.md,^idaes/core/util/
idaes/core/util/math.py,module,source,206,,08,08a_model_introspection_and_persistence.md,^idaes/core/util/
idaes/core/util/misc.py,module,source,267,,08,08a_model_introspection_and_persistence.md,^idaes/core/util/
idaes/core/util/model_serializer.py,module,source,1027,,08,08a_model_introspection_and_persistence.md,^idaes/core/util/
idaes/core/util/model_statistics.py,module,source,1878,,08,08a_model_introspection_and_persistence.md,^idaes/core/util/
idaes/core/util/phase_equilibria.py,module,source,407,,08,08a_model_introspection_and_persistence.md,^idaes/core/util/
idaes/core/util/plot.py,module,source,187,,08,08a_model_introspection_and_persistence.md,^idaes/core/util/
idaes/core/util/tables.py,module,source,419,,08,08a_model_introspection_and_persistence.md,^idaes/core/util/
idaes/core/util/tags.py,module,source,786,,08,08a_model_introspection_and_persistence.md,^idaes/core/util/
idaes/core/util/testing.py,module,source,638,,08,08a_model_introspection_and_persistence.md,^idaes/core/util/
idaes/core/util/units_of_measurement.py,module,source,64,,08,08a_model_introspection_and_persistence.md,^idaes/core/util/
idaes/core/util/utility_minimization.py,module,source,738,,08,08a_model_introspection_and_persistence.md,^idaes/core/util/
idaes/core/surrogate/__init__.py,module,source,16,,09,09_surrogate_subsystem.md,^idaes/core/surrogate/
idaes/core/surrogate/alamopy.py,module,source,1346,,09,09_surrogate_subsystem.md,^idaes/core/surrogate/
idaes/core/surrogate/base/__init__.py,module,source,0,,09,09_surrogate_subsystem.md,^idaes/core/surrogate/
idaes/core/surrogate/base/surrogate_base.py,module,source,398,,09,09_surrogate_subsystem.md,^idaes/core/surrogate/
idaes/core/surrogate/keras_surrogate.py,module,source,240,,09,09_surrogate_subsystem.md,^idaes/core/surrogate/
idaes/core/surrogate/metrics.py,module,source,62,,09,09_surrogate_subsystem.md,^idaes/core/surrogate/
idaes/core/surrogate/omlt_base_surrogate_class.py,module,source,189,,09,09_surrogate_subsystem.md,^idaes/core/surrogate/
idaes/core/surrogate/onnx_surrogate.py,module,source,249,,09,09_surrogate_subsystem.md,^idaes/core/surrogate/
idaes/core/surrogate/plotting/__init__.py,module,source,0,,09,09_surrogate_subsystem.md,^idaes/core/surrogate/
idaes/core/surrogate/plotting/sm_plotter.py,module,source,350,,09,09_surrogate_subsystem.md,^idaes/core/surrogate/
idaes/core/surrogate/pysmo/__init__.py,module,source,0,,09,09_surrogate_subsystem.md,^idaes/core/surrogate/
idaes/core/surrogate/pysmo/kriging.py,module,source,835,,09,09_surrogate_subsystem.md,^idaes/core/surrogate/
idaes/core/surrogate/pysmo/polynomial_regression.py,module,source,1865,,09,09_surrogate_subsystem.md,^idaes/core/surrogate/
idaes/core/surrogate/pysmo/radial_basis_function.py,module,source,1381,,09,09_surrogate_subsystem.md,^idaes/core/surrogate/
idaes/core/surrogate/pysmo/sampling.py,module,source,1826,,09,09_surrogate_subsystem.md,^idaes/core/surrogate/
idaes/core/surrogate/pysmo/utils.py,module,source,100,,09,09_surrogate_subsystem.md,^idaes/core/surrogate/
idaes/core/surrogate/pysmo_surrogate.py,module,source,884,,09,09_surrogate_subsystem.md,^idaes/core/surrogate/
idaes/core/surrogate/sampling/__init__.py,module,source,20,,09,09_surrogate_subsystem.md,^idaes/core/surrogate/
idaes/core/surrogate/sampling/data_utils.py,module,source,98,,09,09_surrogate_subsystem.md,^idaes/core/surrogate/
idaes/core/surrogate/sampling/scaling.py,module,source,168,,09,09_surrogate_subsystem.md,^idaes/core/surrogate/
idaes/core/surrogate/surrogate_block.py,module,source,248,,09,09_surrogate_subsystem.md,^idaes/core/surrogate/
idaes/models/unit_models/cstr.py,module,source,443,,10,10_unit_models_control_volume_based.md,^idaes/models/unit_models/(heater|heat_exchanger|heat_exchanger_1D|heat_exchanger_ntu|heat_exchanger_lc|shell_and_tube_1d|pressure_changer|valve|pipe|cstr|plug_flow_reactor|stoichiometric_reactor|equilibrium_reactor|gibbs_reactor|flash|feed|feed_flash|product)\.py$
idaes/models/unit_models/equilibrium_reactor.py,module,source,547,,10,10_unit_models_control_volume_based.md,^idaes/models/unit_models/(heater|heat_exchanger|heat_exchanger_1D|heat_exchanger_ntu|heat_exchanger_lc|shell_and_tube_1d|pressure_changer|valve|pipe|cstr|plug_flow_reactor|stoichiometric_reactor|equilibrium_reactor|gibbs_reactor|flash|feed|feed_flash|product)\.py$
idaes/models/unit_models/feed.py,module,source,226,,10,10_unit_models_control_volume_based.md,^idaes/models/unit_models/(heater|heat_exchanger|heat_exchanger_1D|heat_exchanger_ntu|heat_exchanger_lc|shell_and_tube_1d|pressure_changer|valve|pipe|cstr|plug_flow_reactor|stoichiometric_reactor|equilibrium_reactor|gibbs_reactor|flash|feed|feed_flash|product)\.py$
idaes/models/unit_models/feed_flash.py,module,source,272,,10,10_unit_models_control_volume_based.md,^idaes/models/unit_models/(heater|heat_exchanger|heat_exchanger_1D|heat_exchanger_ntu|heat_exchanger_lc|shell_and_tube_1d|pressure_changer|valve|pipe|cstr|plug_flow_reactor|stoichiometric_reactor|equilibrium_reactor|gibbs_reactor|flash|feed|feed_flash|product)\.py$
idaes/models/unit_models/flash.py,module,source,411,,10,10_unit_models_control_volume_based.md,^idaes/models/unit_models/(heater|heat_exchanger|heat_exchanger_1D|heat_exchanger_ntu|heat_exchanger_lc|shell_and_tube_1d|pressure_changer|valve|pipe|cstr|plug_flow_reactor|stoichiometric_reactor|equilibrium_reactor|gibbs_reactor|flash|feed|feed_flash|product)\.py$
idaes/models/unit_models/gibbs_reactor.py,module,source,491,,10,10_unit_models_control_volume_based.md,^idaes/models/unit_models/(heater|heat_exchanger|heat_exchanger_1D|heat_exchanger_ntu|heat_exchanger_lc|shell_and_tube_1d|pressure_changer|valve|pipe|cstr|plug_flow_reactor|stoichiometric_reactor|equilibrium_reactor|gibbs_reactor|flash|feed|feed_flash|product)\.py$
idaes/models/unit_models/heat_exchanger.py,module,source,1009,,10,10_unit_models_control_volume_based.md,^idaes/models/unit_models/(heater|heat_exchanger|heat_exchanger_1D|heat_exchanger_ntu|heat_exchanger_lc|shell_and_tube_1d|pressure_changer|valve|pipe|cstr|plug_flow_reactor|stoichiometric_reactor|equilibrium_reactor|gibbs_reactor|flash|feed|feed_flash|product)\.py$
idaes/models/unit_models/heat_exchanger_1D.py,module,source,1010,,10,10_unit_models_control_volume_based.md,^idaes/models/unit_models/(heater|heat_exchanger|heat_exchanger_1D|heat_exchanger_ntu|heat_exchanger_lc|shell_and_tube_1d|pressure_changer|valve|pipe|cstr|plug_flow_reactor|stoichiometric_reactor|equilibrium_reactor|gibbs_reactor|flash|feed|feed_flash|product)\.py$
idaes/models/unit_models/heat_exchanger_lc.py,module,source,295,,10,10_unit_models_control_volume_based.md,^idaes/models/unit_models/(heater|heat_exchanger|heat_exchanger_1D|heat_exchanger_ntu|heat_exchanger_lc|shell_and_tube_1d|pressure_changer|valve|pipe|cstr|plug_flow_reactor|stoichiometric_reactor|equilibrium_reactor|gibbs_reactor|flash|feed|feed_flash|product)\.py$
idaes/models/unit_models/heat_exchanger_ntu.py,module,source,622,,10,10_unit_models_control_volume_based.md,^idaes/models/unit_models/(heater|heat_exchanger|heat_exchanger_1D|heat_exchanger_ntu|heat_exchanger_lc|shell_and_tube_1d|pressure_changer|valve|pipe|cstr|plug_flow_reactor|stoichiometric_reactor|equilibrium_reactor|gibbs_reactor|flash|feed|feed_flash|product)\.py$
idaes/models/unit_models/heater.py,module,source,281,,10,10_unit_models_control_volume_based.md,^idaes/models/unit_models/(heater|heat_exchanger|heat_exchanger_1D|heat_exchanger_ntu|heat_exchanger_lc|shell_and_tube_1d|pressure_changer|valve|pipe|cstr|plug_flow_reactor|stoichiometric_reactor|equilibrium_reactor|gibbs_reactor|flash|feed|feed_flash|product)\.py$
idaes/models/unit_models/pipe.py,module,source,359,,10,10_unit_models_control_volume_based.md,^idaes/models/unit_models/(heater|heat_exchanger|heat_exchanger_1D|heat_exchanger_ntu|heat_exchanger_lc|shell_and_tube_1d|pressure_changer|valve|pipe|cstr|plug_flow_reactor|stoichiometric_reactor|equilibrium_reactor|gibbs_reactor|flash|feed|feed_flash|product)\.py$
idaes/models/unit_models/plug_flow_reactor.py,module,source,443,,10,10_unit_models_control_volume_based.md,^idaes/models/unit_models/(heater|heat_exchanger|heat_exchanger_1D|heat_exchanger_ntu|heat_exchanger_lc|shell_and_tube_1d|pressure_changer|valve|pipe|cstr|plug_flow_reactor|stoichiometric_reactor|equilibrium_reactor|gibbs_reactor|flash|feed|feed_flash|product)\.py$
idaes/models/unit_models/pressure_changer.py,module,source,1483,,10,10_unit_models_control_volume_based.md,^idaes/models/unit_models/(heater|heat_exchanger|heat_exchanger_1D|heat_exchanger_ntu|heat_exchanger_lc|shell_and_tube_1d|pressure_changer|valve|pipe|cstr|plug_flow_reactor|stoichiometric_reactor|equilibrium_reactor|gibbs_reactor|flash|feed|feed_flash|product)\.py$
idaes/models/unit_models/product.py,module,source,170,,10,10_unit_models_control_volume_based.md,^idaes/models/unit_models/(heater|heat_exchanger|heat_exchanger_1D|heat_exchanger_ntu|heat_exchanger_lc|shell_and_tube_1d|pressure_changer|valve|pipe|cstr|plug_flow_reactor|stoichiometric_reactor|equilibrium_reactor|gibbs_reactor|flash|feed|feed_flash|product)\.py$
idaes/models/unit_models/shell_and_tube_1d.py,module,source,476,,10,10_unit_models_control_volume_based.md,^idaes/models/unit_models/(heater|heat_exchanger|heat_exchanger_1D|heat_exchanger_ntu|heat_exchanger_lc|shell_and_tube_1d|pressure_changer|valve|pipe|cstr|plug_flow_reactor|stoichiometric_reactor|equilibrium_reactor|gibbs_reactor|flash|feed|feed_flash|product)\.py$
idaes/models/unit_models/stoichiometric_reactor.py,module,source,310,,10,10_unit_models_control_volume_based.md,^idaes/models/unit_models/(heater|heat_exchanger|heat_exchanger_1D|heat_exchanger_ntu|heat_exchanger_lc|shell_and_tube_1d|pressure_changer|valve|pipe|cstr|plug_flow_reactor|stoichiometric_reactor|equilibrium_reactor|gibbs_reactor|flash|feed|feed_flash|product)\.py$
idaes/models/unit_models/valve.py,module,source,293,,10,10_unit_models_control_volume_based.md,^idaes/models/unit_models/(heater|heat_exchanger|heat_exchanger_1D|heat_exchanger_ntu|heat_exchanger_lc|shell_and_tube_1d|pressure_changer|valve|pipe|cstr|plug_flow_reactor|stoichiometric_reactor|equilibrium_reactor|gibbs_reactor|flash|feed|feed_flash|product)\.py$
idaes/models/control/__init__.py,module,source,18,,11,11_unit_models_network_contactors_and_control.md,^idaes/models/control/
idaes/models/control/controller.py,module,source,571,,11,11_unit_models_network_contactors_and_control.md,^idaes/models/control/
idaes/models/unit_models/__init__.py,module,source,48,,11,11_unit_models_network_contactors_and_control.md,^idaes/models/unit_models/(mixer|separator|translator|statejunction|stream_scaler|mscontactor|skeleton_model|__init__)\.py$
idaes/models/unit_models/icons/__init__.py,module,source,0,,11,11_unit_models_network_contactors_and_control.md,^idaes/models/unit_models/icons/
idaes/models/unit_models/icons/compressor_1.svg,asset,source,,24306,11,11_unit_models_network_contactors_and_control.md,^idaes/models/unit_models/icons/
idaes/models/unit_models/icons/compressor_2.svg,asset,source,,24926,11,11_unit_models_network_contactors_and_control.md,^idaes/models/unit_models/icons/
idaes/models/unit_models/icons/cooler.svg,asset,source,,24907,11,11_unit_models_network_contactors_and_control.md,^idaes/models/unit_models/icons/
idaes/models/unit_models/icons/expander_1.svg,asset,source,,24309,11,11_unit_models_network_contactors_and_control.md,^idaes/models/unit_models/icons/
idaes/models/unit_models/icons/expander_2.svg,asset,source,,24921,11,11_unit_models_network_contactors_and_control.md,^idaes/models/unit_models/icons/
idaes/models/unit_models/icons/fan.svg,asset,source,,25108,11,11_unit_models_network_contactors_and_control.md,^idaes/models/unit_models/icons/
idaes/models/unit_models/icons/flash.svg,asset,source,,25404,11,11_unit_models_network_contactors_and_control.md,^idaes/models/unit_models/icons/
idaes/models/unit_models/icons/heat_exchanger_1.svg,asset,source,,23931,11,11_unit_models_network_contactors_and_control.md,^idaes/models/unit_models/icons/
idaes/models/unit_models/icons/heat_exchanger_2.svg,asset,source,,30126,11,11_unit_models_network_contactors_and_control.md,^idaes/models/unit_models/icons/
idaes/models/unit_models/icons/heat_exchanger_3.svg,asset,source,,30122,11,11_unit_models_network_contactors_and_control.md,^idaes/models/unit_models/icons/
idaes/models/unit_models/icons/heat_exchanger_4.svg,asset,source,,30122,11,11_unit_models_network_contactors_and_control.md,^idaes/models/unit_models/icons/
idaes/models/unit_models/icons/heater_1.svg,asset,source,,23945,11,11_unit_models_network_contactors_and_control.md,^idaes/models/unit_models/icons/
idaes/models/unit_models/icons/heater_2.svg,asset,source,,24941,11,11_unit_models_network_contactors_and_control.md,^idaes/models/unit_models/icons/
idaes/models/unit_models/icons/mixer.svg,asset,source,,25210,11,11_unit_models_network_contactors_and_control.md,^idaes/models/unit_models/icons/
idaes/models/unit_models/icons/packed_column_1.svg,asset,source,,32150,11,11_unit_models_network_contactors_and_control.md,^idaes/models/unit_models/icons/
idaes/models/unit_models/icons/packed_column_2.svg,asset,source,,31059,11,11_unit_models_network_contactors_and_control.md,^idaes/models/unit_models/icons/
idaes/models/unit_models/icons/packed_column_3.svg,asset,source,,30088,11,11_unit_models_network_contactors_and_control.md,^idaes/models/unit_models/icons/
idaes/models/unit_models/icons/packed_column_4.svg,asset,source,,28039,11,11_unit_models_network_contactors_and_control.md,^idaes/models/unit_models/icons/
idaes/models/unit_models/icons/pump.svg,asset,source,,26078,11,11_unit_models_network_contactors_and_control.md,^idaes/models/unit_models/icons/
idaes/models/unit_models/icons/reactor_c.svg,asset,source,,27465,11,11_unit_models_network_contactors_and_control.md,^idaes/models/unit_models/icons/
idaes/models/unit_models/icons/reactor_e.svg,asset,source,,26198,11,11_unit_models_network_contactors_and_control.md,^idaes/models/unit_models/icons/
idaes/models/unit_models/icons/reactor_g.svg,asset,source,,26360,11,11_unit_models_network_contactors_and_control.md,^idaes/models/unit_models/icons/
idaes/models/unit_models/icons/reactor_pfr.svg,asset,source,,25244,11,11_unit_models_network_contactors_and_control.md,^idaes/models/unit_models/icons/
idaes/models/unit_models/icons/reactor_s.svg,asset,source,,27451,11,11_unit_models_network_contactors_and_control.md,^idaes/models/unit_models/icons/
idaes/models/unit_models/icons/splitter.svg,asset,source,,25211,11,11_unit_models_network_contactors_and_control.md,^idaes/models/unit_models/icons/
idaes/models/unit_models/icons/tray_column_1.svg,asset,source,,34843,11,11_unit_models_network_contactors_and_control.md,^idaes/models/unit_models/icons/
idaes/models/unit_models/icons/tray_column_2.svg,asset,source,,33739,11,11_unit_models_network_contactors_and_control.md,^idaes/models/unit_models/icons/
idaes/models/unit_models/icons/tray_column_3.svg,asset,source,,32772,11,11_unit_models_network_contactors_and_control.md,^idaes/models/unit_models/icons/
idaes/models/unit_models/icons/tray_column_4.svg,asset,source,,30710,11,11_unit_models_network_contactors_and_control.md,^idaes/models/unit_models/icons/
idaes/models/unit_models/icons/valve_1.svg,asset,source,,24947,11,11_unit_models_network_contactors_and_control.md,^idaes/models/unit_models/icons/
idaes/models/unit_models/icons/valve_2.svg,asset,source,,5004,11,11_unit_models_network_contactors_and_control.md,^idaes/models/unit_models/icons/
idaes/models/unit_models/icons/valve_3.svg,asset,source,,5323,11,11_unit_models_network_contactors_and_control.md,^idaes/models/unit_models/icons/
idaes/models/unit_models/mixer.py,module,source,1348,,11,11_unit_models_network_contactors_and_control.md,^idaes/models/unit_models/(mixer|separator|translator|statejunction|stream_scaler|mscontactor|skeleton_model|__init__)\.py$
idaes/models/unit_models/mscontactor.py,module,source,2118,,11,11_unit_models_network_contactors_and_control.md,^idaes/models/unit_models/(mixer|separator|translator|statejunction|stream_scaler|mscontactor|skeleton_model|__init__)\.py$
idaes/models/unit_models/separator.py,module,source,2390,,11,11_unit_models_network_contactors_and_control.md,^idaes/models/unit_models/(mixer|separator|translator|statejunction|stream_scaler|mscontactor|skeleton_model|__init__)\.py$
idaes/models/unit_models/skeleton_model.py,module,source,197,,11,11_unit_models_network_contactors_and_control.md,^idaes/models/unit_models/(mixer|separator|translator|statejunction|stream_scaler|mscontactor|skeleton_model|__init__)\.py$
idaes/models/unit_models/solid_liquid/__init__.py,module,source,14,,11,11_unit_models_network_contactors_and_control.md,^idaes/models/unit_models/solid_liquid/
idaes/models/unit_models/solid_liquid/sl_separator.py,module,source,362,,11,11_unit_models_network_contactors_and_control.md,^idaes/models/unit_models/solid_liquid/
idaes/models/unit_models/solid_liquid/thickener.py,module,source,545,,11,11_unit_models_network_contactors_and_control.md,^idaes/models/unit_models/solid_liquid/
idaes/models/unit_models/statejunction.py,module,source,153,,11,11_unit_models_network_contactors_and_control.md,^idaes/models/unit_models/(mixer|separator|translator|statejunction|stream_scaler|mscontactor|skeleton_model|__init__)\.py$
idaes/models/unit_models/stream_scaler.py,module,source,245,,11,11_unit_models_network_contactors_and_control.md,^idaes/models/unit_models/(mixer|separator|translator|statejunction|stream_scaler|mscontactor|skeleton_model|__init__)\.py$
idaes/models/unit_models/translator.py,module,source,255,,11,11_unit_models_network_contactors_and_control.md,^idaes/models/unit_models/(mixer|separator|translator|statejunction|stream_scaler|mscontactor|skeleton_model|__init__)\.py$
idaes/models/properties/modular_properties/base/__init__.py,module,source,12,,12,12_modular_properties_generic_framework.md,^idaes/models/properties/modular_properties/base/
idaes/models/properties/modular_properties/base/generic_property.py,module,source,5942,,12,12_modular_properties_generic_framework.md,^idaes/models/properties/modular_properties/base/
idaes/models/properties/modular_properties/base/generic_reaction.py,module,source,818,,12,12_modular_properties_generic_framework.md,^idaes/models/properties/modular_properties/base/
idaes/models/properties/modular_properties/base/utility.py,module,source,664,,12,12_modular_properties_generic_framework.md,^idaes/models/properties/modular_properties/base/
idaes/models/properties/modular_properties/eos/__init__.py,module,source,12,,13,13_modular_properties_eos_and_phase_equilibrium.md,^idaes/models/properties/modular_properties/(eos|phase_equil|reactions)/
idaes/models/properties/modular_properties/eos/ceos.py,module,source,1555,,13,13_modular_properties_eos_and_phase_equilibrium.md,^idaes/models/properties/modular_properties/(eos|phase_equil|reactions)/
idaes/models/properties/modular_properties/eos/ceos_common.py,module,source,152,,13,13_modular_properties_eos_and_phase_equilibrium.md,^idaes/models/properties/modular_properties/(eos|phase_equil|reactions)/
idaes/models/properties/modular_properties/eos/enrtl.py,module,source,851,,13,13_modular_properties_eos_and_phase_equilibrium.md,^idaes/models/properties/modular_properties/(eos|phase_equil|reactions)/
idaes/models/properties/modular_properties/eos/enrtl_parameters.py,module,source,166,,13,13_modular_properties_eos_and_phase_equilibrium.md,^idaes/models/properties/modular_properties/(eos|phase_equil|reactions)/
idaes/models/properties/modular_properties/eos/enrtl_reference_states.py,module,source,114,,13,13_modular_properties_eos_and_phase_equilibrium.md,^idaes/models/properties/modular_properties/(eos|phase_equil|reactions)/
idaes/models/properties/modular_properties/eos/eos_base.py,module,source,345,,13,13_modular_properties_eos_and_phase_equilibrium.md,^idaes/models/properties/modular_properties/(eos|phase_equil|reactions)/
idaes/models/properties/modular_properties/eos/ideal.py,module,source,567,,13,13_modular_properties_eos_and_phase_equilibrium.md,^idaes/models/properties/modular_properties/(eos|phase_equil|reactions)/
idaes/models/properties/modular_properties/phase_equil/__init__.py,module,source,14,,13,13_modular_properties_eos_and_phase_equilibrium.md,^idaes/models/properties/modular_properties/(eos|phase_equil|reactions)/
idaes/models/properties/modular_properties/phase_equil/bubble_dew.py,module,source,1108,,13,13_modular_properties_eos_and_phase_equilibrium.md,^idaes/models/properties/modular_properties/(eos|phase_equil|reactions)/
idaes/models/properties/modular_properties/phase_equil/forms.py,module,source,112,,13,13_modular_properties_eos_and_phase_equilibrium.md,^idaes/models/properties/modular_properties/(eos|phase_equil|reactions)/
idaes/models/properties/modular_properties/phase_equil/henry.py,module,source,228,,13,13_modular_properties_eos_and_phase_equilibrium.md,^idaes/models/properties/modular_properties/(eos|phase_equil|reactions)/
idaes/models/properties/modular_properties/phase_equil/smooth_VLE.py,module,source,204,,13,13_modular_properties_eos_and_phase_equilibrium.md,^idaes/models/properties/modular_properties/(eos|phase_equil|reactions)/
idaes/models/properties/modular_properties/phase_equil/smooth_VLE_2.py,module,source,362,,13,13_modular_properties_eos_and_phase_equilibrium.md,^idaes/models/properties/modular_properties/(eos|phase_equil|reactions)/
idaes/models/properties/modular_properties/reactions/__init__.py,module,source,12,,13,13_modular_properties_eos_and_phase_equilibrium.md,^idaes/models/properties/modular_properties/(eos|phase_equil|reactions)/
idaes/models/properties/modular_properties/reactions/dh_rxn.py,module,source,97,,13,13_modular_properties_eos_and_phase_equilibrium.md,^idaes/models/properties/modular_properties/(eos|phase_equil|reactions)/
idaes/models/properties/modular_properties/reactions/equilibrium_constant.py,module,source,350,,13,13_modular_properties_eos_and_phase_equilibrium.md,^idaes/models/properties/modular_properties/(eos|phase_equil|reactions)/
idaes/models/properties/modular_properties/reactions/equilibrium_forms.py,module,source,395,,13,13_modular_properties_eos_and_phase_equilibrium.md,^idaes/models/properties/modular_properties/(eos|phase_equil|reactions)/
idaes/models/properties/modular_properties/reactions/rate_constant.py,module,source,104,,13,13_modular_properties_eos_and_phase_equilibrium.md,^idaes/models/properties/modular_properties/(eos|phase_equil|reactions)/
idaes/models/properties/modular_properties/reactions/rate_forms.py,module,source,45,,13,13_modular_properties_eos_and_phase_equilibrium.md,^idaes/models/properties/modular_properties/(eos|phase_equil|reactions)/
idaes/models/properties/modular_properties/pure/ChapmanEnskog.py,module,source,111,,14,14_modular_properties_state_definitions_and_libraries.md,^idaes/models/properties/modular_properties/(state_definitions|pure|transport_properties)/
idaes/models/properties/modular_properties/pure/ChungPure.py,module,source,102,,14,14_modular_properties_state_definitions_and_libraries.md,^idaes/models/properties/modular_properties/(state_definitions|pure|transport_properties)/
idaes/models/properties/modular_properties/pure/ConstantProperties.py,module,source,301,,14,14_modular_properties_state_definitions_and_libraries.md,^idaes/models/properties/modular_properties/(state_definitions|pure|transport_properties)/
idaes/models/properties/modular_properties/pure/Eucken.py,module,source,79,,14,14_modular_properties_state_definitions_and_libraries.md,^idaes/models/properties/modular_properties/(state_definitions|pure|transport_properties)/
idaes/models/properties/modular_properties/pure/NIST.py,module,source,222,,14,14_modular_properties_state_definitions_and_libraries.md,^idaes/models/properties/modular_properties/(state_definitions|pure|transport_properties)/
idaes/models/properties/modular_properties/pure/Perrys.py,module,source,288,,14,14_modular_properties_state_definitions_and_libraries.md,^idaes/models/properties/modular_properties/(state_definitions|pure|transport_properties)/
idaes/models/properties/modular_properties/pure/RPP3.py,module,source,210,,14,14_modular_properties_state_definitions_and_libraries.md,^idaes/models/properties/modular_properties/(state_definitions|pure|transport_properties)/
idaes/models/properties/modular_properties/pure/RPP4.py,module,source,219,,14,14_modular_properties_state_definitions_and_libraries.md,^idaes/models/properties/modular_properties/(state_definitions|pure|transport_properties)/
idaes/models/properties/modular_properties/pure/RPP5.py,module,source,250,,14,14_modular_properties_state_definitions_and_libraries.md,^idaes/models/properties/modular_properties/(state_definitions|pure|transport_properties)/
idaes/models/properties/modular_properties/pure/__init__.py,module,source,22,,14,14_modular_properties_state_definitions_and_libraries.md,^idaes/models/properties/modular_properties/(state_definitions|pure|transport_properties)/
idaes/models/properties/modular_properties/pure/electrolyte.py,module,source,40,,14,14_modular_properties_state_definitions_and_libraries.md,^idaes/models/properties/modular_properties/(state_definitions|pure|transport_properties)/
idaes/models/properties/modular_properties/state_definitions/FPhx.py,module,source,563,,14,14_modular_properties_state_definitions_and_libraries.md,^idaes/models/properties/modular_properties/(state_definitions|pure|transport_properties)/
idaes/models/properties/modular_properties/state_definitions/FTPx.py,module,source,1017,,14,14_modular_properties_state_definitions_and_libraries.md,^idaes/models/properties/modular_properties/(state_definitions|pure|transport_properties)/
idaes/models/properties/modular_properties/state_definitions/FcPh.py,module,source,579,,14,14_modular_properties_state_definitions_and_libraries.md,^idaes/models/properties/modular_properties/(state_definitions|pure|transport_properties)/
idaes/models/properties/modular_properties/state_definitions/FcTP.py,module,source,554,,14,14_modular_properties_state_definitions_and_libraries.md,^idaes/models/properties/modular_properties/(state_definitions|pure|transport_properties)/
idaes/models/properties/modular_properties/state_definitions/FpTPxpc.py,module,source,395,,14,14_modular_properties_state_definitions_and_libraries.md,^idaes/models/properties/modular_properties/(state_definitions|pure|transport_properties)/
idaes/models/properties/modular_properties/state_definitions/FpcTP.py,module,source,380,,14,14_modular_properties_state_definitions_and_libraries.md,^idaes/models/properties/modular_properties/(state_definitions|pure|transport_properties)/
idaes/models/properties/modular_properties/state_definitions/__init__.py,module,source,17,,14,14_modular_properties_state_definitions_and_libraries.md,^idaes/models/properties/modular_properties/(state_definitions|pure|transport_properties)/
idaes/models/properties/modular_properties/state_definitions/electrolyte_states.py,module,source,293,,14,14_modular_properties_state_definitions_and_libraries.md,^idaes/models/properties/modular_properties/(state_definitions|pure|transport_properties)/
idaes/models/properties/modular_properties/transport_properties/__init__.py,module,source,15,,14,14_modular_properties_state_definitions_and_libraries.md,^idaes/models/properties/modular_properties/(state_definitions|pure|transport_properties)/
idaes/models/properties/modular_properties/transport_properties/no_method.py,module,source,56,,14,14_modular_properties_state_definitions_and_libraries.md,^idaes/models/properties/modular_properties/(state_definitions|pure|transport_properties)/
idaes/models/properties/modular_properties/transport_properties/thermal_conductivity_wms.py,module,source,59,,14,14_modular_properties_state_definitions_and_libraries.md,^idaes/models/properties/modular_properties/(state_definitions|pure|transport_properties)/
idaes/models/properties/modular_properties/transport_properties/viscosity_wilke.py,module,source,126,,14,14_modular_properties_state_definitions_and_libraries.md,^idaes/models/properties/modular_properties/(state_definitions|pure|transport_properties)/
idaes/models/properties/activity_coeff_models/BTX_activity_coeff_VLE.py,module,source,317,,15,15_property_package_catalog.md,^idaes/models/properties/(activity_coeff_models|examples|interrogator)/
idaes/models/properties/activity_coeff_models/__init__.py,module,source,0,,15,15_property_package_catalog.md,^idaes/models/properties/(activity_coeff_models|examples|interrogator)/
idaes/models/properties/activity_coeff_models/activity_coeff_prop_pack.py,module,source,2241,,15,15_property_package_catalog.md,^idaes/models/properties/(activity_coeff_models|examples|interrogator)/
idaes/models/properties/activity_coeff_models/methane_combustion_ideal.py,module,source,257,,15,15_property_package_catalog.md,^idaes/models/properties/(activity_coeff_models|examples|interrogator)/
idaes/models/properties/examples/__init__.py,module,source,0,,15,15_property_package_catalog.md,^idaes/models/properties/(activity_coeff_models|examples|interrogator)/
idaes/models/properties/examples/saponification_reactions.py,module,source,284,,15,15_property_package_catalog.md,^idaes/models/properties/(activity_coeff_models|examples|interrogator)/
idaes/models/properties/examples/saponification_thermo.py,module,source,424,,15,15_property_package_catalog.md,^idaes/models/properties/(activity_coeff_models|examples|interrogator)/
idaes/models/properties/interrogator/__init__.py,module,source,14,,15,15_property_package_catalog.md,^idaes/models/properties/(activity_coeff_models|examples|interrogator)/
idaes/models/properties/interrogator/properties_interrogator.py,module,source,447,,15,15_property_package_catalog.md,^idaes/models/properties/(activity_coeff_models|examples|interrogator)/
idaes/models/properties/interrogator/reactions_interrogator.py,module,source,366,,15,15_property_package_catalog.md,^idaes/models/properties/(activity_coeff_models|examples|interrogator)/
idaes/models/properties/modular_properties/__init__.py,module,source,14,,15,15_property_package_catalog.md,^idaes/models/properties/modular_properties/__init__\.py$
idaes/models/properties/modular_properties/coolprop/__init__.py,module,source,13,,15,15_property_package_catalog.md,^idaes/models/properties/modular_properties/(examples|coolprop)/
idaes/models/properties/modular_properties/coolprop/coolprop_forms.py,module,source,235,,15,15_property_package_catalog.md,^idaes/models/properties/modular_properties/(examples|coolprop)/
idaes/models/properties/modular_properties/coolprop/coolprop_wrapper.py,module,source,489,,15,15_property_package_catalog.md,^idaes/models/properties/modular_properties/(examples|coolprop)/
idaes/models/properties/modular_properties/examples/ASU_PR.py,module,source,350,,15,15_property_package_catalog.md,^idaes/models/properties/modular_properties/(examples|coolprop)/
idaes/models/properties/modular_properties/examples/BT_PR.py,module,source,163,,15,15_property_package_catalog.md,^idaes/models/properties/modular_properties/(examples|coolprop)/
idaes/models/properties/modular_properties/examples/BT_ideal.py,module,source,168,,15,15_property_package_catalog.md,^idaes/models/properties/modular_properties/(examples|coolprop)/
idaes/models/properties/modular_properties/examples/CO2_H2O_Ideal_VLE.py,module,source,198,,15,15_property_package_catalog.md,^idaes/models/properties/modular_properties/(examples|coolprop)/
idaes/models/properties/modular_properties/examples/CO2_bmimPF6_PR.py,module,source,158,,15,15_property_package_catalog.md,^idaes/models/properties/modular_properties/(examples|coolprop)/
idaes/models/properties/modular_properties/examples/HC_PR.py,module,source,890,,15,15_property_package_catalog.md,^idaes/models/properties/modular_properties/(examples|coolprop)/
idaes/models/properties/modular_properties/examples/HC_PR_vap.py,module,source,878,,15,15_property_package_catalog.md,^idaes/models/properties/modular_properties/(examples|coolprop)/
idaes/models/properties/modular_properties/examples/__init__.py,module,source,12,,15,15_property_package_catalog.md,^idaes/models/properties/modular_properties/(examples|coolprop)/
idaes/models/properties/modular_properties/examples/enrtl_H2O_NaCl_KCl.py,module,source,97,,15,15_property_package_catalog.md,^idaes/models/properties/modular_properties/(examples|coolprop)/
idaes/models/properties/modular_properties/examples/enrtl_NaBr_mixed_solvent.py,module,source,121,,15,15_property_package_catalog.md,^idaes/models/properties/modular_properties/(examples|coolprop)/
idaes/models/properties/modular_properties/examples/reactions/__init__.py,module,source,12,,15,15_property_package_catalog.md,^idaes/models/properties/modular_properties/(examples|coolprop)/
idaes/models/properties/modular_properties/examples/reactions/reaction_example.py,module,source,164,,15,15_property_package_catalog.md,^idaes/models/properties/modular_properties/(examples|coolprop)/
idaes/models/properties/__init__.py,module,source,0,,16,16_general_helmholtz_property_system.md,^idaes/models/properties/__init__\.py$
idaes/models/properties/general_helmholtz/__init__.py,module,source,45,,16,16_general_helmholtz_property_system.md,^idaes/models/properties/(general_helmholtz|helmholtz)/
idaes/models/properties/general_helmholtz/components/__init__.py,module,source,32,,16,16_general_helmholtz_property_system.md,^idaes/models/properties/(general_helmholtz|helmholtz)/
idaes/models/properties/general_helmholtz/components/parameters/__init__.py,module,source,128,,16,16_general_helmholtz_property_system.md,^idaes/models/properties/(general_helmholtz|helmholtz)/
idaes/models/properties/general_helmholtz/components/parameters/butane.json,asset,source,,5578,16,16_general_helmholtz_property_system.md,^idaes/models/properties/(general_helmholtz|helmholtz)/
idaes/models/properties/general_helmholtz/components/parameters/butane.py,module,source,51,,16,16_general_helmholtz_property_system.md,^idaes/models/properties/(general_helmholtz|helmholtz)/
idaes/models/properties/general_helmholtz/components/parameters/butane_expressions_eos.nl,asset,source,,12333,16,16_general_helmholtz_property_system.md,^idaes/models/properties/(general_helmholtz|helmholtz)/
idaes/models/properties/general_helmholtz/components/parameters/butane_expressions_st.nl,asset,source,,702,16,16_general_helmholtz_property_system.md,^idaes/models/properties/(general_helmholtz|helmholtz)/
idaes/models/properties/general_helmholtz/components/parameters/butane_parameters.json,asset,source,,1004,16,16_general_helmholtz_property_system.md,^idaes/models/properties/(general_helmholtz|helmholtz)/
idaes/models/properties/general_helmholtz/components/parameters/co2.json,asset,source,,8423,16,16_general_helmholtz_property_system.md,^idaes/models/properties/(general_helmholtz|helmholtz)/
idaes/models/properties/general_helmholtz/components/parameters/co2.py,module,source,127,,16,16_general_helmholtz_property_system.md,^idaes/models/properties/(general_helmholtz|helmholtz)/
idaes/models/properties/general_helmholtz/components/parameters/co2_expressions_eos.nl,asset,source,,20268,16,16_general_helmholtz_property_system.md,^idaes/models/properties/(general_helmholtz|helmholtz)/
idaes/models/properties/general_helmholtz/components/parameters/co2_expressions_st.nl,asset,source,,702,16,16_general_helmholtz_property_system.md,^idaes/models/properties/(general_helmholtz|helmholtz)/
idaes/models/properties/general_helmholtz/components/parameters/co2_expressions_tcx.nl,asset,source,,1283,16,16_general_helmholtz_property_system.md,^idaes/models/properties/(general_helmholtz|helmholtz)/
idaes/models/properties/general_helmholtz/components/parameters/co2_expressions_visc.nl,asset,source,,1122,16,16_general_helmholtz_property_system.md,^idaes/models/properties/(general_helmholtz|helmholtz)/
idaes/models/properties/general_helmholtz/components/parameters/co2_parameters.json,asset,source,,1262,16,16_general_helmholtz_property_system.md,^idaes/models/properties/(general_helmholtz|helmholtz)/
idaes/models/properties/general_helmholtz/components/parameters/h2o.json,asset,source,,10184,16,16_general_helmholtz_property_system.md,^idaes/models/properties/(general_helmholtz|helmholtz)/
idaes/models/properties/general_helmholtz/components/parameters/h2o.py,module,source,220,,16,16_general_helmholtz_property_system.md,^idaes/models/properties/(general_helmholtz|helmholtz)/
idaes/models/properties/general_helmholtz/components/parameters/h2o_expressions_eos.nl,asset,source,,27486,16,16_general_helmholtz_property_system.md,^idaes/models/properties/(general_helmholtz|helmholtz)/
idaes/models/properties/general_helmholtz/components/parameters/h2o_expressions_st.nl,asset,source,,859,16,16_general_helmholtz_property_system.md,^idaes/models/properties/(general_helmholtz|helmholtz)/
idaes/models/properties/general_helmholtz/components/parameters/h2o_expressions_tcx.nl,asset,source,,3439,16,16_general_helmholtz_property_system.md,^idaes/models/properties/(general_helmholtz|helmholtz)/
idaes/models/properties/general_helmholtz/components/parameters/h2o_expressions_visc.nl,asset,source,,1308,16,16_general_helmholtz_property_system.md,^idaes/models/properties/(general_helmholtz|helmholtz)/
idaes/models/properties/general_helmholtz/components/parameters/h2o_parameters.json,asset,source,,1245,16,16_general_helmholtz_property_system.md,^idaes/models/properties/(general_helmholtz|helmholtz)/
idaes/models/properties/general_helmholtz/components/parameters/isobutane.json,asset,source,,5652,16,16_general_helmholtz_property_system.md,^idaes/models/properties/(general_helmholtz|helmholtz)/
idaes/models/properties/general_helmholtz/components/parameters/isobutane.py,module,source,51,,16,16_general_helmholtz_property_system.md,^idaes/models/properties/(general_helmholtz|helmholtz)/
idaes/models/properties/general_helmholtz/components/parameters/isobutane_expressions_eos.nl,asset,source,,12346,16,16_general_helmholtz_property_system.md,^idaes/models/properties/(general_helmholtz|helmholtz)/
idaes/models/properties/general_helmholtz/components/parameters/isobutane_expressions_st.nl,asset,source,,859,16,16_general_helmholtz_property_system.md,^idaes/models/properties/(general_helmholtz|helmholtz)/
idaes/models/properties/general_helmholtz/components/parameters/isobutane_parameters.json,asset,source,,1006,16,16_general_helmholtz_property_system.md,^idaes/models/properties/(general_helmholtz|helmholtz)/
idaes/models/properties/general_helmholtz/components/parameters/nh3.json,asset,source,,6659,16,16_general_helmholtz_property_system.md,^idaes/models/properties/(general_helmholtz|helmholtz)/
idaes/models/properties/general_helmholtz/components/parameters/nh3.py,module,source,173,,16,16_general_helmholtz_property_system.md,^idaes/models/properties/(general_helmholtz|helmholtz)/
idaes/models/properties/general_helmholtz/components/parameters/nh3_expressions_eos.nl,asset,source,,17786,16,16_general_helmholtz_property_system.md,^idaes/models/properties/(general_helmholtz|helmholtz)/
idaes/models/properties/general_helmholtz/components/parameters/nh3_expressions_st.nl,asset,source,,847,16,16_general_helmholtz_property_system.md,^idaes/models/properties/(general_helmholtz|helmholtz)/
idaes/models/properties/general_helmholtz/components/parameters/nh3_parameters.json,asset,source,,977,16,16_general_helmholtz_property_system.md,^idaes/models/properties/(general_helmholtz|helmholtz)/
idaes/models/properties/general_helmholtz/components/parameters/propane.json,asset,source,,6256,16,16_general_helmholtz_property_system.md,^idaes/models/properties/(general_helmholtz|helmholtz)/
idaes/models/properties/general_helmholtz/components/parameters/propane.py,module,source,201,,16,16_general_helmholtz_property_system.md,^idaes/models/properties/(general_helmholtz|helmholtz)/
idaes/models/properties/general_helmholtz/components/parameters/propane_expressions_eos.nl,asset,source,,12986,16,16_general_helmholtz_property_system.md,^idaes/models/properties/(general_helmholtz|helmholtz)/
idaes/models/properties/general_helmholtz/components/parameters/propane_expressions_st.nl,asset,source,,855,16,16_general_helmholtz_property_system.md,^idaes/models/properties/(general_helmholtz|helmholtz)/
idaes/models/properties/general_helmholtz/components/parameters/propane_expressions_tcx.nl,asset,source,,3989,16,16_general_helmholtz_property_system.md,^idaes/models/properties/(general_helmholtz|helmholtz)/
idaes/models/properties/general_helmholtz/components/parameters/propane_expressions_visc.nl,asset,source,,2642,16,16_general_helmholtz_property_system.md,^idaes/models/properties/(general_helmholtz|helmholtz)/
idaes/models/properties/general_helmholtz/components/parameters/propane_parameters.json,asset,source,,1263,16,16_general_helmholtz_property_system.md,^idaes/models/properties/(general_helmholtz|helmholtz)/
idaes/models/properties/general_helmholtz/components/parameters/r1234ze.json,asset,source,,5710,16,16_general_helmholtz_property_system.md,^idaes/models/properties/(general_helmholtz|helmholtz)/
idaes/models/properties/general_helmholtz/components/parameters/r1234ze.py,module,source,154,,16,16_general_helmholtz_property_system.md,^idaes/models/properties/(general_helmholtz|helmholtz)/
idaes/models/properties/general_helmholtz/components/parameters/r1234ze_expressions_eos.nl,asset,source,,10678,16,16_general_helmholtz_property_system.md,^idaes/models/properties/(general_helmholtz|helmholtz)/
idaes/models/properties/general_helmholtz/components/parameters/r1234ze_expressions_st.nl,asset,source,,854,16,16_general_helmholtz_property_system.md,^idaes/models/properties/(general_helmholtz|helmholtz)/
idaes/models/properties/general_helmholtz/components/parameters/r1234ze_expressions_tcx.nl,asset,source,,894,16,16_general_helmholtz_property_system.md,^idaes/models/properties/(general_helmholtz|helmholtz)/
idaes/models/properties/general_helmholtz/components/parameters/r1234ze_expressions_visc.nl,asset,source,,1722,16,16_general_helmholtz_property_system.md,^idaes/models/properties/(general_helmholtz|helmholtz)/
idaes/models/properties/general_helmholtz/components/parameters/r1234ze_parameters.json,asset,source,,1261,16,16_general_helmholtz_property_system.md,^idaes/models/properties/(general_helmholtz|helmholtz)/
idaes/models/properties/general_helmholtz/components/parameters/r125.json,asset,source,,4585,16,16_general_helmholtz_property_system.md,^idaes/models/properties/(general_helmholtz|helmholtz)/
idaes/models/properties/general_helmholtz/components/parameters/r125.py,module,source,40,,16,16_general_helmholtz_property_system.md,^idaes/models/properties/(general_helmholtz|helmholtz)/
idaes/models/properties/general_helmholtz/components/parameters/r125_expressions_eos.nl,asset,source,,9385,16,16_general_helmholtz_property_system.md,^idaes/models/properties/(general_helmholtz|helmholtz)/
idaes/models/properties/general_helmholtz/components/parameters/r125_expressions_st.nl,asset,source,,700,16,16_general_helmholtz_property_system.md,^idaes/models/properties/(general_helmholtz|helmholtz)/
idaes/models/properties/general_helmholtz/components/parameters/r125_parameters.json,asset,source,,1022,16,16_general_helmholtz_property_system.md,^idaes/models/properties/(general_helmholtz|helmholtz)/
idaes/models/properties/general_helmholtz/components/parameters/r134a.json,asset,source,,5355,16,16_general_helmholtz_property_system.md,^idaes/models/properties/(general_helmholtz|helmholtz)/
idaes/models/properties/general_helmholtz/components/parameters/r134a.py,module,source,194,,16,16_general_helmholtz_property_system.md,^idaes/models/properties/(general_helmholtz|helmholtz)/
idaes/models/properties/general_helmholtz/components/parameters/r134a_expressions_eos.nl,asset,source,,7449,16,16_general_helmholtz_property_system.md,^idaes/models/properties/(general_helmholtz|helmholtz)/
idaes/models/properties/general_helmholtz/components/parameters/r134a_expressions_st.nl,asset,source,,698,16,16_general_helmholtz_property_system.md,^idaes/models/properties/(general_helmholtz|helmholtz)/
idaes/models/properties/general_helmholtz/components/parameters/r134a_expressions_tcx.nl,asset,source,,3814,16,16_general_helmholtz_property_system.md,^idaes/models/properties/(general_helmholtz|helmholtz)/
idaes/models/properties/general_helmholtz/components/parameters/r134a_expressions_visc.nl,asset,source,,2026,16,16_general_helmholtz_property_system.md,^idaes/models/properties/(general_helmholtz|helmholtz)/
idaes/models/properties/general_helmholtz/components/parameters/r134a_parameters.json,asset,source,,1258,16,16_general_helmholtz_property_system.md,^idaes/models/properties/(general_helmholtz|helmholtz)/
idaes/models/properties/general_helmholtz/components/parameters/r227ea.json,asset,source,,5386,16,16_general_helmholtz_property_system.md,^idaes/models/properties/(general_helmholtz|helmholtz)/
idaes/models/properties/general_helmholtz/components/parameters/r227ea.py,module,source,40,,16,16_general_helmholtz_property_system.md,^idaes/models/properties/(general_helmholtz|helmholtz)/
idaes/models/properties/general_helmholtz/components/parameters/r227ea_expressions_eos.nl,asset,source,,12463,16,16_general_helmholtz_property_system.md,^idaes/models/properties/(general_helmholtz|helmholtz)/
idaes/models/properties/general_helmholtz/components/parameters/r227ea_expressions_st.nl,asset,source,,1000,16,16_general_helmholtz_property_system.md,^idaes/models/properties/(general_helmholtz|helmholtz)/
idaes/models/properties/general_helmholtz/components/parameters/r227ea_parameters.json,asset,source,,1030,16,16_general_helmholtz_property_system.md,^idaes/models/properties/(general_helmholtz|helmholtz)/
idaes/models/properties/general_helmholtz/components/parameters/r32.json,asset,source,,5063,16,16_general_helmholtz_property_system.md,^idaes/models/properties/(general_helmholtz|helmholtz)/
idaes/models/properties/general_helmholtz/components/parameters/r32.py,module,source,40,,16,16_general_helmholtz_property_system.md,^idaes/models/properties/(general_helmholtz|helmholtz)/
idaes/models/properties/general_helmholtz/components/parameters/r32_expressions_eos.nl,asset,source,,8401,16,16_general_helmholtz_property_system.md,^idaes/models/properties/(general_helmholtz|helmholtz)/
idaes/models/properties/general_helmholtz/components/parameters/r32_expressions_st.nl,asset,source,,700,16,16_general_helmholtz_property_system.md,^idaes/models/properties/(general_helmholtz|helmholtz)/
idaes/models/properties/general_helmholtz/components/parameters/r32_parameters.json,asset,source,,997,16,16_general_helmholtz_property_system.md,^idaes/models/properties/(general_helmholtz|helmholtz)/
idaes/models/properties/general_helmholtz/components/registry.py,module,source,251,,16,16_general_helmholtz_property_system.md,^idaes/models/properties/(general_helmholtz|helmholtz)/
idaes/models/properties/general_helmholtz/expressions/__init__.py,module,source,55,,16,16_general_helmholtz_property_system.md,^idaes/models/properties/(general_helmholtz|helmholtz)/
idaes/models/properties/general_helmholtz/expressions/phi_ideal_type01.py,module,source,54,,16,16_general_helmholtz_property_system.md,^idaes/models/properties/(general_helmholtz|helmholtz)/
idaes/models/properties/general_helmholtz/expressions/phi_ideal_type02.py,module,source,58,,16,16_general_helmholtz_property_system.md,^idaes/models/properties/(general_helmholtz|helmholtz)/
idaes/models/properties/general_helmholtz/expressions/phi_ideal_type03.py,module,source,48,,16,16_general_helmholtz_property_system.md,^idaes/models/properties/(general_helmholtz|helmholtz)/
idaes/models/properties/general_helmholtz/expressions/phi_ideal_type04.py,module,source,56,,16,16_general_helmholtz_property_system.md,^idaes/models/properties/(general_helmholtz|helmholtz)/
idaes/models/properties/general_helmholtz/expressions/phi_residual_type01.py,module,source,113,,16,16_general_helmholtz_property_system.md,^idaes/models/properties/(general_helmholtz|helmholtz)/
idaes/models/properties/general_helmholtz/expressions/phi_residual_type02.py,module,source,185,,16,16_general_helmholtz_property_system.md,^idaes/models/properties/(general_helmholtz|helmholtz)/
idaes/models/properties/general_helmholtz/expressions/phi_residual_type03.py,module,source,176,,16,16_general_helmholtz_property_system.md,^idaes/models/properties/(general_helmholtz|helmholtz)/
idaes/models/properties/general_helmholtz/expressions/phi_residual_type04.py,module,source,118,,16,16_general_helmholtz_property_system.md,^idaes/models/properties/(general_helmholtz|helmholtz)/
idaes/models/properties/general_helmholtz/expressions/phi_residual_type05.py,module,source,285,,16,16_general_helmholtz_property_system.md,^idaes/models/properties/(general_helmholtz|helmholtz)/
idaes/models/properties/general_helmholtz/expressions/sat_delta_approx.py,module,source,66,,16,16_general_helmholtz_property_system.md,^idaes/models/properties/(general_helmholtz|helmholtz)/
idaes/models/properties/general_helmholtz/expressions/surface_tension_type01.py,module,source,38,,16,16_general_helmholtz_property_system.md,^idaes/models/properties/(general_helmholtz|helmholtz)/
idaes/models/properties/general_helmholtz/helmholtz_functions.py,module,source,2466,,16,16_general_helmholtz_property_system.md,^idaes/models/properties/(general_helmholtz|helmholtz)/
idaes/models/properties/general_helmholtz/helmholtz_functions_map.py,module,source,1227,,16,16_general_helmholtz_property_system.md,^idaes/models/properties/(general_helmholtz|helmholtz)/
idaes/models/properties/general_helmholtz/helmholtz_parameters.py,module,source,519,,16,16_general_helmholtz_property_system.md,^idaes/models/properties/(general_helmholtz|helmholtz)/
idaes/models/properties/general_helmholtz/helmholtz_state.py,module,source,1827,,16,16_general_helmholtz_property_system.md,^idaes/models/properties/(general_helmholtz|helmholtz)/
idaes/models/properties/helmholtz/__init__.py,module,source,0,,16,16_general_helmholtz_property_system.md,^idaes/models/properties/(general_helmholtz|helmholtz)/
idaes/models/properties/helmholtz/helmholtz.py,module,source,16,,16,16_general_helmholtz_property_system.md,^idaes/models/properties/(general_helmholtz|helmholtz)/
idaes/models/properties/iapws95.py,module,source,87,,16,16_general_helmholtz_property_system.md,^idaes/models/properties/(iapws95|swco2)\.py$
idaes/models/properties/swco2.py,module,source,87,,16,16_general_helmholtz_property_system.md,^idaes/models/properties/(iapws95|swco2)\.py$
idaes/core/base/costing_base.py,module,source,715,,17,17_costing_framework_and_libraries.md,^idaes/core/base/costing_base\.py$
idaes/core/base/location_factors.json,asset,source,,36511,17,17_costing_framework_and_libraries.md,^idaes/core/base/location_factors\.json$
idaes/models/costing/QGESS.py,module,source,4188,,17,17_costing_framework_and_libraries.md,^idaes/models/costing/
idaes/models/costing/SSLW.py,module,source,1770,,17,17_costing_framework_and_libraries.md,^idaes/models/costing/
idaes/models/costing/__init__.py,module,source,0,,17,17_costing_framework_and_libraries.md,^idaes/models/costing/
idaes/models_extra/power_generation/costing/BB_costing_data.json,asset,source,,300882,17,17_costing_framework_and_libraries.md,^idaes/models_extra/power_generation/costing/
idaes/models_extra/power_generation/costing/__init__.py,module,source,0,,17,17_costing_framework_and_libraries.md,^idaes/models_extra/power_generation/costing/
idaes/models_extra/power_generation/costing/costing_dictionaries.py,module,source,67,,17,17_costing_framework_and_libraries.md,^idaes/models_extra/power_generation/costing/
idaes/models_extra/power_generation/costing/generic_ccs_capcost_custom_dict.py,module,source,694,,17,17_costing_framework_and_libraries.md,^idaes/models_extra/power_generation/costing/
idaes/models_extra/power_generation/costing/generic_ccs_costing_data.json,asset,source,,14035,17,17_costing_framework_and_libraries.md,^idaes/models_extra/power_generation/costing/
idaes/models_extra/power_generation/costing/power_plant_capcost.py,module,source,2170,,17,17_costing_framework_and_libraries.md,^idaes/models_extra/power_generation/costing/
idaes/models_extra/power_generation/costing/power_plant_costing.py,module,source,502,,17,17_costing_framework_and_libraries.md,^idaes/models_extra/power_generation/costing/
idaes/models_extra/power_generation/costing/power_plant_costing_dictionaries.py,module,source,359,,17,17_costing_framework_and_libraries.md,^idaes/models_extra/power_generation/costing/
idaes/models_extra/power_generation/costing/sCO2_costing_parameters.json,asset,source,,2551,17,17_costing_framework_and_libraries.md,^idaes/models_extra/power_generation/costing/
idaes/models_extra/temperature_swing_adsorption/costing/costing_params_dac_electric_boiler.json,asset,source,,27703,17,17_costing_framework_and_libraries.md,^idaes/models_extra/temperature_swing_adsorption/costing/
idaes/models_extra/temperature_swing_adsorption/costing/costing_params_dac_retrofit_ngcc.json,asset,source,,17224,17,17_costing_framework_and_libraries.md,^idaes/models_extra/temperature_swing_adsorption/costing/
idaes/models_extra/temperature_swing_adsorption/costing/dac_costing.py,module,source,1153,,17,17_costing_framework_and_libraries.md,^idaes/models_extra/temperature_swing_adsorption/costing/
idaes/models_extra/power_generation/__init__.py,module,source,0,,18,18_power_generation_boiler_island.md,^idaes/models_extra/power_generation/__init__\.py$
idaes/models_extra/power_generation/unit_models/README.md,asset,source,,58,18,18_power_generation_boiler_island.md,^idaes/models_extra/power_generation/unit_models/
idaes/models_extra/power_generation/unit_models/__init__.py,module,source,31,,18,18_power_generation_boiler_island.md,^idaes/models_extra/power_generation/unit_models/
idaes/models_extra/power_generation/unit_models/balance.py,module,source,251,,18,18_power_generation_boiler_island.md,^idaes/models_extra/power_generation/unit_models/
idaes/models_extra/power_generation/unit_models/boiler_fireside.py,module,source,1260,,18,18_power_generation_boiler_island.md,^idaes/models_extra/power_generation/unit_models/
idaes/models_extra/power_generation/unit_models/boiler_heat_exchanger.py,module,source,1288,,18,18_power_generation_boiler_island.md,^idaes/models_extra/power_generation/unit_models/
idaes/models_extra/power_generation/unit_models/boiler_heat_exchanger_2D.py,module,source,3279,,18,18_power_generation_boiler_island.md,^idaes/models_extra/power_generation/unit_models/
idaes/models_extra/power_generation/unit_models/downcomer.py,module,source,485,,18,18_power_generation_boiler_island.md,^idaes/models_extra/power_generation/unit_models/
idaes/models_extra/power_generation/unit_models/drum.py,module,source,601,,18,18_power_generation_boiler_island.md,^idaes/models_extra/power_generation/unit_models/
idaes/models_extra/power_generation/unit_models/drum1D.py,module,source,1529,,18,18_power_generation_boiler_island.md,^idaes/models_extra/power_generation/unit_models/
idaes/models_extra/power_generation/unit_models/icons/attemperator_1.svg,asset,source,,26098,18,18_power_generation_boiler_island.md,^idaes/models_extra/power_generation/unit_models/
idaes/models_extra/power_generation/unit_models/icons/bag_house.svg,asset,source,,25351,18,18_power_generation_boiler_island.md,^idaes/models_extra/power_generation/unit_models/
idaes/models_extra/power_generation/unit_models/icons/mill_1.svg,asset,source,,26287,18,18_power_generation_boiler_island.md,^idaes/models_extra/power_generation/unit_models/
idaes/models_extra/power_generation/unit_models/icons/mill_2.svg,asset,source,,26656,18,18_power_generation_boiler_island.md,^idaes/models_extra/power_generation/unit_models/
idaes/models_extra/power_generation/unit_models/steamheater.py,module,source,791,,18,18_power_generation_boiler_island.md,^idaes/models_extra/power_generation/unit_models/
idaes/models_extra/power_generation/unit_models/waterpipe.py,module,source,457,,18,18_power_generation_boiler_island.md,^idaes/models_extra/power_generation/unit_models/
idaes/models_extra/power_generation/unit_models/watertank.py,module,source,434,,18,18_power_generation_boiler_island.md,^idaes/models_extra/power_generation/unit_models/
idaes/models_extra/power_generation/unit_models/waterwall_section.py,module,source,1220,,18,18_power_generation_boiler_island.md,^idaes/models_extra/power_generation/unit_models/
idaes/models_extra/power_generation/properties/__init__.py,module,source,16,,19,19_power_generation_heat_exchangers_and_properties.md,^idaes/models_extra/power_generation/properties/
idaes/models_extra/power_generation/properties/flue_gas_ideal.py,module,source,1060,,19,19_power_generation_heat_exchangers_and_properties.md,^idaes/models_extra/power_generation/properties/
idaes/models_extra/power_generation/properties/natural_gas_PR.py,module,source,761,,19,19_power_generation_heat_exchangers_and_properties.md,^idaes/models_extra/power_generation/properties/
idaes/models_extra/power_generation/unit_models/cpu.py,module,source,848,,19,19_power_generation_heat_exchangers_and_properties.md,^idaes/models_extra/power_generation/unit_models/(cross_flow_heat_exchanger_1D|heater_1D|heat_exchanger_common|heat_exchanger_3streams|feedwater_heater_0D|feedwater_heater_0D_dynamic|cpu)\.py$
idaes/models_extra/power_generation/unit_models/cross_flow_heat_exchanger_1D.py,module,source,1143,,19,19_power_generation_heat_exchangers_and_properties.md,^idaes/models_extra/power_generation/unit_models/(cross_flow_heat_exchanger_1D|heater_1D|heat_exchanger_common|heat_exchanger_3streams|feedwater_heater_0D|feedwater_heater_0D_dynamic|cpu)\.py$
idaes/models_extra/power_generation/unit_models/feedwater_heater_0D.py,module,source,400,,19,19_power_generation_heat_exchangers_and_properties.md,^idaes/models_extra/power_generation/unit_models/(cross_flow_heat_exchanger_1D|heater_1D|heat_exchanger_common|heat_exchanger_3streams|feedwater_heater_0D|feedwater_heater_0D_dynamic|cpu)\.py$
idaes/models_extra/power_generation/unit_models/feedwater_heater_0D_dynamic.py,module,source,460,,19,19_power_generation_heat_exchangers_and_properties.md,^idaes/models_extra/power_generation/unit_models/(cross_flow_heat_exchanger_1D|heater_1D|heat_exchanger_common|heat_exchanger_3streams|feedwater_heater_0D|feedwater_heater_0D_dynamic|cpu)\.py$
idaes/models_extra/power_generation/unit_models/heat_exchanger_3streams.py,module,source,652,,19,19_power_generation_heat_exchangers_and_properties.md,^idaes/models_extra/power_generation/unit_models/(cross_flow_heat_exchanger_1D|heater_1D|heat_exchanger_common|heat_exchanger_3streams|feedwater_heater_0D|feedwater_heater_0D_dynamic|cpu)\.py$
idaes/models_extra/power_generation/unit_models/heat_exchanger_common.py,module,source,540,,19,19_power_generation_heat_exchangers_and_properties.md,^idaes/models_extra/power_generation/unit_models/(cross_flow_heat_exchanger_1D|heater_1D|heat_exchanger_common|heat_exchanger_3streams|feedwater_heater_0D|feedwater_heater_0D_dynamic|cpu)\.py$
idaes/models_extra/power_generation/unit_models/heater_1D.py,module,source,555,,19,19_power_generation_heat_exchangers_and_properties.md,^idaes/models_extra/power_generation/unit_models/(cross_flow_heat_exchanger_1D|heater_1D|heat_exchanger_common|heat_exchanger_3streams|feedwater_heater_0D|feedwater_heater_0D_dynamic|cpu)\.py$
idaes/models_extra/power_generation/unit_models/helm/__init__.py,module,source,42,,20,20_power_generation_helmholtz_units_and_soc.md,^idaes/models_extra/power_generation/unit_models/(helm|soc_submodels)/
idaes/models_extra/power_generation/unit_models/helm/compressor.py,module,source,213,,20,20_power_generation_helmholtz_units_and_soc.md,^idaes/models_extra/power_generation/unit_models/(helm|soc_submodels)/
idaes/models_extra/power_generation/unit_models/helm/condenser_ntu.py,module,source,394,,20,20_power_generation_helmholtz_units_and_soc.md,^idaes/models_extra/power_generation/unit_models/(helm|soc_submodels)/
idaes/models_extra/power_generation/unit_models/helm/mixer.py,module,source,442,,20,20_power_generation_helmholtz_units_and_soc.md,^idaes/models_extra/power_generation/unit_models/(helm|soc_submodels)/
idaes/models_extra/power_generation/unit_models/helm/phase_separator.py,module,source,222,,20,20_power_generation_helmholtz_units_and_soc.md,^idaes/models_extra/power_generation/unit_models/(helm|soc_submodels)/
idaes/models_extra/power_generation/unit_models/helm/pump.py,module,source,194,,20,20_power_generation_helmholtz_units_and_soc.md,^idaes/models_extra/power_generation/unit_models/(helm|soc_submodels)/
idaes/models_extra/power_generation/unit_models/helm/splitter.py,module,source,349,,20,20_power_generation_helmholtz_units_and_soc.md,^idaes/models_extra/power_generation/unit_models/(helm|soc_submodels)/
idaes/models_extra/power_generation/unit_models/helm/turbine.py,module,source,222,,20,20_power_generation_helmholtz_units_and_soc.md,^idaes/models_extra/power_generation/unit_models/(helm|soc_submodels)/
idaes/models_extra/power_generation/unit_models/helm/turbine_inlet.py,module,source,226,,20,20_power_generation_helmholtz_units_and_soc.md,^idaes/models_extra/power_generation/unit_models/(helm|soc_submodels)/
idaes/models_extra/power_generation/unit_models/helm/turbine_multistage.py,module,source,836,,20,20_power_generation_helmholtz_units_and_soc.md,^idaes/models_extra/power_generation/unit_models/(helm|soc_submodels)/
idaes/models_extra/power_generation/unit_models/helm/turbine_outlet.py,module,source,258,,20,20_power_generation_helmholtz_units_and_soc.md,^idaes/models_extra/power_generation/unit_models/(helm|soc_submodels)/
idaes/models_extra/power_generation/unit_models/helm/turbine_stage.py,module,source,86,,20,20_power_generation_helmholtz_units_and_soc.md,^idaes/models_extra/power_generation/unit_models/(helm|soc_submodels)/
idaes/models_extra/power_generation/unit_models/helm/valve_steam.py,module,source,296,,20,20_power_generation_helmholtz_units_and_soc.md,^idaes/models_extra/power_generation/unit_models/(helm|soc_submodels)/
idaes/models_extra/power_generation/unit_models/soc_submodels/__init__.py,module,source,34,,20,20_power_generation_helmholtz_units_and_soc.md,^idaes/models_extra/power_generation/unit_models/(helm|soc_submodels)/
idaes/models_extra/power_generation/unit_models/soc_submodels/channel.py,module,source,926,,20,20_power_generation_helmholtz_units_and_soc.md,^idaes/models_extra/power_generation/unit_models/(helm|soc_submodels)/
idaes/models_extra/power_generation/unit_models/soc_submodels/common.py,module,source,943,,20,20_power_generation_helmholtz_units_and_soc.md,^idaes/models_extra/power_generation/unit_models/(helm|soc_submodels)/
idaes/models_extra/power_generation/unit_models/soc_submodels/conductive_slab.py,module,source,384,,20,20_power_generation_helmholtz_units_and_soc.md,^idaes/models_extra/power_generation/unit_models/(helm|soc_submodels)/
idaes/models_extra/power_generation/unit_models/soc_submodels/contact_resistor.py,module,source,186,,20,20_power_generation_helmholtz_units_and_soc.md,^idaes/models_extra/power_generation/unit_models/(helm|soc_submodels)/
idaes/models_extra/power_generation/unit_models/soc_submodels/porous_conductive_slab.py,module,source,1078,,20,20_power_generation_helmholtz_units_and_soc.md,^idaes/models_extra/power_generation/unit_models/(helm|soc_submodels)/
idaes/models_extra/power_generation/unit_models/soc_submodels/solid_oxide_cell.py,module,source,1512,,20,20_power_generation_helmholtz_units_and_soc.md,^idaes/models_extra/power_generation/unit_models/(helm|soc_submodels)/
idaes/models_extra/power_generation/unit_models/soc_submodels/solid_oxide_module_simple.py,module,source,477,,20,20_power_generation_helmholtz_units_and_soc.md,^idaes/models_extra/power_generation/unit_models/(helm|soc_submodels)/
idaes/models_extra/power_generation/unit_models/soc_submodels/testing.py,module,source,96,,20,20_power_generation_helmholtz_units_and_soc.md,^idaes/models_extra/power_generation/unit_models/(helm|soc_submodels)/
idaes/models_extra/power_generation/unit_models/soc_submodels/triple_phase_boundary.py,module,source,530,,20,20_power_generation_helmholtz_units_and_soc.md,^idaes/models_extra/power_generation/unit_models/(helm|soc_submodels)/
idaes/models_extra/power_generation/unit_models/soec_design.py,module,source,700,,20,20_power_generation_helmholtz_units_and_soc.md,^idaes/models_extra/power_generation/unit_models/soec_design\.py$
idaes/models_extra/column_models/MEAsolvent_column.py,module,source,2243,,21,21_column_models_and_solvent_systems.md,^idaes/models_extra/column_models/
idaes/models_extra/column_models/__init__.py,module,source,16,,21,21_column_models_and_solvent_systems.md,^idaes/models_extra/column_models/
idaes/models_extra/column_models/condenser.py,module,source,466,,21,21_column_models_and_solvent_systems.md,^idaes/models_extra/column_models/
idaes/models_extra/column_models/enhancement_factor_model_pseudo_second_order_explicit.py,module,source,290,,21,21_column_models_and_solvent_systems.md,^idaes/models_extra/column_models/
idaes/models_extra/column_models/plate_heat_exchanger.py,module,source,686,,21,21_column_models_and_solvent_systems.md,^idaes/models_extra/column_models/
idaes/models_extra/column_models/properties/MEA_solvent.py,module,source,1140,,21,21_column_models_and_solvent_systems.md,^idaes/models_extra/column_models/
idaes/models_extra/column_models/properties/MEA_vapor.py,module,source,618,,21,21_column_models_and_solvent_systems.md,^idaes/models_extra/column_models/
idaes/models_extra/column_models/properties/__init__.py,module,source,0,,21,21_column_models_and_solvent_systems.md,^idaes/models_extra/column_models/
idaes/models_extra/column_models/reboiler.py,module,source,435,,21,21_column_models_and_solvent_systems.md,^idaes/models_extra/column_models/
idaes/models_extra/column_models/solvent_column.py,module,source,963,,21,21_column_models_and_solvent_systems.md,^idaes/models_extra/column_models/
idaes/models_extra/column_models/solvent_condenser.py,module,source,651,,21,21_column_models_and_solvent_systems.md,^idaes/models_extra/column_models/
idaes/models_extra/column_models/solvent_reboiler.py,module,source,784,,21,21_column_models_and_solvent_systems.md,^idaes/models_extra/column_models/
idaes/models_extra/column_models/tray.py,module,source,772,,21,21_column_models_and_solvent_systems.md,^idaes/models_extra/column_models/
idaes/models_extra/column_models/tray_column.py,module,source,641,,21,21_column_models_and_solvent_systems.md,^idaes/models_extra/column_models/
idaes/models_extra/column_models/util.py,module,source,376,,21,21_column_models_and_solvent_systems.md,^idaes/models_extra/column_models/
idaes/models_extra/gas_solid_contactors/__init__.py,module,source,0,,22,22_gas_solid_contactors.md,^idaes/models_extra/gas_solid_contactors/
idaes/models_extra/gas_solid_contactors/properties/__init__.py,module,source,0,,22,22_gas_solid_contactors.md,^idaes/models_extra/gas_solid_contactors/
idaes/models_extra/gas_solid_contactors/properties/methane_iron_OC_reduction/__init__.py,module,source,24,,22,22_gas_solid_contactors.md,^idaes/models_extra/gas_solid_contactors/
idaes/models_extra/gas_solid_contactors/properties/methane_iron_OC_reduction/gas_phase_thermo.py,module,source,1295,,22,22_gas_solid_contactors.md,^idaes/models_extra/gas_solid_contactors/
idaes/models_extra/gas_solid_contactors/properties/methane_iron_OC_reduction/hetero_reactions.py,module,source,631,,22,22_gas_solid_contactors.md,^idaes/models_extra/gas_solid_contactors/
idaes/models_extra/gas_solid_contactors/properties/methane_iron_OC_reduction/solid_phase_thermo.py,module,source,884,,22,22_gas_solid_contactors.md,^idaes/models_extra/gas_solid_contactors/
idaes/models_extra/gas_solid_contactors/properties/oxygen_iron_OC_oxidation/__init__.py,module,source,24,,22,22_gas_solid_contactors.md,^idaes/models_extra/gas_solid_contactors/
idaes/models_extra/gas_solid_contactors/properties/oxygen_iron_OC_oxidation/gas_phase_thermo.py,module,source,1321,,22,22_gas_solid_contactors.md,^idaes/models_extra/gas_solid_contactors/
idaes/models_extra/gas_solid_contactors/properties/oxygen_iron_OC_oxidation/hetero_reactions.py,module,source,632,,22,22_gas_solid_contactors.md,^idaes/models_extra/gas_solid_contactors/
idaes/models_extra/gas_solid_contactors/properties/oxygen_iron_OC_oxidation/solid_phase_thermo.py,module,source,874,,22,22_gas_solid_contactors.md,^idaes/models_extra/gas_solid_contactors/
idaes/models_extra/gas_solid_contactors/unit_models/__init__.py,module,source,18,,22,22_gas_solid_contactors.md,^idaes/models_extra/gas_solid_contactors/
idaes/models_extra/gas_solid_contactors/unit_models/bubbling_fluidized_bed.py,module,source,3551,,22,22_gas_solid_contactors.md,^idaes/models_extra/gas_solid_contactors/
idaes/models_extra/gas_solid_contactors/unit_models/fixed_bed_0D.py,module,source,549,,22,22_gas_solid_contactors.md,^idaes/models_extra/gas_solid_contactors/
idaes/models_extra/gas_solid_contactors/unit_models/fixed_bed_1D.py,module,source,2153,,22,22_gas_solid_contactors.md,^idaes/models_extra/gas_solid_contactors/
idaes/models_extra/gas_solid_contactors/unit_models/moving_bed.py,module,source,1983,,22,22_gas_solid_contactors.md,^idaes/models_extra/gas_solid_contactors/
idaes/models_extra/co2_capture_and_utilization/__init__.py,module,source,0,,23,23_tsa_gas_distribution_and_ccu.md,^idaes/models_extra/co2_capture_and_utilization/
idaes/models_extra/co2_capture_and_utilization/unit_models/README.md,asset,source,,75,23,23_tsa_gas_distribution_and_ccu.md,^idaes/models_extra/co2_capture_and_utilization/
idaes/models_extra/co2_capture_and_utilization/unit_models/__init__.py,module,source,13,,23,23_tsa_gas_distribution_and_ccu.md,^idaes/models_extra/co2_capture_and_utilization/
idaes/models_extra/co2_capture_and_utilization/unit_models/membrane_1d.py,module,source,300,,23,23_tsa_gas_distribution_and_ccu.md,^idaes/models_extra/co2_capture_and_utilization/
idaes/models_extra/gas_distribution/__init__.py,module,source,0,,23,23_tsa_gas_distribution_and_ccu.md,^idaes/models_extra/gas_distribution/
idaes/models_extra/gas_distribution/properties/__init__.py,module,source,0,,23,23_tsa_gas_distribution_and_ccu.md,^idaes/models_extra/gas_distribution/
idaes/models_extra/gas_distribution/properties/natural_gas.py,module,source,447,,23,23_tsa_gas_distribution_and_ccu.md,^idaes/models_extra/gas_distribution/
idaes/models_extra/gas_distribution/unit_models/__init__.py,module,source,0,,23,23_tsa_gas_distribution_and_ccu.md,^idaes/models_extra/gas_distribution/
idaes/models_extra/gas_distribution/unit_models/compressor.py,module,source,190,,23,23_tsa_gas_distribution_and_ccu.md,^idaes/models_extra/gas_distribution/
idaes/models_extra/gas_distribution/unit_models/node.py,module,source,423,,23,23_tsa_gas_distribution_and_ccu.md,^idaes/models_extra/gas_distribution/
idaes/models_extra/gas_distribution/unit_models/pipeline.py,module,source,403,,23,23_tsa_gas_distribution_and_ccu.md,^idaes/models_extra/gas_distribution/
idaes/models_extra/temperature_swing_adsorption/__init__.py,module,source,19,,23,23_tsa_gas_distribution_and_ccu.md,^idaes/models_extra/temperature_swing_adsorption/
idaes/models_extra/temperature_swing_adsorption/fixed_bed_tsa0d.py,module,source,2880,,23,23_tsa_gas_distribution_and_ccu.md,^idaes/models_extra/temperature_swing_adsorption/
idaes/models_extra/temperature_swing_adsorption/fixed_bed_tsa0d_ui.py,module,source,549,,23,23_tsa_gas_distribution_and_ccu.md,^idaes/models_extra/temperature_swing_adsorption/
idaes/models_extra/temperature_swing_adsorption/initializer.py,module,source,926,,23,23_tsa_gas_distribution_and_ccu.md,^idaes/models_extra/temperature_swing_adsorption/
idaes/models_extra/temperature_swing_adsorption/util.py,module,source,170,,23,23_tsa_gas_distribution_and_ccu.md,^idaes/models_extra/temperature_swing_adsorption/
idaes/models/flowsheets/__init__.py,module,source,0,,24,24_reference_flowsheets_and_demonstrations.md,^idaes/models/flowsheets/
idaes/models/flowsheets/demo_flowsheet.py,module,source,511,,24,24_reference_flowsheets_and_demonstrations.md,^idaes/models/flowsheets/
idaes/models_extra/gas_solid_contactors/flowsheets/__init__.py,module,source,0,,24,24_reference_flowsheets_and_demonstrations.md,^idaes/models_extra/gas_solid_contactors/flowsheets/
idaes/models_extra/gas_solid_contactors/flowsheets/dyn_TGA_example.py,module,source,127,,24,24_reference_flowsheets_and_demonstrations.md,^idaes/models_extra/gas_solid_contactors/flowsheets/
idaes/models_extra/gas_solid_contactors/flowsheets/ss_BFB_OC_oxidation.py,module,source,197,,24,24_reference_flowsheets_and_demonstrations.md,^idaes/models_extra/gas_solid_contactors/flowsheets/
idaes/models_extra/gas_solid_contactors/flowsheets/ss_BFB_methane_combustion.py,module,source,198,,24,24_reference_flowsheets_and_demonstrations.md,^idaes/models_extra/gas_solid_contactors/flowsheets/
idaes/models_extra/gas_solid_contactors/flowsheets/ss_MB_methane_combustion.py,module,source,171,,24,24_reference_flowsheets_and_demonstrations.md,^idaes/models_extra/gas_solid_contactors/flowsheets/
idaes/models_extra/power_generation/flowsheets/__init__.py,module,source,0,,24,24_reference_flowsheets_and_demonstrations.md,^idaes/models_extra/power_generation/flowsheets/
idaes/models_extra/power_generation/flowsheets/subcritical_power_plant/__init__.py,module,source,0,,24,24_reference_flowsheets_and_demonstrations.md,^idaes/models_extra/power_generation/flowsheets/
idaes/models_extra/power_generation/flowsheets/subcritical_power_plant/generic_surrogate_dict.py,module,source,1336,,24,24_reference_flowsheets_and_demonstrations.md,^idaes/models_extra/power_generation/flowsheets/
idaes/models_extra/power_generation/flowsheets/subcritical_power_plant/plant_pfd.svg,asset,source,,249821,24,24_reference_flowsheets_and_demonstrations.md,^idaes/models_extra/power_generation/flowsheets/
idaes/models_extra/power_generation/flowsheets/subcritical_power_plant/plant_pfd_result.svg,asset,source,,216222,24,24_reference_flowsheets_and_demonstrations.md,^idaes/models_extra/power_generation/flowsheets/
idaes/models_extra/power_generation/flowsheets/subcritical_power_plant/steam_cycle_flowsheet.py,module,source,2214,,24,24_reference_flowsheets_and_demonstrations.md,^idaes/models_extra/power_generation/flowsheets/
idaes/models_extra/power_generation/flowsheets/subcritical_power_plant/subcritical_boiler.py,module,source,421,,24,24_reference_flowsheets_and_demonstrations.md,^idaes/models_extra/power_generation/flowsheets/
idaes/models_extra/power_generation/flowsheets/subcritical_power_plant/subcritical_boiler_flowsheet.py,module,source,1335,,24,24_reference_flowsheets_and_demonstrations.md,^idaes/models_extra/power_generation/flowsheets/
idaes/models_extra/power_generation/flowsheets/subcritical_power_plant/subcritical_power_plant.py,module,source,2289,,24,24_reference_flowsheets_and_demonstrations.md,^idaes/models_extra/power_generation/flowsheets/
idaes/models_extra/power_generation/flowsheets/supercritical_power_plant/SCPC_full_plant.py,module,source,205,,24,24_reference_flowsheets_and_demonstrations.md,^idaes/models_extra/power_generation/flowsheets/
idaes/models_extra/power_generation/flowsheets/supercritical_power_plant/__init__.py,module,source,0,,24,24_reference_flowsheets_and_demonstrations.md,^idaes/models_extra/power_generation/flowsheets/
idaes/models_extra/power_generation/flowsheets/supercritical_power_plant/boiler_subflowsheet_build.py,module,source,755,,24,24_reference_flowsheets_and_demonstrations.md,^idaes/models_extra/power_generation/flowsheets/
idaes/models_extra/power_generation/flowsheets/supercritical_steam_cycle/__init__.py,module,source,16,,24,24_reference_flowsheets_and_demonstrations.md,^idaes/models_extra/power_generation/flowsheets/
idaes/models_extra/power_generation/flowsheets/supercritical_steam_cycle/supercritical_steam_cycle.py,module,source,1010,,24,24_reference_flowsheets_and_demonstrations.md,^idaes/models_extra/power_generation/flowsheets/
idaes/models_extra/power_generation/flowsheets/supercritical_steam_cycle/supercritical_steam_cycle.svg,asset,source,,372990,24,24_reference_flowsheets_and_demonstrations.md,^idaes/models_extra/power_generation/flowsheets/
idaes/models_extra/power_generation/flowsheets/test/test_scpc_plant.py,module,source,72,,24,24_reference_flowsheets_and_demonstrations.md,^idaes/models_extra/power_generation/flowsheets/
idaes/models_extra/power_generation/flowsheets/test/test_scsc.py,module,source,79,,24,24_reference_flowsheets_and_demonstrations.md,^idaes/models_extra/power_generation/flowsheets/
idaes/models_extra/power_generation/flowsheets/test/test_subcritical_boiler.py,module,source,95,,24,24_reference_flowsheets_and_demonstrations.md,^idaes/models_extra/power_generation/flowsheets/
idaes/apps/grid_integration/__init__.py,module,source,23,,25,25_grid_integration.md,^idaes/apps/grid_integration/
idaes/apps/grid_integration/bidder.py,module,source,1704,,25,25_grid_integration.md,^idaes/apps/grid_integration/
idaes/apps/grid_integration/coordinator.py,module,source,834,,25,25_grid_integration.md,^idaes/apps/grid_integration/
idaes/apps/grid_integration/examples/__init__.py,module,source,0,,25,25_grid_integration.md,^idaes/apps/grid_integration/
idaes/apps/grid_integration/examples/thermal_generator.py,module,source,800,,25,25_grid_integration.md,^idaes/apps/grid_integration/
idaes/apps/grid_integration/examples/thermal_generator_prescient_plugin.py,module,source,101,,25,25_grid_integration.md,^idaes/apps/grid_integration/
idaes/apps/grid_integration/examples/utils.py,module,source,133,,25,25_grid_integration.md,^idaes/apps/grid_integration/
idaes/apps/grid_integration/forecaster.py,module,source,794,,25,25_grid_integration.md,^idaes/apps/grid_integration/
idaes/apps/grid_integration/model_data.py,module,source,414,,25,25_grid_integration.md,^idaes/apps/grid_integration/
idaes/apps/grid_integration/multiperiod/__init__.py,module,source,0,,25,25_grid_integration.md,^idaes/apps/grid_integration/
idaes/apps/grid_integration/multiperiod/multiperiod.py,module,source,683,,25,25_grid_integration.md,^idaes/apps/grid_integration/
idaes/apps/grid_integration/pricetaker/__init__.py,module,source,0,,25,25_grid_integration.md,^idaes/apps/grid_integration/
idaes/apps/grid_integration/pricetaker/clustering.py,module,source,335,,25,25_grid_integration.md,^idaes/apps/grid_integration/
idaes/apps/grid_integration/pricetaker/design_and_operation_models.py,module,source,687,,25,25_grid_integration.md,^idaes/apps/grid_integration/
idaes/apps/grid_integration/pricetaker/price_taker_model.py,module,source,1369,,25,25_grid_integration.md,^idaes/apps/grid_integration/
idaes/apps/grid_integration/pricetaker/unit_commitment.py,module,source,301,,25,25_grid_integration.md,^idaes/apps/grid_integration/
idaes/apps/grid_integration/tracker.py,module,source,451,,25,25_grid_integration.md,^idaes/apps/grid_integration/
idaes/apps/grid_integration/utils.py,module,source,44,,25,25_grid_integration.md,^idaes/apps/grid_integration/
idaes/apps/matopt/README.md,asset,source,,10705,26,26_matopt.md,^idaes/apps/matopt/
idaes/apps/matopt/__init__.py,module,source,19,,26,26_matopt.md,^idaes/apps/matopt/
idaes/apps/matopt/materials/__init__.py,module,source,21,,26,26_matopt.md,^idaes/apps/matopt/
idaes/apps/matopt/materials/atom.py,module,source,425,,26,26_matopt.md,^idaes/apps/matopt/
idaes/apps/matopt/materials/bblock.py,module,source,26,,26,26_matopt.md,^idaes/apps/matopt/
idaes/apps/matopt/materials/canvas.py,module,source,641,,26,26_matopt.md,^idaes/apps/matopt/
idaes/apps/matopt/materials/design.py,module,source,424,,26,26_matopt.md,^idaes/apps/matopt/
idaes/apps/matopt/materials/geometry.py,module,source,926,,26,26_matopt.md,^idaes/apps/matopt/
idaes/apps/matopt/materials/lattices/__init__.py,module,source,17,,26,26_matopt.md,^idaes/apps/matopt/
idaes/apps/matopt/materials/lattices/cubic_lattice.py,module,source,99,,26,26_matopt.md,^idaes/apps/matopt/
idaes/apps/matopt/materials/lattices/diamond_lattice.py,module,source,285,,26,26_matopt.md,^idaes/apps/matopt/
idaes/apps/matopt/materials/lattices/fcc_lattice.py,module,source,129,,26,26_matopt.md,^idaes/apps/matopt/
idaes/apps/matopt/materials/lattices/lattice.py,module,source,107,,26,26_matopt.md,^idaes/apps/matopt/
idaes/apps/matopt/materials/lattices/perovskite_lattice.py,module,source,312,,26,26_matopt.md,^idaes/apps/matopt/
idaes/apps/matopt/materials/lattices/unit_cell_lattice.py,module,source,132,,26,26_matopt.md,^idaes/apps/matopt/
idaes/apps/matopt/materials/lattices/wurtzite_lattice.py,module,source,221,,26,26_matopt.md,^idaes/apps/matopt/
idaes/apps/matopt/materials/motifs.py,module,source,111,,26,26_matopt.md,^idaes/apps/matopt/
idaes/apps/matopt/materials/parsers/CFG.py,module,source,147,,26,26_matopt.md,^idaes/apps/matopt/
idaes/apps/matopt/materials/parsers/PDB.py,module,source,61,,26,26_matopt.md,^idaes/apps/matopt/
idaes/apps/matopt/materials/parsers/POSCAR.py,module,source,106,,26,26_matopt.md,^idaes/apps/matopt/
idaes/apps/matopt/materials/parsers/XYZ.py,module,source,60,,26,26_matopt.md,^idaes/apps/matopt/
idaes/apps/matopt/materials/parsers/__init__.py,module,source,28,,26,26_matopt.md,^idaes/apps/matopt/
idaes/apps/matopt/materials/tiling.py,module,source,523,,26,26_matopt.md,^idaes/apps/matopt/
idaes/apps/matopt/materials/transform_func.py,module,source,449,,26,26_matopt.md,^idaes/apps/matopt/
idaes/apps/matopt/opt/__init__.py,module,source,14,,26,26_matopt.md,^idaes/apps/matopt/
idaes/apps/matopt/opt/mat_modeling.py,module,source,3100,,26,26_matopt.md,^idaes/apps/matopt/
idaes/apps/matopt/opt/pyomo_modeling.py,module,source,1673,,26,26_matopt.md,^idaes/apps/matopt/
idaes/apps/matopt/util/__init__.py,module,source,12,,26,26_matopt.md,^idaes/apps/matopt/
idaes/apps/matopt/util/util.py,module,source,99,,26,26_matopt.md,^idaes/apps/matopt/
idaes/apps/caprese/categorize.py,module,source,447,,27,27_dynamic_optimization_and_uncertainty.md,^idaes/apps/(caprese|nmpc|uncertainty_propagation)/
idaes/apps/caprese/common/config.py,module,source,132,,27,27_dynamic_optimization_and_uncertainty.md,^idaes/apps/(caprese|nmpc|uncertainty_propagation)/
idaes/apps/caprese/controller.py,module,source,338,,27,27_dynamic_optimization_and_uncertainty.md,^idaes/apps/(caprese|nmpc|uncertainty_propagation)/
idaes/apps/caprese/dynamic_block.py,module,source,927,,27,27_dynamic_optimization_and_uncertainty.md,^idaes/apps/(caprese|nmpc|uncertainty_propagation)/
idaes/apps/caprese/examples/cstr_model.py,module,source,162,,27,27_dynamic_optimization_and_uncertainty.md,^idaes/apps/(caprese|nmpc|uncertainty_propagation)/
idaes/apps/caprese/examples/cstr_nmpc.py,module,source,244,,27,27_dynamic_optimization_and_uncertainty.md,^idaes/apps/(caprese|nmpc|uncertainty_propagation)/
idaes/apps/caprese/examples/cstr_reduced.py,module,source,415,,27,27_dynamic_optimization_and_uncertainty.md,^idaes/apps/(caprese|nmpc|uncertainty_propagation)/
idaes/apps/caprese/nmpc.py,module,source,108,,27,27_dynamic_optimization_and_uncertainty.md,^idaes/apps/(caprese|nmpc|uncertainty_propagation)/
idaes/apps/caprese/nmpc_var.py,module,source,145,,27,27_dynamic_optimization_and_uncertainty.md,^idaes/apps/(caprese|nmpc|uncertainty_propagation)/
idaes/apps/caprese/rolling.py,module,source,288,,27,27_dynamic_optimization_and_uncertainty.md,^idaes/apps/(caprese|nmpc|uncertainty_propagation)/
idaes/apps/caprese/util.py,module,source,379,,27,27_dynamic_optimization_and_uncertainty.md,^idaes/apps/(caprese|nmpc|uncertainty_propagation)/
idaes/apps/nmpc/__init__.py,module,source,13,,27,27_dynamic_optimization_and_uncertainty.md,^idaes/apps/(caprese|nmpc|uncertainty_propagation)/
idaes/apps/nmpc/cost_expressions.py,module,source,78,,27,27_dynamic_optimization_and_uncertainty.md,^idaes/apps/(caprese|nmpc|uncertainty_propagation)/
idaes/apps/nmpc/dynamic_data/__init__.py,module,source,17,,27,27_dynamic_optimization_and_uncertainty.md,^idaes/apps/(caprese|nmpc|uncertainty_propagation)/
idaes/apps/nmpc/dynamic_data/interval_data.py,module,source,134,,27,27_dynamic_optimization_and_uncertainty.md,^idaes/apps/(caprese|nmpc|uncertainty_propagation)/
idaes/apps/uncertainty_propagation/examples/BT_NRTL_dataset.csv,asset,source,,1848,27,27_dynamic_optimization_and_uncertainty.md,^idaes/apps/(caprese|nmpc|uncertainty_propagation)/
idaes/apps/uncertainty_propagation/examples/NRTL_model_scripts.py,module,source,216,,27,27_dynamic_optimization_and_uncertainty.md,^idaes/apps/(caprese|nmpc|uncertainty_propagation)/
idaes/apps/uncertainty_propagation/examples/README.md,asset,source,,131,27,27_dynamic_optimization_and_uncertainty.md,^idaes/apps/(caprese|nmpc|uncertainty_propagation)/
idaes/apps/uncertainty_propagation/examples/rooney_biegler.py,module,source,68,,27,27_dynamic_optimization_and_uncertainty.md,^idaes/apps/(caprese|nmpc|uncertainty_propagation)/
idaes/apps/uncertainty_propagation/examples/simple_opt_problem.py,module,source,298,,27,27_dynamic_optimization_and_uncertainty.md,^idaes/apps/(caprese|nmpc|uncertainty_propagation)/
idaes/apps/uncertainty_propagation/examples/uncertainty_propagation_NRTL.ipynb,asset,source,,3161,27,27_dynamic_optimization_and_uncertainty.md,^idaes/apps/(caprese|nmpc|uncertainty_propagation)/
idaes/apps/uncertainty_propagation/examples/uncertainty_propagation_NRTL.py,module,source,46,,27,27_dynamic_optimization_and_uncertainty.md,^idaes/apps/(caprese|nmpc|uncertainty_propagation)/
idaes/apps/uncertainty_propagation/examples/uncertainty_propagation_rooney.ipynb,asset,source,,2939,27,27_dynamic_optimization_and_uncertainty.md,^idaes/apps/(caprese|nmpc|uncertainty_propagation)/
idaes/apps/uncertainty_propagation/examples/uncertainty_propagation_rooney.py,module,source,41,,27,27_dynamic_optimization_and_uncertainty.md,^idaes/apps/(caprese|nmpc|uncertainty_propagation)/
idaes/apps/uncertainty_propagation/sens.py,module,source,784,,27,27_dynamic_optimization_and_uncertainty.md,^idaes/apps/(caprese|nmpc|uncertainty_propagation)/
idaes/apps/uncertainty_propagation/uncertainties.py,module,source,452,,27,27_dynamic_optimization_and_uncertainty.md,^idaes/apps/(caprese|nmpc|uncertainty_propagation)/
idaes/core/solvers/__init__.py,module,source,18,,30,30_numerics_and_solver_interface_map.md,^idaes/core/solvers/
idaes/core/solvers/config.py,module,source,102,,30,30_numerics_and_solver_interface_map.md,^idaes/core/solvers/
idaes/core/solvers/features.py,module,source,239,,30,30_numerics_and_solver_interface_map.md,^idaes/core/solvers/
idaes/core/solvers/get_solver.py,module,source,67,,30,30_numerics_and_solver_interface_map.md,^idaes/core/solvers/
idaes/core/solvers/homotopy.py,module,source,318,,30,30_numerics_and_solver_interface_map.md,^idaes/core/solvers/
idaes/core/solvers/ipopt_l1.py,module,source,37,,30,30_numerics_and_solver_interface_map.md,^idaes/core/solvers/
idaes/core/solvers/petsc.py,module,source,1024,,30,30_numerics_and_solver_interface_map.md,^idaes/core/solvers/
idaes/apps/caprese/tests/test_categorize.py,module,test,441,,32,32_repository_engineering.md,/tests/
idaes/apps/caprese/tests/test_categorize_cstr.py,module,test,565,,32,32_repository_engineering.md,/tests/
idaes/apps/caprese/tests/test_controller.py,module,test,316,,32,32_repository_engineering.md,/tests/
idaes/apps/caprese/tests/test_dynamic_block.py,module,test,1227,,32,32_repository_engineering.md,/tests/
idaes/apps/caprese/tests/test_nmpc_var.py,module,test,144,,32,32_repository_engineering.md,/tests/
idaes/apps/caprese/tests/test_rolling.py,module,test,389,,32,32_repository_engineering.md,/tests/
idaes/apps/caprese/tests/test_simple_model.py,module,test,130,,32,32_repository_engineering.md,/tests/
idaes/apps/caprese/tests/test_util.py,module,test,477,,32,32_repository_engineering.md,/tests/
idaes/apps/grid_integration/multiperiod/tests/__init__.py,module,test,0,,32,32_repository_engineering.md,/tests/
idaes/apps/grid_integration/multiperiod/tests/test_multiperiod.py,module,test,596,,32,32_repository_engineering.md,/tests/
idaes/apps/grid_integration/pricetaker/tests/__init__.py,module,test,0,,32,32_repository_engineering.md,/tests/
idaes/apps/grid_integration/pricetaker/tests/lmp_data.csv,asset,test,,139377,32,32_repository_engineering.md,/tests/
idaes/apps/grid_integration/pricetaker/tests/test_clustering.py,module,test,285,,32,32_repository_engineering.md,/tests/
idaes/apps/grid_integration/pricetaker/tests/test_design_and_operation_models.py,module,test,547,,32,32_repository_engineering.md,/tests/
idaes/apps/grid_integration/pricetaker/tests/test_price_taker_model.py,module,test,1474,,32,32_repository_engineering.md,/tests/
idaes/apps/grid_integration/pricetaker/tests/test_unit_commitment.py,module,test,569,,32,32_repository_engineering.md,/tests/
idaes/apps/grid_integration/tests/__init__.py,module,test,0,,32,32_repository_engineering.md,/tests/
idaes/apps/grid_integration/tests/self_scheduler_integration_test_plugin.py,module,test,33,,32,32_repository_engineering.md,/tests/
idaes/apps/grid_integration/tests/test_PEM_Parameterized_bidder.py,module,test,203,,32,32_repository_engineering.md,/tests/
idaes/apps/grid_integration/tests/test_backcaster.py,module,test,327,,32,32_repository_engineering.md,/tests/
idaes/apps/grid_integration/tests/test_bidder.py,module,test,361,,32,32_repository_engineering.md,/tests/
idaes/apps/grid_integration/tests/test_coordinator.py,module,test,156,,32,32_repository_engineering.md,/tests/
idaes/apps/grid_integration/tests/test_integration.py,module,test,209,,32,32_repository_engineering.md,/tests/
idaes/apps/grid_integration/tests/test_model_data.py,module,test,293,,32,32_repository_engineering.md,/tests/
idaes/apps/grid_integration/tests/test_perfectforecaster.py,module,test,159,,32,32_repository_engineering.md,/tests/
idaes/apps/grid_integration/tests/test_tracker.py,module,test,193,,32,32_repository_engineering.md,/tests/
idaes/apps/grid_integration/tests/util.py,module,test,423,,32,32_repository_engineering.md,/tests/
idaes/apps/matopt/tests/test_matopt_expression_bounds.py,module,test,34,,32,32_repository_engineering.md,/tests/
idaes/apps/matopt/tests/test_matopt_objects_construction.py,module,test,393,,32,32_repository_engineering.md,/tests/
idaes/apps/matopt/tests/test_matopt_objects_functionality.py,module,test,141,,32,32_repository_engineering.md,/tests/
idaes/apps/matopt/tests/test_matopt_smoke.py,module,test,18,,32,32_repository_engineering.md,/tests/
idaes/apps/nmpc/dynamic_data/tests/__init__.py,module,test,0,,32,32_repository_engineering.md,/tests/
idaes/apps/nmpc/dynamic_data/tests/test_interval_data.py,module,test,161,,32,32_repository_engineering.md,/tests/
idaes/apps/nmpc/tests/__init__.py,module,test,0,,32,32_repository_engineering.md,/tests/
idaes/apps/nmpc/tests/test_cost_expressions.py,module,test,119,,32,32_repository_engineering.md,/tests/
idaes/apps/uncertainty_propagation/tests/BT_NRTL_dataset.csv,asset,test,,1848,32,32_repository_engineering.md,/tests/
idaes/apps/uncertainty_propagation/tests/test_uncertainties.py,module,test,672,,32,32_repository_engineering.md,/tests/
idaes/commands/tests/__init__.py,module,test,36,,32,32_repository_engineering.md,/tests/
idaes/commands/tests/test_commands.py,module,test,189,,32,32_repository_engineering.md,/tests/
idaes/commands/util/tests/__init__.py,module,test,0,,32,32_repository_engineering.md,/tests/
idaes/commands/util/tests/checksum.txt,asset,test,,1361,32,32_repository_engineering.md,/tests/
idaes/commands/util/tests/test_download_bin.py,module,test,317,,32,32_repository_engineering.md,/tests/
idaes/conftest.py,module,test,377,,32,32_repository_engineering.md,^idaes/conftest\.py$
idaes/core/base/tests/__init__.py,module,test,0,,32,32_repository_engineering.md,/tests/
idaes/core/base/tests/test_components.py,module,test,915,,32,32_repository_engineering.md,/tests/
idaes/core/base/tests/test_control_volume_0d.py,module,test,2700,,32,32_repository_engineering.md,/tests/
idaes/core/base/tests/test_control_volume_0d_legacy_scaling.py,module,test,285,,32,32_repository_engineering.md,/tests/
idaes/core/base/tests/test_control_volume_0d_scaler_object.py,module,test,376,,32,32_repository_engineering.md,/tests/
idaes/core/base/tests/test_control_volume_1d.py,module,test,3912,,32,32_repository_engineering.md,/tests/
idaes/core/base/tests/test_control_volume_1d_legacy_scaling.py,module,test,333,,32,32_repository_engineering.md,/tests/
idaes/core/base/tests/test_control_volume_1d_scaler_object.py,module,test,910,,32,32_repository_engineering.md,/tests/
idaes/core/base/tests/test_control_volume_base.py,module,test,845,,32,32_repository_engineering.md,/tests/
idaes/core/base/tests/test_costing_base.py,module,test,725,,32,32_repository_engineering.md,/tests/
idaes/core/base/tests/test_extended_control_volume_0d.py,module,test,169,,32,32_repository_engineering.md,/tests/
idaes/core/base/tests/test_extended_control_volume_1d.py,module,test,242,,32,32_repository_engineering.md,/tests/
idaes/core/base/tests/test_flowsheet_model.py,module,test,483,,32,32_repository_engineering.md,/tests/
idaes/core/base/tests/test_phases.py,module,test,176,,32,32_repository_engineering.md,/tests/
idaes/core/base/tests/test_process_base.py,module,test,253,,32,32_repository_engineering.md,/tests/
idaes/core/base/tests/test_process_block.py,module,test,143,,32,32_repository_engineering.md,/tests/
idaes/core/base/tests/test_property_base.py,module,test,764,,32,32_repository_engineering.md,/tests/
idaes/core/base/tests/test_property_meta.py,module,test,346,,32,32_repository_engineering.md,/tests/
idaes/core/base/tests/test_property_set.py,module,test,726,,32,32_repository_engineering.md,/tests/
idaes/core/base/tests/test_reaction_base.py,module,test,555,,32,32_repository_engineering.md,/tests/
idaes/core/base/tests/test_unit_model.py,module,test,904,,32,32_repository_engineering.md,/tests/
idaes/core/base/tests/test_var_like_expression.py,module,test,177,,32,32_repository_engineering.md,/tests/
idaes/core/initialization/tests/__init__.py,module,test,12,,32,32_repository_engineering.md,/tests/
idaes/core/initialization/tests/init_example.json,asset,test,,1372,32,32_repository_engineering.md,/tests/
idaes/core/initialization/tests/test_block_triangularization.py,module,test,143,,32,32_repository_engineering.md,/tests/
idaes/core/initialization/tests/test_general_hierarchical.py,module,test,418,,32,32_repository_engineering.md,/tests/
idaes/core/initialization/tests/test_initialize_from_data.py,module,test,78,,32,32_repository_engineering.md,/tests/
idaes/core/initialization/tests/test_initializer_base.py,module,test,950,,32,32_repository_engineering.md,/tests/
idaes/core/io/tests/__init__.py,module,test,0,,32,32_repository_engineering.md,/tests/
idaes/core/plugins/tests/test_eq_elim.py,module,test,215,,32,32_repository_engineering.md,/tests/
idaes/core/plugins/tests/test_replace_vars.py,module,test,227,,32,32_repository_engineering.md,/tests/
idaes/core/scaling/tests/__init__.py,module,test,0,,32,32_repository_engineering.md,/tests/
idaes/core/scaling/tests/gibbs_solution.json,asset,test,,43346,32,32_repository_engineering.md,/tests/
idaes/core/scaling/tests/load_scaling_factors.json,asset,test,,807,32,32_repository_engineering.md,/tests/
idaes/core/scaling/tests/test_arc_constraint_scaler.py,module,test,239,,32,32_repository_engineering.md,/tests/
idaes/core/scaling/tests/test_autoscaling.py,module,test,403,,32,32_repository_engineering.md,/tests/
idaes/core/scaling/tests/test_custom_scaler_base.py,module,test,1832,,32,32_repository_engineering.md,/tests/
idaes/core/scaling/tests/test_custom_scaling_integration.py,module,test,415,,32,32_repository_engineering.md,/tests/
idaes/core/scaling/tests/test_nominal_value_walker.py,module,test,833,,32,32_repository_engineering.md,/tests/
idaes/core/scaling/tests/test_scaling_base.py,module,test,416,,32,32_repository_engineering.md,/tests/
idaes/core/scaling/tests/test_scaling_profiler.py,module,test,607,,32,32_repository_engineering.md,/tests/
idaes/core/scaling/tests/test_util.py,module,test,2785,,32,32_repository_engineering.md,/tests/
idaes/core/solvers/tests/__init__.py,module,test,0,,32,32_repository_engineering.md,/tests/
idaes/core/solvers/tests/test_have_pynumero.py,module,test,59,,32,32_repository_engineering.md,/tests/
idaes/core/solvers/tests/test_homotopy.py,module,test,448,,32,32_repository_engineering.md,/tests/
idaes/core/solvers/tests/test_petsc.py,module,test,1272,,32,32_repository_engineering.md,/tests/
idaes/core/solvers/tests/test_petsc_pid.py,module,test,283,,32,32_repository_engineering.md,/tests/
idaes/core/solvers/tests/test_solver_config.py,module,test,66,,32,32_repository_engineering.md,/tests/
idaes/core/solvers/tests/test_solvers.py,module,test,339,,32,32_repository_engineering.md,/tests/
idaes/core/surrogate/base/tests/__init__.py,module,test,0,,32,32_repository_engineering.md,/tests/
idaes/core/surrogate/base/tests/test_surrogate_base.py,module,test,297,,32,32_repository_engineering.md,/tests/
idaes/core/surrogate/plotting/tests/__init__.py,module,test,0,,32,32_repository_engineering.md,/tests/
idaes/core/surrogate/plotting/tests/alamo_surrogate.json,asset,test,,1957,32,32_repository_engineering.md,/tests/
idaes/core/surrogate/plotting/tests/keras_surrogate/idaes_info.json,asset,test,,1288,32,32_repository_engineering.md,/tests/
idaes/core/surrogate/plotting/tests/keras_surrogate/idaes_keras_model.keras,asset,test,,30596,32,32_repository_engineering.md,/tests/
idaes/core/surrogate/plotting/tests/reformer-data.csv,asset,test,,487966,32,32_repository_engineering.md,/tests/
idaes/core/surrogate/plotting/tests/test_alamo_plotting.py,module,test,215,,32,32_repository_engineering.md,/tests/
idaes/core/surrogate/pysmo/tests/__init__.py,module,test,0,,32,32_repository_engineering.md,/tests/
idaes/core/surrogate/pysmo/tests/test_kriging.py,module,test,553,,32,32_repository_engineering.md,/tests/
idaes/core/surrogate/pysmo/tests/test_polynomial_regression.py,module,test,2226,,32,32_repository_engineering.md,/tests/
idaes/core/surrogate/pysmo/tests/test_radial_basis_function.py,module,test,2270,,32,32_repository_engineering.md,/tests/
idaes/core/surrogate/pysmo/tests/test_sampling.py,module,test,3607,,32,32_repository_engineering.md,/tests/
idaes/core/surrogate/pysmo/tests/test_sampling_modified.py,module,test,2546,,32,32_repository_engineering.md,/tests/
idaes/core/surrogate/pysmo/tests/test_utils.py,module,test,94,,32,32_repository_engineering.md,/tests/
idaes/core/surrogate/sampling/tests/__init__.py,module,test,0,,32,32_repository_engineering.md,/tests/
idaes/core/surrogate/sampling/tests/test_data_utils.py,module,test,94,,32,32_repository_engineering.md,/tests/
idaes/core/surrogate/sampling/tests/test_scaling.py,module,test,121,,32,32_repository_engineering.md,/tests/
idaes/core/surrogate/tests/__init__.py,module,test,0,,32,32_repository_engineering.md,/tests/
idaes/core/surrogate/tests/alamo_test.alm,asset,test,,740,32,32_repository_engineering.md,/tests/
idaes/core/surrogate/tests/alamotrace.trc,asset,test,,1311,32,32_repository_engineering.md,/tests/
idaes/core/surrogate/tests/alamotrace2.trc,asset,test,,3282,32,32_repository_engineering.md,/tests/
idaes/core/surrogate/tests/alamotrace_w_validation.trc,asset,test,,2944,32,32_repository_engineering.md,/tests/
idaes/core/surrogate/tests/data/PT_data.csv,asset,test,,1112268,32,32_repository_engineering.md,/tests/
idaes/core/surrogate/tests/data/T_data.csv,asset,test,,9967,32,32_repository_engineering.md,/tests/
idaes/core/surrogate/tests/data/create_keras_models.py,module,test,209,,32,32_repository_engineering.md,/tests/
idaes/core/surrogate/tests/data/keras_models/PT_data_2_10_10_2_relu.json,asset,test,,2859,32,32_repository_engineering.md,/tests/
idaes/core/surrogate/tests/data/keras_models/PT_data_2_10_10_2_relu.keras,asset,test,,22272,32,32_repository_engineering.md,/tests/
idaes/core/surrogate/tests/data/keras_models/PT_data_2_10_10_2_relu.weights.h5,asset,test,,19112,32,32_repository_engineering.md,/tests/
idaes/core/surrogate/tests/data/keras_models/PT_data_2_10_10_2_sigmoid.json,asset,test,,2866,32,32_repository_engineering.md,/tests/
idaes/core/surrogate/tests/data/keras_models/PT_data_2_10_10_2_sigmoid.keras,asset,test,,22279,32,32_repository_engineering.md,/tests/
idaes/core/surrogate/tests/data/keras_models/PT_data_2_10_10_2_sigmoid.weights.h5,asset,test,,19112,32,32_repository_engineering.md,/tests/
idaes/core/surrogate/tests/data/keras_models/T_data_1_10_10_2_relu.json,asset,test,,2856,32,32_repository_engineering.md,/tests/
idaes/core/surrogate/tests/data/keras_models/T_data_1_10_10_2_relu.keras,asset,test,,22149,32,32_repository_engineering.md,/tests/
idaes/core/surrogate/tests/data/keras_models/T_data_1_10_10_2_relu.weights.h5,asset,test,,19112,32,32_repository_engineering.md,/tests/
idaes/core/surrogate/tests/data/keras_models/T_data_1_10_10_2_sigmoid.json,asset,test,,2861,32,32_repository_engineering.md,/tests/
idaes/core/surrogate/tests/data/keras_models/T_data_1_10_10_2_sigmoid.keras,asset,test,,22154,32,32_repository_engineering.md,/tests/
idaes/core/surrogate/tests/data/keras_models/T_data_1_10_10_2_sigmoid.weights.h5,asset,test,,19112,32,32_repository_engineering.md,/tests/
idaes/core/surrogate/tests/data/onnx_models/net_Calcite_ST.onnx,asset,test,,101704,32,32_repository_engineering.md,/tests/
idaes/core/surrogate/tests/data/onnx_models/net_Calcite_ST_idaes_info.json,asset,test,,1028,32,32_repository_engineering.md,/tests/
idaes/core/surrogate/tests/test_alamopy.py,module,test,1752,,32,32_repository_engineering.md,/tests/
idaes/core/surrogate/tests/test_keras_surrogate.py,module,test,733,,32,32_repository_engineering.md,/tests/
idaes/core/surrogate/tests/test_metrics.py,module,test,72,,32,32_repository_engineering.md,/tests/
idaes/core/surrogate/tests/test_onnx_surrogate.py,module,test,291,,32,32_repository_engineering.md,/tests/
idaes/core/surrogate/tests/test_pysmo_surrogate.py,module,test,3341,,32,32_repository_engineering.md,/tests/
idaes/core/surrogate/tests/test_surrogate_block.py,module,test,496,,32,32_repository_engineering.md,/tests/
idaes/core/tests/__init__.py,module,test,0,,32,32_repository_engineering.md,/tests/
idaes/core/util/convergence/tests/__init__.py,module,test,12,,32,32_repository_engineering.md,/tests/
idaes/core/util/convergence/tests/ceval_fixedvar_immutableparam.3.42.baseline.json,asset,test,,881,32,32_repository_engineering.md,/tests/
idaes/core/util/convergence/tests/ceval_fixedvar_mutableparam.3.42.baseline.json,asset,test,,879,32,32_repository_engineering.md,/tests/
idaes/core/util/convergence/tests/ceval_fixedvar_mutableparam.3.43.baseline.json,asset,test,,1581,32,32_repository_engineering.md,/tests/
idaes/core/util/convergence/tests/ceval_unfixedvar_mutableparam.3.42.baseline.json,asset,test,,881,32,32_repository_engineering.md,/tests/
idaes/core/util/convergence/tests/conv_eval_classes.py,module,test,97,,32,32_repository_engineering.md,/tests/
idaes/core/util/convergence/tests/ipopt_output.txt,asset,test,,6989,32,32_repository_engineering.md,/tests/
idaes/core/util/convergence/tests/test_convergence.py,module,test,621,,32,32_repository_engineering.md,/tests/
idaes/core/util/diagnostics_tools/deprecated/tests/__init__.py,module,test,0,,32,32_repository_engineering.md,/tests/
idaes/core/util/diagnostics_tools/deprecated/tests/test_degeneracy_hunter_legacy.py,module,test,449,,32,32_repository_engineering.md,/tests/
idaes/core/util/diagnostics_tools/tests/__init__.py,module,test,0,,32,32_repository_engineering.md,/tests/
idaes/core/util/diagnostics_tools/tests/convergence_baseline.json,asset,test,,1146,32,32_repository_engineering.md,/tests/
idaes/core/util/diagnostics_tools/tests/ipopt_output.txt,asset,test,,6989,32,32_repository_engineering.md,/tests/
idaes/core/util/diagnostics_tools/tests/test_bounds.py,module,test,259,,32,32_repository_engineering.md,/tests/
idaes/core/util/diagnostics_tools/tests/test_constraint_term_analysis.py,module,test,1110,,32,32_repository_engineering.md,/tests/
idaes/core/util/diagnostics_tools/tests/test_convergence_analysis.py,module,test,751,,32,32_repository_engineering.md,/tests/
idaes/core/util/diagnostics_tools/tests/test_degeneracy_hunter.py,module,test,306,,32,32_repository_engineering.md,/tests/
idaes/core/util/diagnostics_tools/tests/test_diagnostics_toolbox.py,module,test,1533,,32,32_repository_engineering.md,/tests/
idaes/core/util/diagnostics_tools/tests/test_diagnostics_toolbox_with_none_values.py,module,test,156,,32,32_repository_engineering.md,/tests/
idaes/core/util/diagnostics_tools/tests/test_evaluation_error.py,module,test,648,,32,32_repository_engineering.md,/tests/
idaes/core/util/diagnostics_tools/tests/test_evaluation_error_integration.py,module,test,333,,32,32_repository_engineering.md,/tests/
idaes/core/util/diagnostics_tools/tests/test_ill_conditioning.py,module,test,212,,32,32_repository_engineering.md,/tests/
idaes/core/util/diagnostics_tools/tests/test_infeasibility_explanation_integration.py,module,test,66,,32,32_repository_engineering.md,/tests/
idaes/core/util/diagnostics_tools/tests/test_ipopt_halt_on_error.py,module,test,46,,32,32_repository_engineering.md,/tests/
idaes/core/util/diagnostics_tools/tests/test_svd_toolbox.py,module,test,500,,32,32_repository_engineering.md,/tests/
idaes/core/util/diagnostics_tools/tests/test_utils.py,module,test,550,,32,32_repository_engineering.md,/tests/
idaes/core/util/diagnostics_tools/tests/test_writer_utils.py,module,test,340,,32,32_repository_engineering.md,/tests/
idaes/core/util/diagnostics_tools/tests/utils.py,module,test,51,,32,32_repository_engineering.md,/tests/
idaes/core/util/structfs/tests/__init__.py,module,test,0,,32,32_repository_engineering.md,/tests/
idaes/core/util/structfs/tests/flash_flowsheet.py,module,test,79,,32,32_repository_engineering.md,/tests/
idaes/core/util/structfs/tests/test_fsrunner.py,module,test,186,,32,32_repository_engineering.md,/tests/
idaes/core/util/structfs/tests/test_logutil.py,module,test,86,,32,32_repository_engineering.md,/tests/
idaes/core/util/structfs/tests/test_runner.py,module,test,156,,32,32_repository_engineering.md,/tests/
idaes/core/util/structfs/tests/test_runner_actions.py,module,test,207,,32,32_repository_engineering.md,/tests/
idaes/core/util/tests/load_psweep.json,asset,test,,787,32,32_repository_engineering.md,/tests/
idaes/core/util/tests/load_spec.json,asset,test,,1450,32,32_repository_engineering.md,/tests/
idaes/core/util/tests/test_config.py,module,test,240,,32,32_repository_engineering.md,/tests/
idaes/core/util/tests/test_dyn_utils.py,module,test,451,,32,32_repository_engineering.md,/tests/
idaes/core/util/tests/test_env_info.py,module,test,36,,32,32_repository_engineering.md,/tests/
idaes/core/util/tests/test_exceptions.py,module,test,83,,32,32_repository_engineering.md,/tests/
idaes/core/util/tests/test_initialization.py,module,test,1092,,32,32_repository_engineering.md,/tests/
idaes/core/util/tests/test_math.py,module,test,220,,32,32_repository_engineering.md,/tests/
idaes/core/util/tests/test_misc.py,module,test,446,,32,32_repository_engineering.md,/tests/
idaes/core/util/tests/test_model_diagnostics.py,module,test,274,,32,32_repository_engineering.md,/tests/
idaes/core/util/tests/test_model_serializer.py,module,test,590,,32,32_repository_engineering.md,/tests/
idaes/core/util/tests/test_model_statistics.py,module,test,1369,,32,32_repository_engineering.md,/tests/
idaes/core/util/tests/test_parameter_sweep.py,module,test,1397,,32,32_repository_engineering.md,/tests/
idaes/core/util/tests/test_phase_equilibria.py,module,test,428,,32,32_repository_engineering.md,/tests/
idaes/core/util/tests/test_pid_initialization.py,module,test,189,,32,32_repository_engineering.md,/tests/
idaes/core/util/tests/test_scaling.py,module,test,2925,,32,32_repository_engineering.md,/tests/
idaes/core/util/tests/test_scip_for_testing.py,module,test,38,,32,32_repository_engineering.md,/tests/
idaes/core/util/tests/test_tables.py,module,test,603,,32,32_repository_engineering.md,/tests/
idaes/core/util/tests/test_tags.py,module,test,477,,32,32_repository_engineering.md,/tests/
idaes/core/util/tests/test_testing.py,module,test,772,,32,32_repository_engineering.md,/tests/
idaes/core/util/tests/test_units_of_measurement.py,module,test,132,,32,32_repository_engineering.md,/tests/
idaes/core/util/tests/test_utility_minimization.py,module,test,268,,32,32_repository_engineering.md,/tests/
idaes/models/control/tests/__init__.py,module,test,0,,32,32_repository_engineering.md,/tests/
idaes/models/control/tests/test_antiwindup.py,module,test,484,,32,32_repository_engineering.md,/tests/
idaes/models/control/tests/test_controller.py,module,test,635,,32,32_repository_engineering.md,/tests/
idaes/models/control/tests/test_pid_pump.py,module,test,206,,32,32_repository_engineering.md,/tests/
idaes/models/control/tests/test_steam_tank_pressure.py,module,test,455,,32,32_repository_engineering.md,/tests/
idaes/models/costing/tests/__init__.py,module,test,0,,32,32_repository_engineering.md,/tests/
idaes/models/costing/tests/test_QGESS.py,module,test,2107,,32,32_repository_engineering.md,/tests/
idaes/models/costing/tests/test_SSLW.py,module,test,972,,32,32_repository_engineering.md,/tests/
idaes/models/flowsheets/tests/__init__.py,module,test,0,,32,32_repository_engineering.md,/tests/
idaes/models/flowsheets/tests/test_demo_flowsheet.py,module,test,134,,32,32_repository_engineering.md,/tests/
idaes/models/properties/activity_coeff_models/tests/test_ideal_NRTL.py,module,test,274,,32,32_repository_engineering.md,/tests/
idaes/models/properties/activity_coeff_models/tests/test_ideal_Wilson.py,module,test,273,,32,32_repository_engineering.md,/tests/
idaes/models/properties/activity_coeff_models/tests/test_ideal_ideal_FTPz.py,module,test,755,,32,32_repository_engineering.md,/tests/
idaes/models/properties/activity_coeff_models/tests/test_ideal_ideal_FcTP.py,module,test,753,,32,32_repository_engineering.md,/tests/
idaes/models/properties/examples/tests/__init__.py,module,test,0,,32,32_repository_engineering.md,/tests/
idaes/models/properties/examples/tests/test_saponification_reaction.py,module,test,217,,32,32_repository_engineering.md,/tests/
idaes/models/properties/examples/tests/test_saponification_thermo.py,module,test,403,,32,32_repository_engineering.md,/tests/
idaes/models/properties/general_helmholtz/tests/__init__.py,module,test,0,,32,32_repository_engineering.md,/tests/
idaes/models/properties/general_helmholtz/tests/test_functions_unit.py,module,test,1827,,32,32_repository_engineering.md,/tests/
idaes/models/properties/general_helmholtz/tests/test_parameter_util.py,module,test,586,,32,32_repository_engineering.md,/tests/
idaes/models/properties/general_helmholtz/tests/test_register.py,module,test,121,,32,32_repository_engineering.md,/tests/
idaes/models/properties/general_helmholtz/tests/test_stateblock.py,module,test,233,,32,32_repository_engineering.md,/tests/
idaes/models/properties/general_helmholtz/tests/test_with_harness.py,module,test,436,,32,32_repository_engineering.md,/tests/
idaes/models/properties/general_helmholtz/tests/test_with_heater.py,module,test,386,,32,32_repository_engineering.md,/tests/
idaes/models/properties/interrogator/tests/__init__.py,module,test,0,,32,32_repository_engineering.md,/tests/
idaes/models/properties/interrogator/tests/test_properties_interrogator.py,module,test,563,,32,32_repository_engineering.md,/tests/
idaes/models/properties/interrogator/tests/test_reactions_interrogator.py,module,test,352,,32,32_repository_engineering.md,/tests/
idaes/models/properties/modular_properties/base/tests/__init__.py,module,test,12,,32,32_repository_engineering.md,/tests/
idaes/models/properties/modular_properties/base/tests/dummy_eos.py,module,test,159,,32,32_repository_engineering.md,/tests/
idaes/models/properties/modular_properties/base/tests/test_electrolyte_components.py,module,test,620,,32,32_repository_engineering.md,/tests/
idaes/models/properties/modular_properties/base/tests/test_generic_property.py,module,test,2413,,32,32_repository_engineering.md,/tests/
idaes/models/properties/modular_properties/base/tests/test_generic_property_integration.py,module,test,441,,32,32_repository_engineering.md,/tests/
idaes/models/properties/modular_properties/base/tests/test_generic_reaction.py,module,test,739,,32,32_repository_engineering.md,/tests/
idaes/models/properties/modular_properties/base/tests/test_modular_properties_scaler.py,module,test,551,,32,32_repository_engineering.md,/tests/
idaes/models/properties/modular_properties/base/tests/test_noncondense.py,module,test,518,,32,32_repository_engineering.md,/tests/
idaes/models/properties/modular_properties/base/tests/test_noncondense_PR.py,module,test,508,,32,32_repository_engineering.md,/tests/
idaes/models/properties/modular_properties/base/tests/test_nonvap.py,module,test,489,,32,32_repository_engineering.md,/tests/
idaes/models/properties/modular_properties/base/tests/test_nonvap_PR.py,module,test,507,,32,32_repository_engineering.md,/tests/
idaes/models/properties/modular_properties/base/tests/test_utility.py,module,test,956,,32,32_repository_engineering.md,/tests/
idaes/models/properties/modular_properties/base/tests/test_vle.py,module,test,878,,32,32_repository_engineering.md,/tests/
idaes/models/properties/modular_properties/coolprop/tests/__init__.py,module,test,0,,32,32_repository_engineering.md,/tests/
idaes/models/properties/modular_properties/coolprop/tests/test_coolprop_forms.py,module,test,327,,32,32_repository_engineering.md,/tests/
idaes/models/properties/modular_properties/coolprop/tests/test_coolprop_wrapper.py,module,test,1046,,32,32_repository_engineering.md,/tests/
idaes/models/properties/modular_properties/eos/tests/__init__.py,module,test,12,,32,32_repository_engineering.md,/tests/
idaes/models/properties/modular_properties/eos/tests/test_ceos_PR.py,module,test,1405,,32,32_repository_engineering.md,/tests/
idaes/models/properties/modular_properties/eos/tests/test_cubic_root.py,module,test,91,,32,32_repository_engineering.md,/tests/
idaes/models/properties/modular_properties/eos/tests/test_enrtl.py,module,test,1084,,32,32_repository_engineering.md,/tests/
idaes/models/properties/modular_properties/eos/tests/test_ideal.py,module,test,1507,,32,32_repository_engineering.md,/tests/
idaes/models/properties/modular_properties/examples/reactions/tests/__init__.py,module,test,12,,32,32_repository_engineering.md,/tests/
idaes/models/properties/modular_properties/examples/reactions/tests/test_reaction_example.py,module,test,262,,32,32_repository_engineering.md,/tests/
idaes/models/properties/modular_properties/examples/tests/__init__.py,module,test,12,,32,32_repository_engineering.md,/tests/
idaes/models/properties/modular_properties/examples/tests/test_ASU_PR.py,module,test,263,,32,32_repository_engineering.md,/tests/
idaes/models/properties/modular_properties/examples/tests/test_ASU_PR_Dowling_2015.py,module,test,333,,32,32_repository_engineering.md,/tests/
idaes/models/properties/modular_properties/examples/tests/test_BTIdeal.py,module,test,694,,32,32_repository_engineering.md,/tests/
idaes/models/properties/modular_properties/examples/tests/test_BTIdeal_FPhx.py,module,test,712,,32,32_repository_engineering.md,/tests/
idaes/models/properties/modular_properties/examples/tests/test_BTIdeal_FcPh.py,module,test,705,,32,32_repository_engineering.md,/tests/
idaes/models/properties/modular_properties/examples/tests/test_BTIdeal_FcTP.py,module,test,730,,32,32_repository_engineering.md,/tests/
idaes/models/properties/modular_properties/examples/tests/test_BTIdeal_FpTPxpc.py,module,test,270,,32,32_repository_engineering.md,/tests/
idaes/models/properties/modular_properties/examples/tests/test_BT_PR.py,module,test,1326,,32,32_repository_engineering.md,/tests/
idaes/models/properties/modular_properties/examples/tests/test_BT_PR_legacy_SmoothVLE.py,module,test,863,,32,32_repository_engineering.md,/tests/
idaes/models/properties/modular_properties/examples/tests/test_CO2_H2O_Ideal_VLE.py,module,test,395,,32,32_repository_engineering.md,/tests/
idaes/models/properties/modular_properties/examples/tests/test_CO2_bmimPF6_PR.py,module,test,666,,32,32_repository_engineering.md,/tests/
idaes/models/properties/modular_properties/examples/tests/test_HC_PR.py,module,test,380,,32,32_repository_engineering.md,/tests/
idaes/models/properties/modular_properties/examples/tests/test_HC_PR_vap.py,module,test,399,,32,32_repository_engineering.md,/tests/
idaes/models/properties/modular_properties/examples/tests/test_enrtl_H2O_NaCl_KCl.py,module,test,148,,32,32_repository_engineering.md,/tests/
idaes/models/properties/modular_properties/examples/tests/test_entrl_NaBr_mixed_solvent.py,module,test,122,,32,32_repository_engineering.md,/tests/
idaes/models/properties/modular_properties/phase_equil/tests/__init__.py,module,test,12,,32,32_repository_engineering.md,/tests/
idaes/models/properties/modular_properties/phase_equil/tests/test_bubble_dew.py,module,test,864,,32,32_repository_engineering.md,/tests/
idaes/models/properties/modular_properties/phase_equil/tests/test_forms.py,module,test,116,,32,32_repository_engineering.md,/tests/
idaes/models/properties/modular_properties/phase_equil/tests/test_henry.py,module,test,282,,32,32_repository_engineering.md,/tests/
idaes/models/properties/modular_properties/phase_equil/tests/test_smooth_VLE.py,module,test,173,,32,32_repository_engineering.md,/tests/
idaes/models/properties/modular_properties/phase_equil/tests/test_smooth_VLE_2.py,module,test,504,,32,32_repository_engineering.md,/tests/
idaes/models/properties/modular_properties/pure/tests/__init__.py,module,test,12,,32,32_repository_engineering.md,/tests/
idaes/models/properties/modular_properties/pure/tests/test_ChapmanEnskog.py,module,test,166,,32,32_repository_engineering.md,/tests/
idaes/models/properties/modular_properties/pure/tests/test_ChungPure.py,module,test,292,,32,32_repository_engineering.md,/tests/
idaes/models/properties/modular_properties/pure/tests/test_ConstantProperties.py,module,test,409,,32,32_repository_engineering.md,/tests/
idaes/models/properties/modular_properties/pure/tests/test_Eucken.py,module,test,275,,32,32_repository_engineering.md,/tests/
idaes/models/properties/modular_properties/pure/tests/test_NIST.py,module,test,230,,32,32_repository_engineering.md,/tests/
idaes/models/properties/modular_properties/pure/tests/test_Perrys.py,module,test,258,,32,32_repository_engineering.md,/tests/
idaes/models/properties/modular_properties/pure/tests/test_RPP3.py,module,test,233,,32,32_repository_engineering.md,/tests/
idaes/models/properties/modular_properties/pure/tests/test_RPP4.py,module,test,236,,32,32_repository_engineering.md,/tests/
idaes/models/properties/modular_properties/pure/tests/test_RPP5.py,module,test,258,,32,32_repository_engineering.md,/tests/
idaes/models/properties/modular_properties/pure/tests/test_electrolyte.py,module,test,87,,32,32_repository_engineering.md,/tests/
idaes/models/properties/modular_properties/reactions/tests/__init__.py,module,test,12,,32,32_repository_engineering.md,/tests/
idaes/models/properties/modular_properties/reactions/tests/test_dh_rxn.py,module,test,117,,32,32_repository_engineering.md,/tests/
idaes/models/properties/modular_properties/reactions/tests/test_equilibrium_constant.py,module,test,791,,32,32_repository_engineering.md,/tests/
idaes/models/properties/modular_properties/reactions/tests/test_equilibrium_forms.py,module,test,858,,32,32_repository_engineering.md,/tests/
idaes/models/properties/modular_properties/reactions/tests/test_rate_constant.py,module,test,300,,32,32_repository_engineering.md,/tests/
idaes/models/properties/modular_properties/reactions/tests/test_rate_forms.py,module,test,166,,32,32_repository_engineering.md,/tests/
idaes/models/properties/modular_properties/reactions/tests/test_solubility_product_verification.py,module,test,327,,32,32_repository_engineering.md,/tests/
idaes/models/properties/modular_properties/state_definitions/tests/__init__.py,module,test,12,,32,32_repository_engineering.md,/tests/
idaes/models/properties/modular_properties/state_definitions/tests/electrolyte_testing_config.py,module,test,256,,32,32_repository_engineering.md,/tests/
idaes/models/properties/modular_properties/state_definitions/tests/test_FPhx.py,module,test,1377,,32,32_repository_engineering.md,/tests/
idaes/models/properties/modular_properties/state_definitions/tests/test_FPhx_electrolyte.py,module,test,729,,32,32_repository_engineering.md,/tests/
idaes/models/properties/modular_properties/state_definitions/tests/test_FTPx.py,module,test,1742,,32,32_repository_engineering.md,/tests/
idaes/models/properties/modular_properties/state_definitions/tests/test_FTPx_electrolyte.py,module,test,2241,,32,32_repository_engineering.md,/tests/
idaes/models/properties/modular_properties/state_definitions/tests/test_FcPh.py,module,test,1475,,32,32_repository_engineering.md,/tests/
idaes/models/properties/modular_properties/state_definitions/tests/test_FcPh_electrolyte.py,module,test,726,,32,32_repository_engineering.md,/tests/
idaes/models/properties/modular_properties/state_definitions/tests/test_FcTP.py,module,test,1423,,32,32_repository_engineering.md,/tests/
idaes/models/properties/modular_properties/state_definitions/tests/test_FcTP_electrolyte.py,module,test,716,,32,32_repository_engineering.md,/tests/
idaes/models/properties/modular_properties/state_definitions/tests/test_FpTPxpc.py,module,test,1544,,32,32_repository_engineering.md,/tests/
idaes/models/properties/modular_properties/state_definitions/tests/test_FpTPxpc_electrolyte.py,module,test,732,,32,32_repository_engineering.md,/tests/
idaes/models/properties/modular_properties/state_definitions/tests/test_FpcTP.py,module,test,1684,,32,32_repository_engineering.md,/tests/
idaes/models/properties/modular_properties/state_definitions/tests/test_FpcTP_electrolyte.py,module,test,678,,32,32_repository_engineering.md,/tests/
idaes/models/properties/modular_properties/transport_properties/tests/test_no_method.py,module,test,124,,32,32_repository_engineering.md,/tests/
idaes/models/properties/modular_properties/transport_properties/tests/test_shell_and_tube_1D_transport.py,module,test,513,,32,32_repository_engineering.md,/tests/
idaes/models/properties/modular_properties/transport_properties/tests/test_thermal_conductivity_wms.py,module,test,373,,32,32_repository_engineering.md,/tests/
idaes/models/properties/modular_properties/transport_properties/tests/test_viscosity_wilke.py,module,test,344,,32,32_repository_engineering.md,/tests/
idaes/models/properties/tests/__init__.py,module,test,0,,32,32_repository_engineering.md,/tests/
idaes/models/properties/tests/test_harness.py,module,test,406,,32,32_repository_engineering.md,/tests/
idaes/models/properties/tests/test_iapws95_with_harness.py,module,test,63,,32,32_repository_engineering.md,/tests/
idaes/models/properties/tests/test_swco2_with_harness.py,module,test,63,,32,32_repository_engineering.md,/tests/
idaes/models/unit_models/solid_liquid/tests/__init__.py,module,test,0,,32,32_repository_engineering.md,/tests/
idaes/models/unit_models/solid_liquid/tests/test_sl_separator.py,module,test,527,,32,32_repository_engineering.md,/tests/
idaes/models/unit_models/solid_liquid/tests/test_thickener.py,module,test,548,,32,32_repository_engineering.md,/tests/
idaes/models/unit_models/tests/__init__.py,module,test,0,,32,32_repository_engineering.md,/tests/
idaes/models/unit_models/tests/leach_solution.py,module,test,253,,32,32_repository_engineering.md,/tests/
idaes/models/unit_models/tests/test_cstr.py,module,test,508,,32,32_repository_engineering.md,/tests/
idaes/models/unit_models/tests/test_equilibrium_reactor.py,module,test,860,,32,32_repository_engineering.md,/tests/
idaes/models/unit_models/tests/test_feed.py,module,test,372,,32,32_repository_engineering.md,/tests/
idaes/models/unit_models/tests/test_feed_flash.py,module,test,702,,32,32_repository_engineering.md,/tests/
idaes/models/unit_models/tests/test_flash.py,module,test,975,,32,32_repository_engineering.md,/tests/
idaes/models/unit_models/tests/test_gibbs.py,module,test,769,,32,32_repository_engineering.md,/tests/
idaes/models/unit_models/tests/test_gibbs_scaling.py,module,test,476,,32,32_repository_engineering.md,/tests/
idaes/models/unit_models/tests/test_heat_exchanger.py,module,test,2374,,32,32_repository_engineering.md,/tests/
idaes/models/unit_models/tests/test_heat_exchanger_1D.py,module,test,3695,,32,32_repository_engineering.md,/tests/
idaes/models/unit_models/tests/test_heat_exchanger_lc.py,module,test,646,,32,32_repository_engineering.md,/tests/
idaes/models/unit_models/tests/test_heater.py,module,test,883,,32,32_repository_engineering.md,/tests/
idaes/models/unit_models/tests/test_hx_ntu.py,module,test,708,,32,32_repository_engineering.md,/tests/
idaes/models/unit_models/tests/test_mixer.py,module,test,2020,,32,32_repository_engineering.md,/tests/
idaes/models/unit_models/tests/test_mscontactor.py,module,test,5149,,32,32_repository_engineering.md,/tests/
idaes/models/unit_models/tests/test_pfr.py,module,test,416,,32,32_repository_engineering.md,/tests/
idaes/models/unit_models/tests/test_pipe.py,module,test,358,,32,32_repository_engineering.md,/tests/
idaes/models/unit_models/tests/test_pressure_changer.py,module,test,1385,,32,32_repository_engineering.md,/tests/
idaes/models/unit_models/tests/test_product.py,module,test,432,,32,32_repository_engineering.md,/tests/
idaes/models/unit_models/tests/test_rstoic.py,module,test,490,,32,32_repository_engineering.md,/tests/
idaes/models/unit_models/tests/test_separator.py,module,test,5358,,32,32_repository_engineering.md,/tests/
idaes/models/unit_models/tests/test_shell_and_tube_1D.py,module,test,2040,,32,32_repository_engineering.md,/tests/
idaes/models/unit_models/tests/test_skeleton_unit_model.py,module,test,428,,32,32_repository_engineering.md,/tests/
idaes/models/unit_models/tests/test_statejunction.py,module,test,329,,32,32_repository_engineering.md,/tests/
idaes/models/unit_models/tests/test_stream_scaler.py,module,test,364,,32,32_repository_engineering.md,/tests/
idaes/models/unit_models/tests/test_translator.py,module,test,144,,32,32_repository_engineering.md,/tests/
idaes/models/unit_models/tests/test_valve.py,module,test,333,,32,32_repository_engineering.md,/tests/
idaes/models_extra/co2_capture_and_utilization/unit_models/tests/__init__.py,module,test,0,,32,32_repository_engineering.md,/tests/
idaes/models_extra/co2_capture_and_utilization/unit_models/tests/test_membrane_1d.py,module,test,305,,32,32_repository_engineering.md,/tests/
idaes/models_extra/column_models/properties/tests/__init__.py,module,test,0,,32,32_repository_engineering.md,/tests/
idaes/models_extra/column_models/properties/tests/test_mea_solvent.py,module,test,178,,32,32_repository_engineering.md,/tests/
idaes/models_extra/column_models/properties/tests/test_mea_vapor.py,module,test,205,,32,32_repository_engineering.md,/tests/
idaes/models_extra/column_models/tests/__init__.py,module,test,0,,32,32_repository_engineering.md,/tests/
idaes/models_extra/column_models/tests/test_MEAsolvent_column.py,module,test,360,,32,32_repository_engineering.md,/tests/
idaes/models_extra/column_models/tests/test_conventional_tray.py,module,test,326,,32,32_repository_engineering.md,/tests/
idaes/models_extra/column_models/tests/test_feed_tray.py,module,test,349,,32,32_repository_engineering.md,/tests/
idaes/models_extra/column_models/tests/test_partial_condenser.py,module,test,368,,32,32_repository_engineering.md,/tests/
idaes/models_extra/column_models/tests/test_plate_heat_exchanger.py,module,test,295,,32,32_repository_engineering.md,/tests/
idaes/models_extra/column_models/tests/test_reboiler.py,module,test,323,,32,32_repository_engineering.md,/tests/
idaes/models_extra/column_models/tests/test_solvent_column.py,module,test,467,,32,32_repository_engineering.md,/tests/
idaes/models_extra/column_models/tests/test_solvent_condenser.py,module,test,550,,32,32_repository_engineering.md,/tests/
idaes/models_extra/column_models/tests/test_solvent_reboiler.py,module,test,335,,32,32_repository_engineering.md,/tests/
idaes/models_extra/column_models/tests/test_total_condenser.py,module,test,317,,32,32_repository_engineering.md,/tests/
idaes/models_extra/column_models/tests/test_tray_column.py,module,test,398,,32,32_repository_engineering.md,/tests/
idaes/models_extra/column_models/tests/test_tray_side_liq_draw.py,module,test,359,,32,32_repository_engineering.md,/tests/
idaes/models_extra/column_models/tests/test_tray_side_vap_draw.py,module,test,359,,32,32_repository_engineering.md,/tests/
idaes/models_extra/column_models/tests/test_utilities.py,module,test,488,,32,32_repository_engineering.md,/tests/
idaes/models_extra/gas_distribution/properties/tests/__init__.py,module,test,0,,32,32_repository_engineering.md,/tests/
idaes/models_extra/gas_distribution/properties/tests/test_natural_gas.py,module,test,181,,32,32_repository_engineering.md,/tests/
idaes/models_extra/gas_distribution/unit_models/tests/__init__.py,module,test,0,,32,32_repository_engineering.md,/tests/
idaes/models_extra/gas_distribution/unit_models/tests/test_compressor.py,module,test,260,,32,32_repository_engineering.md,/tests/
idaes/models_extra/gas_distribution/unit_models/tests/test_flowsheet.py,module,test,481,,32,32_repository_engineering.md,/tests/
idaes/models_extra/gas_distribution/unit_models/tests/test_node.py,module,test,517,,32,32_repository_engineering.md,/tests/
idaes/models_extra/gas_distribution/unit_models/tests/test_pipeline.py,module,test,1316,,32,32_repository_engineering.md,/tests/
idaes/models_extra/gas_distribution/unit_models/tests/test_pipeline_compressor.py,module,test,477,,32,32_repository_engineering.md,/tests/
idaes/models_extra/gas_solid_contactors/properties/methane_iron_OC_reduction/tests/__init__.py,module,test,0,,32,32_repository_engineering.md,/tests/
idaes/models_extra/gas_solid_contactors/properties/methane_iron_OC_reduction/tests/test_CLC_gas_prop.py,module,test,334,,32,32_repository_engineering.md,/tests/
idaes/models_extra/gas_solid_contactors/properties/methane_iron_OC_reduction/tests/test_CLC_rxn_prop.py,module,test,152,,32,32_repository_engineering.md,/tests/
idaes/models_extra/gas_solid_contactors/properties/methane_iron_OC_reduction/tests/test_CLC_solid_prop.py,module,test,272,,32,32_repository_engineering.md,/tests/
idaes/models_extra/gas_solid_contactors/properties/oxygen_iron_OC_oxidation/tests/__init__.py,module,test,0,,32,32_repository_engineering.md,/tests/
idaes/models_extra/gas_solid_contactors/properties/oxygen_iron_OC_oxidation/tests/test_CLC_gas_prop.py,module,test,1296,,32,32_repository_engineering.md,/tests/
idaes/models_extra/gas_solid_contactors/properties/oxygen_iron_OC_oxidation/tests/test_CLC_rxn_prop.py,module,test,520,,32,32_repository_engineering.md,/tests/
idaes/models_extra/gas_solid_contactors/properties/oxygen_iron_OC_oxidation/tests/test_CLC_solid_prop.py,module,test,628,,32,32_repository_engineering.md,/tests/
idaes/models_extra/gas_solid_contactors/unit_models/tests/__init__.py,module,test,0,,32,32_repository_engineering.md,/tests/
idaes/models_extra/gas_solid_contactors/unit_models/tests/test_BFB_methane_oc.py,module,test,1491,,32,32_repository_engineering.md,/tests/
idaes/models_extra/gas_solid_contactors/unit_models/tests/test_BFB_oxygen_oc.py,module,test,1528,,32,32_repository_engineering.md,/tests/
idaes/models_extra/gas_solid_contactors/unit_models/tests/test_FB0D.py,module,test,980,,32,32_repository_engineering.md,/tests/
idaes/models_extra/gas_solid_contactors/unit_models/tests/test_FB1D.py,module,test,1771,,32,32_repository_engineering.md,/tests/
idaes/models_extra/gas_solid_contactors/unit_models/tests/test_MB.py,module,test,1465,,32,32_repository_engineering.md,/tests/
idaes/models_extra/power_generation/costing/tests/__init__.py,module,test,0,,32,32_repository_engineering.md,/tests/
idaes/models_extra/power_generation/costing/tests/test_CCS_capcost.py,module,test,1496,,32,32_repository_engineering.md,/tests/
idaes/models_extra/power_generation/costing/tests/test_NGCC_capcost.py,module,test,560,,32,32_repository_engineering.md,/tests/
idaes/models_extra/power_generation/costing/tests/test_power_plant_capcost.py,module,test,2357,,32,32_repository_engineering.md,/tests/
idaes/models_extra/power_generation/costing/tests/test_power_plant_costing.py,module,test,2856,,32,32_repository_engineering.md,/tests/
idaes/models_extra/power_generation/flowsheets/subcritical_power_plant/tests/__init__.py,module,test,0,,32,32_repository_engineering.md,/tests/
idaes/models_extra/power_generation/flowsheets/subcritical_power_plant/tests/test_subcritical_flowsheets.py,module,test,218,,32,32_repository_engineering.md,/tests/
idaes/models_extra/power_generation/properties/tests/__init__.py,module,test,0,,32,32_repository_engineering.md,/tests/
idaes/models_extra/power_generation/properties/tests/pure-prop-nist-webbook.csv,asset,test,,1307,32,32_repository_engineering.md,/tests/
idaes/models_extra/power_generation/properties/tests/test_NG_PR.py,module,test,311,,32,32_repository_engineering.md,/tests/
idaes/models_extra/power_generation/properties/tests/test_fg_prop.py,module,test,120,,32,32_repository_engineering.md,/tests/
idaes/models_extra/power_generation/properties/tests/test_flue_gas_integration.py,module,test,188,,32,32_repository_engineering.md,/tests/
idaes/models_extra/power_generation/unit_models/helm/tests/__init__.py,module,test,12,,32,32_repository_engineering.md,/tests/
idaes/models_extra/power_generation/unit_models/helm/tests/test_compare_to_generic.py,module,test,181,,32,32_repository_engineering.md,/tests/
idaes/models_extra/power_generation/unit_models/helm/tests/test_condenser_ntu.py,module,test,156,,32,32_repository_engineering.md,/tests/
idaes/models_extra/power_generation/unit_models/helm/tests/test_mixer.py,module,test,167,,32,32_repository_engineering.md,/tests/
idaes/models_extra/power_generation/unit_models/helm/tests/test_phase_separator.py,module,test,155,,32,32_repository_engineering.md,/tests/
idaes/models_extra/power_generation/unit_models/helm/tests/test_splitter.py,module,test,109,,32,32_repository_engineering.md,/tests/
idaes/models_extra/power_generation/unit_models/helm/tests/test_turbine_inlet.py,module,test,187,,32,32_repository_engineering.md,/tests/
idaes/models_extra/power_generation/unit_models/helm/tests/test_turbine_multistage.py,module,test,271,,32,32_repository_engineering.md,/tests/
idaes/models_extra/power_generation/unit_models/helm/tests/test_turbine_outlet.py,module,test,164,,32,32_repository_engineering.md,/tests/
idaes/models_extra/power_generation/unit_models/helm/tests/test_turbine_stage.py,module,test,113,,32,32_repository_engineering.md,/tests/
idaes/models_extra/power_generation/unit_models/soc_submodels/tests/data_cache/case_1.csv,asset,test,,3112,32,32_repository_engineering.md,/tests/
idaes/models_extra/power_generation/unit_models/soc_submodels/tests/data_cache/case_1_heat_loss.csv,asset,test,,3110,32,32_repository_engineering.md,/tests/
idaes/models_extra/power_generation/unit_models/soc_submodels/tests/data_cache/case_1_interconnect.csv,asset,test,,3114,32,32_repository_engineering.md,/tests/
idaes/models_extra/power_generation/unit_models/soc_submodels/tests/data_cache/case_1_thin.csv,asset,test,,3112,32,32_repository_engineering.md,/tests/
idaes/models_extra/power_generation/unit_models/soc_submodels/tests/data_cache/case_2.csv,asset,test,,3106,32,32_repository_engineering.md,/tests/
idaes/models_extra/power_generation/unit_models/soc_submodels/tests/data_cache/case_2_heat_loss.csv,asset,test,,3099,32,32_repository_engineering.md,/tests/
idaes/models_extra/power_generation/unit_models/soc_submodels/tests/data_cache/case_2_interconnect.csv,asset,test,,3114,32,32_repository_engineering.md,/tests/
idaes/models_extra/power_generation/unit_models/soc_submodels/tests/data_cache/case_2_thin.csv,asset,test,,3109,32,32_repository_engineering.md,/tests/
idaes/models_extra/power_generation/unit_models/soc_submodels/tests/data_cache/case_3.csv,asset,test,,3105,32,32_repository_engineering.md,/tests/
idaes/models_extra/power_generation/unit_models/soc_submodels/tests/data_cache/case_3_heat_loss.csv,asset,test,,3088,32,32_repository_engineering.md,/tests/
idaes/models_extra/power_generation/unit_models/soc_submodels/tests/data_cache/case_3_interconnect.csv,asset,test,,3095,32,32_repository_engineering.md,/tests/
idaes/models_extra/power_generation/unit_models/soc_submodels/tests/data_cache/case_3_thin.csv,asset,test,,3084,32,32_repository_engineering.md,/tests/
idaes/models_extra/power_generation/unit_models/soc_submodels/tests/data_cache/case_4.csv,asset,test,,3097,32,32_repository_engineering.md,/tests/
idaes/models_extra/power_generation/unit_models/soc_submodels/tests/data_cache/case_4_heat_loss.csv,asset,test,,3097,32,32_repository_engineering.md,/tests/
idaes/models_extra/power_generation/unit_models/soc_submodels/tests/data_cache/case_4_interconnect.csv,asset,test,,3094,32,32_repository_engineering.md,/tests/
idaes/models_extra/power_generation/unit_models/soc_submodels/tests/data_cache/case_4_thin.csv,asset,test,,3093,32,32_repository_engineering.md,/tests/
idaes/models_extra/power_generation/unit_models/soc_submodels/tests/data_cache/case_5.csv,asset,test,,3101,32,32_repository_engineering.md,/tests/
idaes/models_extra/power_generation/unit_models/soc_submodels/tests/data_cache/case_5_heat_loss.csv,asset,test,,3091,32,32_repository_engineering.md,/tests/
idaes/models_extra/power_generation/unit_models/soc_submodels/tests/data_cache/case_5_interconnect.csv,asset,test,,3093,32,32_repository_engineering.md,/tests/
idaes/models_extra/power_generation/unit_models/soc_submodels/tests/data_cache/case_5_thin.csv,asset,test,,3109,32,32_repository_engineering.md,/tests/
idaes/models_extra/power_generation/unit_models/soc_submodels/tests/data_cache/herring-et-al-data.csv,asset,test,,155,32,32_repository_engineering.md,/tests/
idaes/models_extra/power_generation/unit_models/soc_submodels/tests/data_cache/sweep_5_kazempoor_replication.csv,asset,test,,1483,32,32_repository_engineering.md,/tests/
idaes/models_extra/power_generation/unit_models/soc_submodels/tests/test_channel.py,module,test,221,,32,32_repository_engineering.md,/tests/
idaes/models_extra/power_generation/unit_models/soc_submodels/tests/test_common.py,module,test,78,,32,32_repository_engineering.md,/tests/
idaes/models_extra/power_generation/unit_models/soc_submodels/tests/test_conductive_slab.py,module,test,222,,32,32_repository_engineering.md,/tests/
idaes/models_extra/power_generation/unit_models/soc_submodels/tests/test_contact_resistor.py,module,test,178,,32,32_repository_engineering.md,/tests/
idaes/models_extra/power_generation/unit_models/soc_submodels/tests/test_herring_replication.py,module,test,638,,32,32_repository_engineering.md,/tests/
idaes/models_extra/power_generation/unit_models/soc_submodels/tests/test_herring_replication_heat_loss.py,module,test,1101,,32,32_repository_engineering.md,/tests/
idaes/models_extra/power_generation/unit_models/soc_submodels/tests/test_herring_replication_interconnect.py,module,test,831,,32,32_repository_engineering.md,/tests/
idaes/models_extra/power_generation/unit_models/soc_submodels/tests/test_herring_replication_thin.py,module,test,650,,32,32_repository_engineering.md,/tests/
idaes/models_extra/power_generation/unit_models/soc_submodels/tests/test_porous_conductive_slab.py,module,test,286,,32,32_repository_engineering.md,/tests/
idaes/models_extra/power_generation/unit_models/soc_submodels/tests/test_solid_oxide_cell.py,module,test,1457,,32,32_repository_engineering.md,/tests/
idaes/models_extra/power_generation/unit_models/soc_submodels/tests/test_triple_phase_boundary.py,module,test,562,,32,32_repository_engineering.md,/tests/
idaes/models_extra/power_generation/unit_models/tests/__init__.py,module,test,0,,32,32_repository_engineering.md,/tests/
idaes/models_extra/power_generation/unit_models/tests/datadictionary.py,module,test,65,,32,32_repository_engineering.md,/tests/
idaes/models_extra/power_generation/unit_models/tests/test_boiler_heat_exchanger.py,module,test,240,,32,32_repository_engineering.md,/tests/
idaes/models_extra/power_generation/unit_models/tests/test_boilerfireside.py,module,test,269,,32,32_repository_engineering.md,/tests/
idaes/models_extra/power_generation/unit_models/tests/test_cpu.py,module,test,92,,32,32_repository_engineering.md,/tests/
idaes/models_extra/power_generation/unit_models/tests/test_cross_flow_heat_exchanger_1D.py,module,test,380,,32,32_repository_engineering.md,/tests/
idaes/models_extra/power_generation/unit_models/tests/test_downcomer.py,module,test,133,,32,32_repository_engineering.md,/tests/
idaes/models_extra/power_generation/unit_models/tests/test_drum.py,module,test,178,,32,32_repository_engineering.md,/tests/
idaes/models_extra/power_generation/unit_models/tests/test_drum1D.py,module,test,219,,32,32_repository_engineering.md,/tests/
idaes/models_extra/power_generation/unit_models/tests/test_feedwater_heater.py,module,test,83,,32,32_repository_engineering.md,/tests/
idaes/models_extra/power_generation/unit_models/tests/test_feedwater_heater_dynamic.py,module,test,139,,32,32_repository_engineering.md,/tests/
idaes/models_extra/power_generation/unit_models/tests/test_heat_exchanger2D.py,module,test,196,,32,32_repository_engineering.md,/tests/
idaes/models_extra/power_generation/unit_models/tests/test_heat_exchanger_3streams.py,module,test,172,,32,32_repository_engineering.md,/tests/
idaes/models_extra/power_generation/unit_models/tests/test_heater_1D.py,module,test,262,,32,32_repository_engineering.md,/tests/
idaes/models_extra/power_generation/unit_models/tests/test_soec_design.py,module,test,107,,32,32_repository_engineering.md,/tests/
idaes/models_extra/power_generation/unit_models/tests/test_steamheater.py,module,test,147,,32,32_repository_engineering.md,/tests/
idaes/models_extra/power_generation/unit_models/tests/test_waterpipe.py,module,test,315,,32,32_repository_engineering.md,/tests/
idaes/models_extra/power_generation/unit_models/tests/test_watertank.py,module,test,231,,32,32_repository_engineering.md,/tests/
idaes/models_extra/power_generation/unit_models/tests/test_waterwall.py,module,test,214,,32,32_repository_engineering.md,/tests/
idaes/models_extra/temperature_swing_adsorption/tests/test_fixed_bed_tsa0d.py,module,test,400,,32,32_repository_engineering.md,/tests/
idaes/models_extra/temperature_swing_adsorption/tests/test_fixed_bed_tsa0d_costing.py,module,test,234,,32,32_repository_engineering.md,/tests/
idaes/models_extra/temperature_swing_adsorption/tests/test_fixed_bed_tsa0d_ui.py,module,test,180,,32,32_repository_engineering.md,/tests/
idaes/tests/__init__.py,module,test,44,,32,32_repository_engineering.md,^idaes/tests/
idaes/tests/beta_mod.py,module,test,22,,32,32_repository_engineering.md,^idaes/tests/
idaes/tests/prescient/5bus/DAY_AHEAD_load.csv,asset,test,,231999,32,32_repository_engineering.md,^idaes/tests/
idaes/tests/prescient/5bus/DAY_AHEAD_renewables.csv,asset,test,,269139,32,32_repository_engineering.md,^idaes/tests/
idaes/tests/prescient/5bus/REAL_TIME_load.csv,asset,test,,2888100,32,32_repository_engineering.md,^idaes/tests/
idaes/tests/prescient/5bus/REAL_TIME_renewables.csv,asset,test,,3641364,32,32_repository_engineering.md,^idaes/tests/
idaes/tests/prescient/5bus/__init__.py,module,test,0,,32,32_repository_engineering.md,^idaes/tests/
idaes/tests/prescient/5bus/branch.csv,asset,test,,502,32,32_repository_engineering.md,^idaes/tests/
idaes/tests/prescient/5bus/bus.csv,asset,test,,304,32,32_repository_engineering.md,^idaes/tests/
idaes/tests/prescient/5bus/gen.csv,asset,test,,1202,32,32_repository_engineering.md,^idaes/tests/
idaes/tests/prescient/5bus/initial_status.csv,asset,test,,52,32,32_repository_engineering.md,^idaes/tests/
idaes/tests/prescient/5bus/reserves.csv,asset,test,,34,32,32_repository_engineering.md,^idaes/tests/
idaes/tests/prescient/5bus/simulation_objects.csv,asset,test,,538,32,32_repository_engineering.md,^idaes/tests/
idaes/tests/prescient/5bus/timeseries_pointers.csv,asset,test,,962,32,32_repository_engineering.md,^idaes/tests/
idaes/tests/prescient/__init__.py,module,test,12,,32,32_repository_engineering.md,^idaes/tests/
idaes/tests/prescient/test_prescient.py,module,test,102,,32,32_repository_engineering.md,^idaes/tests/
idaes/tests/test_beta.py,module,test,85,,32,32_repository_engineering.md,^idaes/tests/
idaes/tests/test_cbrt.py,module,test,56,,32,32_repository_engineering.md,^idaes/tests/
idaes/tests/test_clone_model.py,module,test,92,,32,32_repository_engineering.md,^idaes/tests/
idaes/tests/test_config.py,module,test,107,,32,32_repository_engineering.md,^idaes/tests/
idaes/tests/test_docs.py,module,test,152,,32,32_repository_engineering.md,^idaes/tests/
idaes/tests/test_headers.py,module,test,75,,32,32_repository_engineering.md,^idaes/tests/
idaes/tests/test_import.py,module,test,88,,32,32_repository_engineering.md,^idaes/tests/
idaes/tests/test_logger.py,module,test,148,,32,32_repository_engineering.md,^idaes/tests/
idaes/tests/test_tests.py,module,test,29,,32,32_repository_engineering.md,^idaes/tests/
