file,package,loc,role,n_classes,n_functions,has_docstring,parse_error
idaes/__init__.py,idaes,222,source,2,8,True,False
idaes/apps/__init__.py,idaes/apps,0,source,0,0,False,False
idaes/apps/caprese/categorize.py,idaes/apps/caprese,447,source,0,6,True,False
idaes/apps/caprese/common/config.py,idaes/apps/caprese/common,132,source,9,4,True,False
idaes/apps/caprese/controller.py,idaes/apps/caprese,338,source,4,1,True,False
idaes/apps/caprese/dynamic_block.py,idaes/apps/caprese,927,source,5,0,True,False
idaes/apps/caprese/examples/cstr_model.py,idaes/apps/caprese/examples,162,source,0,1,True,False
idaes/apps/caprese/examples/cstr_nmpc.py,idaes/apps/caprese/examples,244,source,1,1,True,False
idaes/apps/caprese/examples/cstr_reduced.py,idaes/apps/caprese/examples,415,source,1,1,True,False
idaes/apps/caprese/nmpc.py,idaes/apps/caprese,108,source,1,0,True,False
idaes/apps/caprese/nmpc_var.py,idaes/apps/caprese,145,source,8,0,True,False
idaes/apps/caprese/rolling.py,idaes/apps/caprese,288,source,2,0,True,False
idaes/apps/caprese/tests/test_categorize.py,idaes/apps/caprese/tests,441,test,0,5,True,False
idaes/apps/caprese/tests/test_categorize_cstr.py,idaes/apps/caprese/tests,565,test,0,5,True,False
idaes/apps/caprese/tests/test_controller.py,idaes/apps/caprese/tests,316,test,1,0,True,False
idaes/apps/caprese/tests/test_dynamic_block.py,idaes/apps/caprese/tests,1227,test,1,0,True,False
idaes/apps/caprese/tests/test_nmpc_var.py,idaes/apps/caprese/tests,144,test,0,3,True,False
idaes/apps/caprese/tests/test_rolling.py,idaes/apps/caprese/tests,389,test,2,1,True,False
idaes/apps/caprese/tests/test_simple_model.py,idaes/apps/caprese/tests,130,test,0,5,False,False
idaes/apps/caprese/tests/test_util.py,idaes/apps/caprese/tests,477,test,0,8,True,False
idaes/apps/caprese/util.py,idaes/apps/caprese,379,source,2,7,True,False
idaes/apps/grid_integration/__init__.py,idaes/apps/grid_integration,23,source,0,0,False,False
idaes/apps/grid_integration/bidder.py,idaes/apps/grid_integration,1704,source,6,0,False,False
idaes/apps/grid_integration/coordinator.py,idaes/apps/grid_integration,834,source,2,0,False,False
idaes/apps/grid_integration/examples/__init__.py,idaes/apps/grid_integration/examples,0,source,0,0,False,False
idaes/apps/grid_integration/examples/thermal_generator.py,idaes/apps/grid_integration/examples,800,source,1,0,False,False
idaes/apps/grid_integration/examples/thermal_generator_prescient_plugin.py,idaes/apps/grid_integration/examples,101,source,0,0,False,False
idaes/apps/grid_integration/examples/utils.py,idaes/apps/grid_integration/examples,133,source,0,0,False,False
idaes/apps/grid_integration/forecaster.py,idaes/apps/grid_integration,794,source,6,0,False,False
idaes/apps/grid_integration/model_data.py,idaes/apps/grid_integration,414,source,7,0,False,False
idaes/apps/grid_integration/multiperiod/__init__.py,idaes/apps/grid_integration/multiperiod,0,source,0,0,False,False
idaes/apps/grid_integration/multiperiod/multiperiod.py,idaes/apps/grid_integration/multiperiod,683,source,1,0,False,False
idaes/apps/grid_integration/multiperiod/tests/__init__.py,idaes/apps/grid_integration/multiperiod/tests,0,test,0,0,False,False
idaes/apps/grid_integration/multiperiod/tests/test_multiperiod.py,idaes/apps/grid_integration/multiperiod/tests,596,test,0,29,True,False
idaes/apps/grid_integration/pricetaker/__init__.py,idaes/apps/grid_integration/pricetaker,0,source,0,0,False,False
idaes/apps/grid_integration/pricetaker/clustering.py,idaes/apps/grid_integration/pricetaker,335,source,0,5,True,False
idaes/apps/grid_integration/pricetaker/design_and_operation_models.py,idaes/apps/grid_integration/pricetaker,687,source,3,5,False,False
idaes/apps/grid_integration/pricetaker/price_taker_model.py,idaes/apps/grid_integration/pricetaker,1369,source,1,0,False,False
idaes/apps/grid_integration/pricetaker/tests/__init__.py,idaes/apps/grid_integration/pricetaker/tests,0,test,0,0,False,False
idaes/apps/grid_integration/pricetaker/tests/test_clustering.py,idaes/apps/grid_integration/pricetaker/tests,285,test,0,14,False,False
idaes/apps/grid_integration/pricetaker/tests/test_design_and_operation_models.py,idaes/apps/grid_integration/pricetaker/tests,547,test,0,16,False,False
idaes/apps/grid_integration/pricetaker/tests/test_price_taker_model.py,idaes/apps/grid_integration/pricetaker/tests,1474,test,0,47,False,False
idaes/apps/grid_integration/pricetaker/tests/test_unit_commitment.py,idaes/apps/grid_integration/pricetaker/tests,569,test,0,9,False,False
idaes/apps/grid_integration/pricetaker/unit_commitment.py,idaes/apps/grid_integration/pricetaker,301,source,1,3,True,False
idaes/apps/grid_integration/tests/__init__.py,idaes/apps/grid_integration/tests,0,test,0,0,False,False
idaes/apps/grid_integration/tests/self_scheduler_integration_test_plugin.py,idaes/apps/grid_integration/tests,33,test,0,0,False,False
idaes/apps/grid_integration/tests/test_PEM_Parameterized_bidder.py,idaes/apps/grid_integration/tests,203,test,0,5,False,False
idaes/apps/grid_integration/tests/test_backcaster.py,idaes/apps/grid_integration/tests,327,test,4,19,False,False
idaes/apps/grid_integration/tests/test_bidder.py,idaes/apps/grid_integration/tests,361,test,1,9,False,False
idaes/apps/grid_integration/tests/test_coordinator.py,idaes/apps/grid_integration/tests,156,test,0,3,False,False
idaes/apps/grid_integration/tests/test_integration.py,idaes/apps/grid_integration/tests,209,test,1,0,False,False
idaes/apps/grid_integration/tests/test_model_data.py,idaes/apps/grid_integration/tests,293,test,0,20,False,False
idaes/apps/grid_integration/tests/test_perfectforecaster.py,idaes/apps/grid_integration/tests,159,test,0,9,False,False
idaes/apps/grid_integration/tests/test_tracker.py,idaes/apps/grid_integration/tests,193,test,1,7,False,False
idaes/apps/grid_integration/tests/util.py,idaes/apps/grid_integration/tests,423,test,2,4,False,False
idaes/apps/grid_integration/tracker.py,idaes/apps/grid_integration,451,source,1,0,False,False
idaes/apps/grid_integration/utils.py,idaes/apps/grid_integration,44,source,0,1,False,False
idaes/apps/matopt/__init__.py,idaes/apps/matopt,19,source,0,0,False,False
idaes/apps/matopt/materials/__init__.py,idaes/apps/matopt/materials,21,source,0,0,False,False
idaes/apps/matopt/materials/atom.py,idaes/apps/matopt/materials,425,source,1,0,False,False
idaes/apps/matopt/materials/bblock.py,idaes/apps/matopt/materials,26,source,1,0,False,False
idaes/apps/matopt/materials/canvas.py,idaes/apps/matopt/materials,641,source,1,0,False,False
idaes/apps/matopt/materials/design.py,idaes/apps/matopt/materials,424,source,1,3,False,False
idaes/apps/matopt/materials/geometry.py,idaes/apps/matopt/materials,926,source,9,0,False,False
idaes/apps/matopt/materials/lattices/__init__.py,idaes/apps/matopt/materials/lattices,17,source,0,0,False,False
idaes/apps/matopt/materials/lattices/cubic_lattice.py,idaes/apps/matopt/materials/lattices,99,source,1,0,False,False
idaes/apps/matopt/materials/lattices/diamond_lattice.py,idaes/apps/matopt/materials/lattices,285,source,1,0,False,False
idaes/apps/matopt/materials/lattices/fcc_lattice.py,idaes/apps/matopt/materials/lattices,129,source,1,0,False,False
idaes/apps/matopt/materials/lattices/lattice.py,idaes/apps/matopt/materials/lattices,107,source,1,0,False,False
idaes/apps/matopt/materials/lattices/perovskite_lattice.py,idaes/apps/matopt/materials/lattices,312,source,1,1,False,False
idaes/apps/matopt/materials/lattices/unit_cell_lattice.py,idaes/apps/matopt/materials/lattices,132,source,2,0,False,False
idaes/apps/matopt/materials/lattices/wurtzite_lattice.py,idaes/apps/matopt/materials/lattices,221,source,1,0,False,False
idaes/apps/matopt/materials/motifs.py,idaes/apps/matopt/materials,111,source,0,3,False,False
idaes/apps/matopt/materials/parsers/CFG.py,idaes/apps/matopt/materials/parsers,147,source,0,2,False,False
idaes/apps/matopt/materials/parsers/PDB.py,idaes/apps/matopt/materials/parsers,61,source,0,5,False,False
idaes/apps/matopt/materials/parsers/POSCAR.py,idaes/apps/matopt/materials/parsers,106,source,0,2,False,False
idaes/apps/matopt/materials/parsers/XYZ.py,idaes/apps/matopt/materials/parsers,60,source,0,4,False,False
idaes/apps/matopt/materials/parsers/__init__.py,idaes/apps/matopt/materials/parsers,28,source,0,0,True,False
idaes/apps/matopt/materials/tiling.py,idaes/apps/matopt/materials,523,source,4,0,False,False
idaes/apps/matopt/materials/transform_func.py,idaes/apps/matopt/materials,449,source,6,0,False,False
idaes/apps/matopt/opt/__init__.py,idaes/apps/matopt/opt,14,source,0,0,False,False
idaes/apps/matopt/opt/mat_modeling.py,idaes/apps/matopt/opt,3100,source,29,0,False,False
idaes/apps/matopt/opt/pyomo_modeling.py,idaes/apps/matopt/opt,1673,source,0,61,False,False
idaes/apps/matopt/tests/test_matopt_expression_bounds.py,idaes/apps/matopt/tests,34,test,0,2,False,False
idaes/apps/matopt/tests/test_matopt_objects_construction.py,idaes/apps/matopt/tests,393,test,0,46,False,False
idaes/apps/matopt/tests/test_matopt_objects_functionality.py,idaes/apps/matopt/tests,141,test,0,4,False,False
idaes/apps/matopt/tests/test_matopt_smoke.py,idaes/apps/matopt/tests,18,test,0,1,False,False
idaes/apps/matopt/util/__init__.py,idaes/apps/matopt/util,12,source,0,0,False,False
idaes/apps/matopt/util/util.py,idaes/apps/matopt/util,99,source,0,5,False,False
idaes/apps/nmpc/__init__.py,idaes/apps/nmpc,13,source,0,0,False,False
idaes/apps/nmpc/cost_expressions.py,idaes/apps/nmpc,78,source,0,1,False,False
idaes/apps/nmpc/dynamic_data/__init__.py,idaes/apps/nmpc/dynamic_data,17,source,0,0,False,False
idaes/apps/nmpc/dynamic_data/interval_data.py,idaes/apps/nmpc/dynamic_data,134,source,0,3,False,False
idaes/apps/nmpc/dynamic_data/tests/__init__.py,idaes/apps/nmpc/dynamic_data/tests,0,test,0,0,False,False
idaes/apps/nmpc/dynamic_data/tests/test_interval_data.py,idaes/apps/nmpc/dynamic_data/tests,161,test,3,0,False,False
idaes/apps/nmpc/tests/__init__.py,idaes/apps/nmpc/tests,0,test,0,0,False,False
idaes/apps/nmpc/tests/test_cost_expressions.py,idaes/apps/nmpc/tests,119,test,1,0,False,False
idaes/apps/uncertainty_propagation/examples/NRTL_model_scripts.py,idaes/apps/uncertainty_propagation/examples,216,source,0,3,True,False
idaes/apps/uncertainty_propagation/examples/rooney_biegler.py,idaes/apps/uncertainty_propagation/examples,68,source,0,2,True,False
idaes/apps/uncertainty_propagation/examples/simple_opt_problem.py,idaes/apps/uncertainty_propagation/examples,298,source,0,0,True,False
idaes/apps/uncertainty_propagation/examples/uncertainty_propagation_NRTL.py,idaes/apps/uncertainty_propagation/examples,46,source,0,1,False,False
idaes/apps/uncertainty_propagation/examples/uncertainty_propagation_rooney.py,idaes/apps/uncertainty_propagation/examples,41,source,0,1,False,False
idaes/apps/uncertainty_propagation/sens.py,idaes/apps/uncertainty_propagation,784,source,2,6,False,False
idaes/apps/uncertainty_propagation/tests/test_uncertainties.py,idaes/apps/uncertainty_propagation/tests,672,test,1,0,False,False
idaes/apps/uncertainty_propagation/uncertainties.py,idaes/apps/uncertainty_propagation,452,source,0,3,False,False
idaes/beta.py,idaes,89,source,0,3,False,False
idaes/commands/__init__.py,idaes/commands,48,source,0,0,False,False
idaes/commands/base.py,idaes/commands,122,source,0,5,True,False
idaes/commands/config.py,idaes/commands,61,source,0,4,True,False
idaes/commands/convergence.py,idaes/commands,146,source,0,3,True,False
idaes/commands/data_directory.py,idaes/commands,52,source,0,2,True,False
idaes/commands/env_info.py,idaes/commands,41,source,0,1,True,False
idaes/commands/examples.py,idaes/commands,49,source,0,1,True,False
idaes/commands/extensions.py,idaes/commands,284,source,0,10,True,False
idaes/commands/run_flowsheet.py,idaes/commands,20,source,0,0,True,False
idaes/commands/tests/__init__.py,idaes/commands/tests,36,test,0,2,False,False
idaes/commands/tests/test_commands.py,idaes/commands/tests,189,test,1,16,True,False
idaes/commands/util/__init__.py,idaes/commands/util,0,source,0,0,False,False
idaes/commands/util/download_bin.py,idaes/commands/util,410,source,1,16,False,False
idaes/commands/util/tests/__init__.py,idaes/commands/util/tests,0,test,0,0,False,False
idaes/commands/util/tests/test_download_bin.py,idaes/commands/util/tests,317,test,0,19,False,False
idaes/config.py,idaes,763,source,3,9,False,False
idaes/conftest.py,idaes,377,test,4,10,False,False
idaes/core/__init__.py,idaes/core,54,source,0,0,False,False
idaes/core/base/__init__.py,idaes/core/base,0,source,0,0,False,False
idaes/core/base/components.py,idaes/core/base,593,source,7,0,True,False
idaes/core/base/control_volume0d.py,idaes/core/base,2188,source,2,0,True,False
idaes/core/base/control_volume1d.py,idaes/core/base,2873,source,3,0,True,False
idaes/core/base/control_volume_base.py,idaes/core/base,1688,source,6,0,True,False
idaes/core/base/costing_base.py,idaes/core/base,715,source,3,3,True,False
idaes/core/base/extended_control_volume0d.py,idaes/core/base,112,source,1,0,True,False
idaes/core/base/extended_control_volume1d.py,idaes/core/base,121,source,1,0,True,False
idaes/core/base/flowsheet_model.py,idaes/core/base,379,source,2,0,True,False
idaes/core/base/phases.py,idaes/core/base,232,source,6,0,True,False
idaes/core/base/process_base.py,idaes/core/base,660,source,2,0,True,False
idaes/core/base/process_block.py,idaes/core/base,229,source,3,4,True,False
idaes/core/base/property_base.py,idaes/core/base,860,source,4,0,True,False
idaes/core/base/property_meta.py,idaes/core/base,602,source,3,0,True,False
idaes/core/base/property_set.py,idaes/core/base,1051,source,5,0,True,False
idaes/core/base/reaction_base.py,idaes/core/base,434,source,4,0,True,False
idaes/core/base/tests/__init__.py,idaes/core/base/tests,0,test,0,0,False,False
idaes/core/base/tests/test_components.py,idaes/core/base/tests,915,test,7,0,True,False
idaes/core/base/tests/test_control_volume_0d.py,idaes/core/base/tests,2700,test,2,113,True,False
idaes/core/base/tests/test_control_volume_0d_legacy_scaling.py,idaes/core/base/tests,285,test,0,6,True,False
idaes/core/base/tests/test_control_volume_0d_scaler_object.py,idaes/core/base/tests,376,test,0,5,True,False
idaes/core/base/tests/test_control_volume_1d.py,idaes/core/base/tests,3912,test,2,139,True,False
idaes/core/base/tests/test_control_volume_1d_legacy_scaling.py,idaes/core/base/tests,333,test,0,6,True,False
idaes/core/base/tests/test_control_volume_1d_scaler_object.py,idaes/core/base/tests,910,test,0,11,True,False
idaes/core/base/tests/test_control_volume_base.py,idaes/core/base/tests,845,test,5,41,True,False
idaes/core/base/tests/test_costing_base.py,idaes/core/base/tests,725,test,8,4,True,False
idaes/core/base/tests/test_extended_control_volume_0d.py,idaes/core/base/tests,169,test,1,7,True,False
idaes/core/base/tests/test_extended_control_volume_1d.py,idaes/core/base/tests,242,test,1,7,True,False
idaes/core/base/tests/test_flowsheet_model.py,idaes/core/base/tests,483,test,6,1,True,False
idaes/core/base/tests/test_phases.py,idaes/core/base/tests,176,test,0,12,True,False
idaes/core/base/tests/test_process_base.py,idaes/core/base/tests,253,test,1,11,True,False
idaes/core/base/tests/test_process_block.py,idaes/core/base/tests,143,test,2,0,True,False
idaes/core/base/tests/test_property_base.py,idaes/core/base/tests,764,test,7,31,True,False
idaes/core/base/tests/test_property_meta.py,idaes/core/base/tests,346,test,0,19,True,False
idaes/core/base/tests/test_property_set.py,idaes/core/base/tests,726,test,8,0,False,False
idaes/core/base/tests/test_reaction_base.py,idaes/core/base/tests,555,test,13,24,True,False
idaes/core/base/tests/test_unit_model.py,idaes/core/base/tests,904,test,2,36,True,False
idaes/core/base/tests/test_var_like_expression.py,idaes/core/base/tests,177,test,0,2,True,False
idaes/core/base/unit_model.py,idaes/core/base,653,source,1,0,True,False
idaes/core/base/util.py,idaes/core/base,237,source,0,1,False,False
idaes/core/base/var_like_expression.py,idaes/core/base,213,source,5,0,True,False
idaes/core/datasets.py,idaes/core,36,source,0,0,True,False
idaes/core/dmf/__init__.py,idaes/core/dmf,31,source,0,0,True,False
idaes/core/initialization/__init__.py,idaes/core/initialization,23,source,0,0,False,False
idaes/core/initialization/block_triangularization.py,idaes/core/initialization,210,source,1,0,True,False
idaes/core/initialization/general_hierarchical.py,idaes/core/initialization,224,source,1,0,True,False
idaes/core/initialization/initialize_from_data.py,idaes/core/initialization,34,source,1,0,True,False
idaes/core/initialization/initializer_base.py,idaes/core/initialization,837,source,3,0,True,False
idaes/core/initialization/tests/__init__.py,idaes/core/initialization/tests,12,test,0,0,False,False
idaes/core/initialization/tests/test_block_triangularization.py,idaes/core/initialization/tests,143,test,1,0,True,False
idaes/core/initialization/tests/test_general_hierarchical.py,idaes/core/initialization/tests,418,test,1,11,True,False
idaes/core/initialization/tests/test_initialize_from_data.py,idaes/core/initialization/tests,78,test,1,0,True,False
idaes/core/initialization/tests/test_initializer_base.py,idaes/core/initialization/tests,950,test,3,0,True,False
idaes/core/io/tests/__init__.py,idaes/core/io/tests,0,test,0,0,False,False
idaes/core/plugins/__init__.py,idaes/core/plugins,17,source,0,0,False,False
idaes/core/plugins/simple_equality_eliminator.py,idaes/core/plugins,203,source,1,0,True,False
idaes/core/plugins/tests/test_eq_elim.py,idaes/core/plugins/tests,215,test,0,7,True,False
idaes/core/plugins/tests/test_replace_vars.py,idaes/core/plugins/tests,227,test,0,11,True,False
idaes/core/plugins/variable_replace.py,idaes/core/plugins,120,source,1,1,True,False
idaes/core/scaling/__init__.py,idaes/core/scaling,30,source,0,0,False,False
idaes/core/scaling/arc_constraint_scaler.py,idaes/core/scaling,106,source,1,0,True,False
idaes/core/scaling/autoscaling.py,idaes/core/scaling,232,source,1,0,True,False
idaes/core/scaling/custom_scaler_base.py,idaes/core/scaling,1051,source,3,0,True,False
idaes/core/scaling/nominal_value_tools.py,idaes/core/scaling,353,source,1,1,True,False
idaes/core/scaling/scaler_profiling.py,idaes/core/scaling,380,source,1,0,True,False
idaes/core/scaling/scaling_base.py,idaes/core/scaling,347,source,1,0,True,False
idaes/core/scaling/tests/__init__.py,idaes/core/scaling/tests,0,test,0,0,False,False
idaes/core/scaling/tests/test_arc_constraint_scaler.py,idaes/core/scaling/tests,239,test,1,0,True,False
idaes/core/scaling/tests/test_autoscaling.py,idaes/core/scaling/tests,403,test,3,1,True,False
idaes/core/scaling/tests/test_custom_scaler_base.py,idaes/core/scaling/tests,1832,test,8,1,True,False
idaes/core/scaling/tests/test_custom_scaling_integration.py,idaes/core/scaling/tests,415,test,0,14,True,False
idaes/core/scaling/tests/test_nominal_value_walker.py,idaes/core/scaling/tests,833,test,1,0,True,False
idaes/core/scaling/tests/test_scaling_base.py,idaes/core/scaling/tests,416,test,1,1,True,False
idaes/core/scaling/tests/test_scaling_profiler.py,idaes/core/scaling/tests,607,test,1,9,True,False
idaes/core/scaling/tests/test_util.py,idaes/core/scaling/tests,2785,test,8,10,True,False
idaes/core/scaling/util.py,idaes/core/scaling,1075,source,0,24,True,False
idaes/core/solvers/__init__.py,idaes/core/solvers,18,source,0,0,False,False
idaes/core/solvers/config.py,idaes/core/solvers,102,source,1,1,True,False
idaes/core/solvers/features.py,idaes/core/solvers,239,source,0,7,False,False
idaes/core/solvers/get_solver.py,idaes/core/solvers,67,source,0,1,True,False
idaes/core/solvers/homotopy.py,idaes/core/solvers,318,source,0,1,True,False
idaes/core/solvers/ipopt_l1.py,idaes/core/solvers,37,source,1,0,False,False
idaes/core/solvers/petsc.py,idaes/core/solvers,1024,source,7,9,False,False
idaes/core/solvers/tests/__init__.py,idaes/core/solvers/tests,0,test,0,0,False,False
idaes/core/solvers/tests/test_have_pynumero.py,idaes/core/solvers/tests,59,test,0,3,True,False
idaes/core/solvers/tests/test_homotopy.py,idaes/core/solvers/tests,448,test,0,32,True,False
idaes/core/solvers/tests/test_petsc.py,idaes/core/solvers/tests,1272,test,0,33,True,False
idaes/core/solvers/tests/test_petsc_pid.py,idaes/core/solvers/tests,283,test,0,3,True,False
idaes/core/solvers/tests/test_solver_config.py,idaes/core/solvers/tests,66,test,0,3,False,False
idaes/core/solvers/tests/test_solvers.py,idaes/core/solvers/tests,339,test,1,25,False,False
idaes/core/surrogate/__init__.py,idaes/core/surrogate,16,source,0,0,False,False
idaes/core/surrogate/alamopy.py,idaes/core/surrogate,1346,source,4,0,True,False
idaes/core/surrogate/base/__init__.py,idaes/core/surrogate/base,0,source,0,0,False,False
idaes/core/surrogate/base/surrogate_base.py,idaes/core/surrogate/base,398,source,2,0,True,False
idaes/core/surrogate/base/tests/__init__.py,idaes/core/surrogate/base/tests,0,test,0,0,False,False
idaes/core/surrogate/base/tests/test_surrogate_base.py,idaes/core/surrogate/base/tests,297,test,2,0,True,False
idaes/core/surrogate/keras_surrogate.py,idaes/core/surrogate,240,source,1,2,True,False
idaes/core/surrogate/metrics.py,idaes/core/surrogate,62,source,0,1,False,False
idaes/core/surrogate/omlt_base_surrogate_class.py,idaes/core/surrogate,189,source,2,0,True,False
idaes/core/surrogate/onnx_surrogate.py,idaes/core/surrogate,249,source,2,0,True,False
idaes/core/surrogate/plotting/__init__.py,idaes/core/surrogate/plotting,0,source,0,0,False,False
idaes/core/surrogate/plotting/sm_plotter.py,idaes/core/surrogate/plotting,350,source,0,8,True,False
idaes/core/surrogate/plotting/tests/__init__.py,idaes/core/surrogate/plotting/tests,0,test,0,0,False,False
idaes/core/surrogate/plotting/tests/test_alamo_plotting.py,idaes/core/surrogate/plotting/tests,215,test,0,10,True,False
idaes/core/surrogate/pysmo/__init__.py,idaes/core/surrogate/pysmo,0,source,0,0,False,False
idaes/core/surrogate/pysmo/kriging.py,idaes/core/surrogate/pysmo,835,source,2,0,False,False
idaes/core/surrogate/pysmo/polynomial_regression.py,idaes/core/surrogate/pysmo,1865,source,2,0,False,False
idaes/core/surrogate/pysmo/radial_basis_function.py,idaes/core/surrogate/pysmo,1381,source,2,0,False,False
idaes/core/surrogate/pysmo/sampling.py,idaes/core/surrogate/pysmo,1826,source,8,0,False,False
idaes/core/surrogate/pysmo/tests/__init__.py,idaes/core/surrogate/pysmo/tests,0,test,0,0,False,False
idaes/core/surrogate/pysmo/tests/test_kriging.py,idaes/core/surrogate/pysmo/tests,553,test,1,0,False,False
idaes/core/surrogate/pysmo/tests/test_polynomial_regression.py,idaes/core/surrogate/pysmo/tests,2226,test,2,0,False,False
idaes/core/surrogate/pysmo/tests/test_radial_basis_function.py,idaes/core/surrogate/pysmo/tests,2270,test,2,0,False,False
idaes/core/surrogate/pysmo/tests/test_sampling.py,idaes/core/surrogate/pysmo/tests,3607,test,8,0,False,False
idaes/core/surrogate/pysmo/tests/test_sampling_modified.py,idaes/core/surrogate/pysmo/tests,2546,test,6,0,False,False
idaes/core/surrogate/pysmo/tests/test_utils.py,idaes/core/surrogate/pysmo/tests,94,test,1,0,False,False
idaes/core/surrogate/pysmo/utils.py,idaes/core/surrogate/pysmo,100,source,1,0,False,False
idaes/core/surrogate/pysmo_surrogate.py,idaes/core/surrogate,884,source,10,3,False,False
idaes/core/surrogate/sampling/__init__.py,idaes/core/surrogate/sampling,20,source,0,0,False,False
idaes/core/surrogate/sampling/data_utils.py,idaes/core/surrogate/sampling,98,source,0,3,False,False
idaes/core/surrogate/sampling/scaling.py,idaes/core/surrogate/sampling,168,source,1,0,False,False
idaes/core/surrogate/sampling/tests/__init__.py,idaes/core/surrogate/sampling/tests,0,test,0,0,False,False
idaes/core/surrogate/sampling/tests/test_data_utils.py,idaes/core/surrogate/sampling/tests,94,test,1,0,True,False
idaes/core/surrogate/sampling/tests/test_scaling.py,idaes/core/surrogate/sampling/tests,121,test,1,0,True,False
idaes/core/surrogate/surrogate_block.py,idaes/core/surrogate,248,source,1,2,False,False
idaes/core/surrogate/tests/__init__.py,idaes/core/surrogate/tests,0,test,0,0,False,False
idaes/core/surrogate/tests/data/create_keras_models.py,idaes/core/surrogate/tests/data,209,test,0,1,True,False
idaes/core/surrogate/tests/test_alamopy.py,idaes/core/surrogate/tests,1752,test,4,0,True,False
idaes/core/surrogate/tests/test_keras_surrogate.py,idaes/core/surrogate/tests,733,test,0,9,True,False
idaes/core/surrogate/tests/test_metrics.py,idaes/core/surrogate/tests,72,test,0,2,True,False
idaes/core/surrogate/tests/test_onnx_surrogate.py,idaes/core/surrogate/tests,291,test,0,6,True,False
idaes/core/surrogate/tests/test_pysmo_surrogate.py,idaes/core/surrogate/tests,3341,test,9,0,True,False
idaes/core/surrogate/tests/test_surrogate_block.py,idaes/core/surrogate/tests,496,test,1,25,True,False
idaes/core/tests/__init__.py,idaes/core/tests,0,test,0,0,False,False
idaes/core/util/__init__.py,idaes/core/util,18,source,0,0,False,False
idaes/core/util/config.py,idaes/core/util,207,source,0,9,True,False
idaes/core/util/constants.py,idaes/core/util,78,source,1,0,True,False
idaes/core/util/convergence/__init__.py,idaes/core/util/convergence,12,source,0,0,False,False
idaes/core/util/convergence/convergence_base.py,idaes/core/util/convergence,1074,source,3,15,True,False
idaes/core/util/convergence/mpi_utils.py,idaes/core/util/convergence,167,source,2,0,True,False
idaes/core/util/convergence/tests/__init__.py,idaes/core/util/convergence/tests,12,test,0,0,False,False
idaes/core/util/convergence/tests/conv_eval_classes.py,idaes/core/util/convergence/tests,97,test,3,0,True,False
idaes/core/util/convergence/tests/test_convergence.py,idaes/core/util/convergence/tests,621,test,0,11,True,False
idaes/core/util/diagnostics_tools/__init__.py,idaes/core/util/diagnostics_tools,50,source,0,0,True,False
idaes/core/util/diagnostics_tools/bounds.py,idaes/core/util/diagnostics_tools,141,source,0,3,True,False
idaes/core/util/diagnostics_tools/constraint_term_analysis.py,idaes/core/util/diagnostics_tools,491,source,1,0,True,False
idaes/core/util/diagnostics_tools/convergence_analysis.py,idaes/core/util/diagnostics_tools,505,source,1,1,True,False
idaes/core/util/diagnostics_tools/degeneracy_hunter.py,idaes/core/util/diagnostics_tools,485,source,1,0,True,False
idaes/core/util/diagnostics_tools/deprecated/__init__.py,idaes/core/util/diagnostics_tools/deprecated,0,source,0,0,False,False
idaes/core/util/diagnostics_tools/deprecated/degeneracy_hunter_legacy.py,idaes/core/util/diagnostics_tools/deprecated,732,source,1,0,True,False
idaes/core/util/diagnostics_tools/deprecated/tests/__init__.py,idaes/core/util/diagnostics_tools/deprecated/tests,0,test,0,0,False,False
idaes/core/util/diagnostics_tools/deprecated/tests/test_degeneracy_hunter_legacy.py,idaes/core/util/diagnostics_tools/deprecated/tests,449,test,0,17,True,False
idaes/core/util/diagnostics_tools/diagnostics_toolbox.py,idaes/core/util/diagnostics_tools,1814,source,1,0,True,False
idaes/core/util/diagnostics_tools/evaluation_error.py,idaes/core/util/diagnostics_tools,213,source,1,9,True,False
idaes/core/util/diagnostics_tools/ill_conditioning.py,idaes/core/util/diagnostics_tools,182,source,0,1,True,False
idaes/core/util/diagnostics_tools/ipopt_halt_on_error.py,idaes/core/util/diagnostics_tools,49,source,0,1,True,False
idaes/core/util/diagnostics_tools/svd_toolbox.py,idaes/core/util/diagnostics_tools,444,source,1,3,True,False
idaes/core/util/diagnostics_tools/tests/__init__.py,idaes/core/util/diagnostics_tools/tests,0,test,0,0,False,False
idaes/core/util/diagnostics_tools/tests/test_bounds.py,idaes/core/util/diagnostics_tools/tests,259,test,0,10,True,False
idaes/core/util/diagnostics_tools/tests/test_constraint_term_analysis.py,idaes/core/util/diagnostics_tools/tests,1110,test,1,0,True,False
idaes/core/util/diagnostics_tools/tests/test_convergence_analysis.py,idaes/core/util/diagnostics_tools/tests,751,test,1,0,True,False
idaes/core/util/diagnostics_tools/tests/test_degeneracy_hunter.py,idaes/core/util/diagnostics_tools/tests,306,test,1,1,True,False
idaes/core/util/diagnostics_tools/tests/test_diagnostics_toolbox.py,idaes/core/util/diagnostics_tools/tests,1533,test,1,0,True,False
idaes/core/util/diagnostics_tools/tests/test_diagnostics_toolbox_with_none_values.py,idaes/core/util/diagnostics_tools/tests,156,test,1,0,True,False
idaes/core/util/diagnostics_tools/tests/test_evaluation_error.py,idaes/core/util/diagnostics_tools/tests,648,test,10,2,True,False
idaes/core/util/diagnostics_tools/tests/test_evaluation_error_integration.py,idaes/core/util/diagnostics_tools/tests,333,test,1,0,True,False
idaes/core/util/diagnostics_tools/tests/test_ill_conditioning.py,idaes/core/util/diagnostics_tools/tests,212,test,1,0,True,False
idaes/core/util/diagnostics_tools/tests/test_infeasibility_explanation_integration.py,idaes/core/util/diagnostics_tools/tests,66,test,1,0,True,False
idaes/core/util/diagnostics_tools/tests/test_ipopt_halt_on_error.py,idaes/core/util/diagnostics_tools/tests,46,test,0,1,True,False
idaes/core/util/diagnostics_tools/tests/test_svd_toolbox.py,idaes/core/util/diagnostics_tools/tests,500,test,1,2,True,False
idaes/core/util/diagnostics_tools/tests/test_utils.py,idaes/core/util/diagnostics_tools/tests,550,test,2,7,True,False
idaes/core/util/diagnostics_tools/tests/test_writer_utils.py,idaes/core/util/diagnostics_tools/tests,340,test,1,3,True,False
idaes/core/util/diagnostics_tools/tests/utils.py,idaes/core/util/diagnostics_tools/tests,51,test,0,1,True,False
idaes/core/util/diagnostics_tools/utils.py,idaes/core/util/diagnostics_tools,357,source,0,10,True,False
idaes/core/util/diagnostics_tools/writer_utils.py,idaes/core/util/diagnostics_tools,168,source,0,2,True,False
idaes/core/util/doctesting.py,idaes/core/util,120,source,1,0,True,False
idaes/core/util/dyn_utils.py,idaes/core/util,872,source,0,15,True,False
idaes/core/util/env_info.py,idaes/core/util,149,source,1,0,False,False
idaes/core/util/exceptions.py,idaes/core/util,100,source,9,0,True,False
idaes/core/util/expr_doc.py,idaes/core/util,391,source,2,6,False,False
idaes/core/util/functions.py,idaes/core/util,27,source,0,2,False,False
idaes/core/util/initialization.py,idaes/core/util,537,source,0,5,True,False
idaes/core/util/math.py,idaes/core/util,206,source,0,8,True,False
idaes/core/util/misc.py,idaes/core/util,267,source,2,6,True,False
idaes/core/util/model_diagnostics.py,idaes/core/util,135,source,0,0,True,False
idaes/core/util/model_serializer.py,idaes/core/util,1027,source,2,19,True,False
idaes/core/util/model_statistics.py,idaes/core/util,1878,source,0,98,True,False
idaes/core/util/parameter_sweep.py,idaes/core/util,829,source,3,2,True,False
idaes/core/util/performance.py,idaes/core/util,176,source,1,0,True,False
idaes/core/util/phase_equilibria.py,idaes/core/util,407,source,1,3,True,False
idaes/core/util/plot.py,idaes/core/util,187,source,0,4,True,False
idaes/core/util/scaling.py,idaes/core/util,1732,source,3,37,True,False
idaes/core/util/structfs/__init__.py,idaes/core/util/structfs,238,source,0,0,True,False
idaes/core/util/structfs/fsrunner.py,idaes/core/util/structfs,326,source,5,0,True,False
idaes/core/util/structfs/logutil.py,idaes/core/util/structfs,46,source,0,2,True,False
idaes/core/util/structfs/runner.py,idaes/core/util/structfs,532,source,3,0,True,False
idaes/core/util/structfs/runner_actions.py,idaes/core/util/structfs,525,source,9,0,True,False
idaes/core/util/structfs/runner_cli.py,idaes/core/util/structfs,175,source,0,3,True,False
idaes/core/util/structfs/tests/__init__.py,idaes/core/util/structfs/tests,0,test,0,0,False,False
idaes/core/util/structfs/tests/flash_flowsheet.py,idaes/core/util/structfs/tests,79,test,0,5,True,False
idaes/core/util/structfs/tests/test_fsrunner.py,idaes/core/util/structfs/tests,186,test,0,12,False,False
idaes/core/util/structfs/tests/test_logutil.py,idaes/core/util/structfs/tests,86,test,0,3,True,False
idaes/core/util/structfs/tests/test_runner.py,idaes/core/util/structfs/tests,156,test,1,14,False,False
idaes/core/util/structfs/tests/test_runner_actions.py,idaes/core/util/structfs/tests,207,test,0,7,False,False
idaes/core/util/tables.py,idaes/core/util,419,source,0,7,False,False
idaes/core/util/tags.py,idaes/core/util,786,source,2,1,True,False
idaes/core/util/testing.py,idaes/core/util,638,source,8,3,True,False
idaes/core/util/tests/test_config.py,idaes/core/util/tests,240,test,3,16,True,False
idaes/core/util/tests/test_dyn_utils.py,idaes/core/util/tests,451,test,0,8,True,False
idaes/core/util/tests/test_env_info.py,idaes/core/util/tests,36,test,0,1,True,False
idaes/core/util/tests/test_exceptions.py,idaes/core/util/tests,83,test,0,8,True,False
idaes/core/util/tests/test_initialization.py,idaes/core/util/tests,1092,test,6,24,True,False
idaes/core/util/tests/test_math.py,idaes/core/util/tests,220,test,0,16,True,False
idaes/core/util/tests/test_misc.py,idaes/core/util/tests,446,test,2,3,True,False
idaes/core/util/tests/test_model_diagnostics.py,idaes/core/util/tests,274,test,2,0,True,False
idaes/core/util/tests/test_model_serializer.py,idaes/core/util/tests,590,test,1,0,True,False
idaes/core/util/tests/test_model_statistics.py,idaes/core/util/tests,1369,test,0,75,True,False
idaes/core/util/tests/test_parameter_sweep.py,idaes/core/util/tests,1397,test,3,0,True,False
idaes/core/util/tests/test_phase_equilibria.py,idaes/core/util/tests,428,test,0,4,True,False
idaes/core/util/tests/test_pid_initialization.py,idaes/core/util/tests,189,test,0,2,True,False
idaes/core/util/tests/test_scaling.py,idaes/core/util/tests,2925,test,12,24,True,False
idaes/core/util/tests/test_scip_for_testing.py,idaes/core/util/tests,38,test,0,1,False,False
idaes/core/util/tests/test_tables.py,idaes/core/util/tests,603,test,2,26,False,False
idaes/core/util/tests/test_tags.py,idaes/core/util/tests,477,test,0,15,False,False
idaes/core/util/tests/test_testing.py,idaes/core/util/tests,772,test,4,0,True,False
idaes/core/util/tests/test_units_of_measurement.py,idaes/core/util/tests,132,test,0,10,True,False
idaes/core/util/tests/test_utility_minimization.py,idaes/core/util/tests,268,test,1,1,True,False
idaes/core/util/units_of_measurement.py,idaes/core/util,64,source,0,2,True,False
idaes/core/util/utility_minimization.py,idaes/core/util,738,source,2,9,True,False
idaes/logger.py,idaes,297,source,2,20,False,False
idaes/models/__init__.py,idaes/models,0,source,0,0,False,False
idaes/models/control/__init__.py,idaes/models/control,18,source,0,0,False,False
idaes/models/control/controller.py,idaes/models/control,571,source,4,1,True,False
idaes/models/control/tests/__init__.py,idaes/models/control/tests,0,test,0,0,False,False
idaes/models/control/tests/test_antiwindup.py,idaes/models/control/tests,484,test,0,8,True,False
idaes/models/control/tests/test_controller.py,idaes/models/control/tests,635,test,0,21,True,False
idaes/models/control/tests/test_pid_pump.py,idaes/models/control/tests,206,test,0,5,False,False
idaes/models/control/tests/test_steam_tank_pressure.py,idaes/models/control/tests,455,test,0,8,True,False
idaes/models/costing/QGESS.py,idaes/models/costing,4188,source,1,0,True,False
idaes/models/costing/SSLW.py,idaes/models/costing,1770,source,19,1,True,False
idaes/models/costing/__init__.py,idaes/models/costing,0,source,0,0,False,False
idaes/models/costing/tests/__init__.py,idaes/models/costing/tests,0,test,0,0,False,False
idaes/models/costing/tests/test_QGESS.py,idaes/models/costing/tests,2107,test,2,0,False,False
idaes/models/costing/tests/test_SSLW.py,idaes/models/costing/tests,972,test,1,14,True,False
idaes/models/flowsheets/__init__.py,idaes/models/flowsheets,0,source,0,0,False,False
idaes/models/flowsheets/demo_flowsheet.py,idaes/models/flowsheets,511,source,0,6,True,False
idaes/models/flowsheets/tests/__init__.py,idaes/models/flowsheets/tests,0,test,0,0,False,False
idaes/models/flowsheets/tests/test_demo_flowsheet.py,idaes/models/flowsheets/tests,134,test,0,7,True,False
idaes/models/properties/__init__.py,idaes/models/properties,0,source,0,0,False,False
idaes/models/properties/activity_coeff_models/BTX_activity_coeff_VLE.py,idaes/models/properties/activity_coeff_models,317,source,1,0,True,False
idaes/models/properties/activity_coeff_models/__init__.py,idaes/models/properties/activity_coeff_models,0,source,0,0,False,False
idaes/models/properties/activity_coeff_models/activity_coeff_prop_pack.py,idaes/models/properties/activity_coeff_models,2241,source,4,0,True,False
idaes/models/properties/activity_coeff_models/methane_combustion_ideal.py,idaes/models/properties/activity_coeff_models,257,source,1,0,True,False
idaes/models/properties/activity_coeff_models/tests/test_ideal_NRTL.py,idaes/models/properties/activity_coeff_models/tests,274,test,0,7,True,False
idaes/models/properties/activity_coeff_models/tests/test_ideal_Wilson.py,idaes/models/properties/activity_coeff_models/tests,273,test,0,7,True,False
idaes/models/properties/activity_coeff_models/tests/test_ideal_ideal_FTPz.py,idaes/models/properties/activity_coeff_models/tests,755,test,6,6,True,False
idaes/models/properties/activity_coeff_models/tests/test_ideal_ideal_FcTP.py,idaes/models/properties/activity_coeff_models/tests,753,test,7,0,True,False
idaes/models/properties/examples/__init__.py,idaes/models/properties/examples,0,source,0,0,False,False
idaes/models/properties/examples/saponification_reactions.py,idaes/models/properties/examples,284,source,4,0,True,False
idaes/models/properties/examples/saponification_thermo.py,idaes/models/properties/examples,424,source,4,0,True,False
idaes/models/properties/examples/tests/__init__.py,idaes/models/properties/examples/tests,0,test,0,0,False,False
idaes/models/properties/examples/tests/test_saponification_reaction.py,idaes/models/properties/examples/tests,217,test,3,0,True,False
idaes/models/properties/examples/tests/test_saponification_thermo.py,idaes/models/properties/examples/tests,403,test,3,1,True,False
idaes/models/properties/general_helmholtz/__init__.py,idaes/models/properties/general_helmholtz,45,source,0,0,False,False
idaes/models/properties/general_helmholtz/components/__init__.py,idaes/models/properties/general_helmholtz/components,32,source,0,0,True,False
idaes/models/properties/general_helmholtz/components/parameters/__init__.py,idaes/models/properties/general_helmholtz/components/parameters,128,source,0,3,True,False
idaes/models/properties/general_helmholtz/components/parameters/butane.py,idaes/models/properties/general_helmholtz/components/parameters,51,source,0,1,True,False
idaes/models/properties/general_helmholtz/components/parameters/co2.py,idaes/models/properties/general_helmholtz/components/parameters,127,source,0,3,True,False
idaes/models/properties/general_helmholtz/components/parameters/h2o.py,idaes/models/properties/general_helmholtz/components/parameters,220,source,0,3,True,False
idaes/models/properties/general_helmholtz/components/parameters/isobutane.py,idaes/models/properties/general_helmholtz/components/parameters,51,source,0,1,True,False
idaes/models/properties/general_helmholtz/components/parameters/nh3.py,idaes/models/properties/general_helmholtz/components/parameters,173,source,0,3,True,False
idaes/models/properties/general_helmholtz/components/parameters/propane.py,idaes/models/properties/general_helmholtz/components/parameters,201,source,0,3,True,False
idaes/models/properties/general_helmholtz/components/parameters/r1234ze.py,idaes/models/properties/general_helmholtz/components/parameters,154,source,0,3,True,False
idaes/models/properties/general_helmholtz/components/parameters/r125.py,idaes/models/properties/general_helmholtz/components/parameters,40,source,0,1,True,False
idaes/models/properties/general_helmholtz/components/parameters/r134a.py,idaes/models/properties/general_helmholtz/components/parameters,194,source,0,3,True,False
idaes/models/properties/general_helmholtz/components/parameters/r227ea.py,idaes/models/properties/general_helmholtz/components/parameters,40,source,0,1,True,False
idaes/models/properties/general_helmholtz/components/parameters/r32.py,idaes/models/properties/general_helmholtz/components/parameters,40,source,0,1,True,False
idaes/models/properties/general_helmholtz/components/registry.py,idaes/models/properties/general_helmholtz/components,251,source,1,12,True,False
idaes/models/properties/general_helmholtz/expressions/__init__.py,idaes/models/properties/general_helmholtz/expressions,55,source,0,0,False,False
idaes/models/properties/general_helmholtz/expressions/phi_ideal_type01.py,idaes/models/properties/general_helmholtz/expressions,54,source,0,1,True,False
idaes/models/properties/general_helmholtz/expressions/phi_ideal_type02.py,idaes/models/properties/general_helmholtz/expressions,58,source,0,1,True,False
idaes/models/properties/general_helmholtz/expressions/phi_ideal_type03.py,idaes/models/properties/general_helmholtz/expressions,48,source,0,1,True,False
idaes/models/properties/general_helmholtz/expressions/phi_ideal_type04.py,idaes/models/properties/general_helmholtz/expressions,56,source,0,1,True,False
idaes/models/properties/general_helmholtz/expressions/phi_residual_type01.py,idaes/models/properties/general_helmholtz/expressions,113,source,0,1,True,False
idaes/models/properties/general_helmholtz/expressions/phi_residual_type02.py,idaes/models/properties/general_helmholtz/expressions,185,source,0,1,True,False
idaes/models/properties/general_helmholtz/expressions/phi_residual_type03.py,idaes/models/properties/general_helmholtz/expressions,176,source,0,1,True,False
idaes/models/properties/general_helmholtz/expressions/phi_residual_type04.py,idaes/models/properties/general_helmholtz/expressions,118,source,0,1,True,False
idaes/models/properties/general_helmholtz/expressions/phi_residual_type05.py,idaes/models/properties/general_helmholtz/expressions,285,source,0,1,True,False
idaes/models/properties/general_helmholtz/expressions/sat_delta_approx.py,idaes/models/properties/general_helmholtz/expressions,66,source,0,3,True,False
idaes/models/properties/general_helmholtz/expressions/surface_tension_type01.py,idaes/models/properties/general_helmholtz/expressions,38,source,0,1,True,False
idaes/models/properties/general_helmholtz/helmholtz_functions.py,idaes/models/properties/general_helmholtz,2466,source,5,3,True,False
idaes/models/properties/general_helmholtz/helmholtz_functions_map.py,idaes/models/properties/general_helmholtz,1227,source,0,0,True,False
idaes/models/properties/general_helmholtz/helmholtz_parameters.py,idaes/models/properties/general_helmholtz,519,source,1,1,True,False
idaes/models/properties/general_helmholtz/helmholtz_state.py,idaes/models/properties/general_helmholtz,1827,source,4,0,True,False
idaes/models/properties/general_helmholtz/tests/__init__.py,idaes/models/properties/general_helmholtz/tests,0,test,0,0,False,False
idaes/models/properties/general_helmholtz/tests/test_functions_unit.py,idaes/models/properties/general_helmholtz/tests,1827,test,0,19,False,False
idaes/models/properties/general_helmholtz/tests/test_parameter_util.py,idaes/models/properties/general_helmholtz/tests,586,test,0,13,True,False
idaes/models/properties/general_helmholtz/tests/test_register.py,idaes/models/properties/general_helmholtz/tests,121,test,0,7,True,False
idaes/models/properties/general_helmholtz/tests/test_stateblock.py,idaes/models/properties/general_helmholtz/tests,233,test,0,5,True,False
idaes/models/properties/general_helmholtz/tests/test_with_harness.py,idaes/models/properties/general_helmholtz/tests,436,test,28,0,False,False
idaes/models/properties/general_helmholtz/tests/test_with_heater.py,idaes/models/properties/general_helmholtz/tests,386,test,0,11,True,False
idaes/models/properties/helmholtz/__init__.py,idaes/models/properties/helmholtz,0,source,0,0,False,False
idaes/models/properties/helmholtz/helmholtz.py,idaes/models/properties/helmholtz,16,source,0,0,False,False
idaes/models/properties/iapws95.py,idaes/models/properties,87,source,2,2,True,False
idaes/models/properties/interrogator/__init__.py,idaes/models/properties/interrogator,14,source,0,0,False,False
idaes/models/properties/interrogator/properties_interrogator.py,idaes/models/properties/interrogator,447,source,3,0,True,False
idaes/models/properties/interrogator/reactions_interrogator.py,idaes/models/properties/interrogator,366,source,3,0,True,False
idaes/models/properties/interrogator/tests/__init__.py,idaes/models/properties/interrogator/tests,0,test,0,0,False,False
idaes/models/properties/interrogator/tests/test_properties_interrogator.py,idaes/models/properties/interrogator/tests,563,test,0,29,True,False
idaes/models/properties/interrogator/tests/test_reactions_interrogator.py,idaes/models/properties/interrogator/tests,352,test,0,19,True,False
idaes/models/properties/modular_properties/__init__.py,idaes/models/properties/modular_properties,14,source,0,0,False,False
idaes/models/properties/modular_properties/base/__init__.py,idaes/models/properties/modular_properties/base,12,source,0,0,False,False
idaes/models/properties/modular_properties/base/generic_property.py,idaes/models/properties/modular_properties/base,5942,source,5,10,True,False
idaes/models/properties/modular_properties/base/generic_reaction.py,idaes/models/properties/modular_properties/base,818,source,5,0,True,False
idaes/models/properties/modular_properties/base/tests/__init__.py,idaes/models/properties/modular_properties/base/tests,12,test,0,0,False,False
idaes/models/properties/modular_properties/base/tests/dummy_eos.py,idaes/models/properties/modular_properties/base/tests,159,test,1,0,True,False
idaes/models/properties/modular_properties/base/tests/test_electrolyte_components.py,idaes/models/properties/modular_properties/base/tests,620,test,4,0,True,False
idaes/models/properties/modular_properties/base/tests/test_generic_property.py,idaes/models/properties/modular_properties/base/tests,2413,test,7,7,True,False
idaes/models/properties/modular_properties/base/tests/test_generic_property_integration.py,idaes/models/properties/modular_properties/base/tests,441,test,1,0,True,False
idaes/models/properties/modular_properties/base/tests/test_generic_reaction.py,idaes/models/properties/modular_properties/base/tests,739,test,2,2,True,False
idaes/models/properties/modular_properties/base/tests/test_modular_properties_scaler.py,idaes/models/properties/modular_properties/base/tests,551,test,7,0,True,False
idaes/models/properties/modular_properties/base/tests/test_noncondense.py,idaes/models/properties/modular_properties/base/tests,518,test,3,0,True,False
idaes/models/properties/modular_properties/base/tests/test_noncondense_PR.py,idaes/models/properties/modular_properties/base/tests,508,test,3,0,True,False
idaes/models/properties/modular_properties/base/tests/test_nonvap.py,idaes/models/properties/modular_properties/base/tests,489,test,3,0,True,False
idaes/models/properties/modular_properties/base/tests/test_nonvap_PR.py,idaes/models/properties/modular_properties/base/tests,507,test,3,0,True,False
idaes/models/properties/modular_properties/base/tests/test_utility.py,idaes/models/properties/modular_properties/base/tests,956,test,7,3,True,False
idaes/models/properties/modular_properties/base/tests/test_vle.py,idaes/models/properties/modular_properties/base/tests,878,test,3,1,True,False
idaes/models/properties/modular_properties/base/utility.py,idaes/models/properties/modular_properties/base,664,source,4,10,True,False
idaes/models/properties/modular_properties/coolprop/__init__.py,idaes/models/properties/modular_properties/coolprop,13,source,0,0,False,False
idaes/models/properties/modular_properties/coolprop/coolprop_forms.py,idaes/models/properties/modular_properties/coolprop,235,source,0,7,True,False
idaes/models/properties/modular_properties/coolprop/coolprop_wrapper.py,idaes/models/properties/modular_properties/coolprop,489,source,9,0,True,False
idaes/models/properties/modular_properties/coolprop/tests/__init__.py,idaes/models/properties/modular_properties/coolprop/tests,0,test,0,0,False,False
idaes/models/properties/modular_properties/coolprop/tests/test_coolprop_forms.py,idaes/models/properties/modular_properties/coolprop/tests,327,test,1,1,True,False
idaes/models/properties/modular_properties/coolprop/tests/test_coolprop_wrapper.py,idaes/models/properties/modular_properties/coolprop/tests,1046,test,4,0,True,False
idaes/models/properties/modular_properties/eos/__init__.py,idaes/models/properties/modular_properties/eos,12,source,0,0,False,False
idaes/models/properties/modular_properties/eos/ceos.py,idaes/models/properties/modular_properties/eos,1555,source,3,17,True,False
idaes/models/properties/modular_properties/eos/ceos_common.py,idaes/models/properties/modular_properties/eos,152,source,3,1,True,False
idaes/models/properties/modular_properties/eos/enrtl.py,idaes/models/properties/modular_properties/eos,851,source,1,1,True,False
idaes/models/properties/modular_properties/eos/enrtl_parameters.py,idaes/models/properties/modular_properties/eos,166,source,2,0,True,False
idaes/models/properties/modular_properties/eos/enrtl_reference_states.py,idaes/models/properties/modular_properties/eos,114,source,2,1,True,False
idaes/models/properties/modular_properties/eos/eos_base.py,idaes/models/properties/modular_properties/eos,345,source,1,1,True,False
idaes/models/properties/modular_properties/eos/ideal.py,idaes/models/properties/modular_properties/eos,567,source,2,3,True,False
idaes/models/properties/modular_properties/eos/tests/__init__.py,idaes/models/properties/modular_properties/eos/tests,12,test,0,0,False,False
idaes/models/properties/modular_properties/eos/tests/test_ceos_PR.py,idaes/models/properties/modular_properties/eos/tests,1405,test,3,31,True,False
idaes/models/properties/modular_properties/eos/tests/test_cubic_root.py,idaes/models/properties/modular_properties/eos/tests,91,test,0,4,True,False
idaes/models/properties/modular_properties/eos/tests/test_enrtl.py,idaes/models/properties/modular_properties/eos/tests,1084,test,3,1,True,False
idaes/models/properties/modular_properties/eos/tests/test_ideal.py,idaes/models/properties/modular_properties/eos/tests,1507,test,6,61,True,False
idaes/models/properties/modular_properties/examples/ASU_PR.py,idaes/models/properties/modular_properties/examples,350,source,0,0,True,False
idaes/models/properties/modular_properties/examples/BT_PR.py,idaes/models/properties/modular_properties/examples,163,source,0,0,True,False
idaes/models/properties/modular_properties/examples/BT_ideal.py,idaes/models/properties/modular_properties/examples,168,source,0,0,True,False
idaes/models/properties/modular_properties/examples/CO2_H2O_Ideal_VLE.py,idaes/models/properties/modular_properties/examples,198,source,0,0,True,False
idaes/models/properties/modular_properties/examples/CO2_bmimPF6_PR.py,idaes/models/properties/modular_properties/examples,158,source,0,0,True,False
idaes/models/properties/modular_properties/examples/HC_PR.py,idaes/models/properties/modular_properties/examples,890,source,0,0,True,False
idaes/models/properties/modular_properties/examples/HC_PR_vap.py,idaes/models/properties/modular_properties/examples,878,source,0,0,True,False
idaes/models/properties/modular_properties/examples/__init__.py,idaes/models/properties/modular_properties/examples,12,source,0,0,False,False
idaes/models/properties/modular_properties/examples/enrtl_H2O_NaCl_KCl.py,idaes/models/properties/modular_properties/examples,97,source,0,1,True,False
idaes/models/properties/modular_properties/examples/enrtl_NaBr_mixed_solvent.py,idaes/models/properties/modular_properties/examples,121,source,0,3,True,False
idaes/models/properties/modular_properties/examples/reactions/__init__.py,idaes/models/properties/modular_properties/examples/reactions,12,source,0,0,False,False
idaes/models/properties/modular_properties/examples/reactions/reaction_example.py,idaes/models/properties/modular_properties/examples/reactions,164,source,0,0,True,False
idaes/models/properties/modular_properties/examples/reactions/tests/__init__.py,idaes/models/properties/modular_properties/examples/reactions/tests,12,test,0,0,False,False
idaes/models/properties/modular_properties/examples/reactions/tests/test_reaction_example.py,idaes/models/properties/modular_properties/examples/reactions/tests,262,test,2,0,True,False
idaes/models/properties/modular_properties/examples/tests/__init__.py,idaes/models/properties/modular_properties/examples/tests,12,test,0,0,False,False
idaes/models/properties/modular_properties/examples/tests/test_ASU_PR.py,idaes/models/properties/modular_properties/examples/tests,263,test,3,1,True,False
idaes/models/properties/modular_properties/examples/tests/test_ASU_PR_Dowling_2015.py,idaes/models/properties/modular_properties/examples/tests,333,test,3,1,True,False
idaes/models/properties/modular_properties/examples/tests/test_BTIdeal.py,idaes/models/properties/modular_properties/examples/tests,694,test,4,1,True,False
idaes/models/properties/modular_properties/examples/tests/test_BTIdeal_FPhx.py,idaes/models/properties/modular_properties/examples/tests,712,test,4,1,True,False
idaes/models/properties/modular_properties/examples/tests/test_BTIdeal_FcPh.py,idaes/models/properties/modular_properties/examples/tests,705,test,4,1,True,False
idaes/models/properties/modular_properties/examples/tests/test_BTIdeal_FcTP.py,idaes/models/properties/modular_properties/examples/tests,730,test,4,1,True,False
idaes/models/properties/modular_properties/examples/tests/test_BTIdeal_FpTPxpc.py,idaes/models/properties/modular_properties/examples/tests,270,test,3,1,True,False
idaes/models/properties/modular_properties/examples/tests/test_BT_PR.py,idaes/models/properties/modular_properties/examples/tests,1326,test,3,0,True,False
idaes/models/properties/modular_properties/examples/tests/test_BT_PR_legacy_SmoothVLE.py,idaes/models/properties/modular_properties/examples/tests,863,test,2,0,True,False
idaes/models/properties/modular_properties/examples/tests/test_CO2_H2O_Ideal_VLE.py,idaes/models/properties/modular_properties/examples/tests,395,test,2,1,True,False
idaes/models/properties/modular_properties/examples/tests/test_CO2_bmimPF6_PR.py,idaes/models/properties/modular_properties/examples/tests,666,test,4,1,True,False
idaes/models/properties/modular_properties/examples/tests/test_HC_PR.py,idaes/models/properties/modular_properties/examples/tests,380,test,3,3,True,False
idaes/models/properties/modular_properties/examples/tests/test_HC_PR_vap.py,idaes/models/properties/modular_properties/examples/tests,399,test,2,1,True,False
idaes/models/properties/modular_properties/examples/tests/test_enrtl_H2O_NaCl_KCl.py,idaes/models/properties/modular_properties/examples/tests,148,test,1,0,True,False
idaes/models/properties/modular_properties/examples/tests/test_entrl_NaBr_mixed_solvent.py,idaes/models/properties/modular_properties/examples/tests,122,test,0,1,True,False
idaes/models/properties/modular_properties/phase_equil/__init__.py,idaes/models/properties/modular_properties/phase_equil,14,source,0,0,False,False
idaes/models/properties/modular_properties/phase_equil/bubble_dew.py,idaes/models/properties/modular_properties/phase_equil,1108,source,4,1,True,False
idaes/models/properties/modular_properties/phase_equil/forms.py,idaes/models/properties/modular_properties/phase_equil,112,source,4,0,True,False
idaes/models/properties/modular_properties/phase_equil/henry.py,idaes/models/properties/modular_properties/phase_equil,228,source,2,6,True,False
idaes/models/properties/modular_properties/phase_equil/smooth_VLE.py,idaes/models/properties/modular_properties/phase_equil,204,source,2,0,True,False
idaes/models/properties/modular_properties/phase_equil/smooth_VLE_2.py,idaes/models/properties/modular_properties/phase_equil,362,source,2,2,True,False
idaes/models/properties/modular_properties/phase_equil/tests/__init__.py,idaes/models/properties/modular_properties/phase_equil/tests,12,test,0,0,False,False
idaes/models/properties/modular_properties/phase_equil/tests/test_bubble_dew.py,idaes/models/properties/modular_properties/phase_equil/tests,864,test,5,8,True,False
idaes/models/properties/modular_properties/phase_equil/tests/test_forms.py,idaes/models/properties/modular_properties/phase_equil/tests,116,test,1,2,True,False
idaes/models/properties/modular_properties/phase_equil/tests/test_henry.py,idaes/models/properties/modular_properties/phase_equil/tests,282,test,1,5,True,False
idaes/models/properties/modular_properties/phase_equil/tests/test_smooth_VLE.py,idaes/models/properties/modular_properties/phase_equil/tests,173,test,1,5,True,False
idaes/models/properties/modular_properties/phase_equil/tests/test_smooth_VLE_2.py,idaes/models/properties/modular_properties/phase_equil/tests,504,test,2,7,True,False
idaes/models/properties/modular_properties/pure/ChapmanEnskog.py,idaes/models/properties/modular_properties/pure,111,source,2,2,True,False
idaes/models/properties/modular_properties/pure/ChungPure.py,idaes/models/properties/modular_properties/pure,102,source,2,0,True,False
idaes/models/properties/modular_properties/pure/ConstantProperties.py,idaes/models/properties/modular_properties/pure,301,source,14,0,True,False
idaes/models/properties/modular_properties/pure/Eucken.py,idaes/models/properties/modular_properties/pure,79,source,2,0,True,False
idaes/models/properties/modular_properties/pure/NIST.py,idaes/models/properties/modular_properties/pure,222,source,5,0,True,False
idaes/models/properties/modular_properties/pure/Perrys.py,idaes/models/properties/modular_properties/pure,288,source,7,0,True,False
idaes/models/properties/modular_properties/pure/RPP3.py,idaes/models/properties/modular_properties/pure,210,source,5,0,True,False
idaes/models/properties/modular_properties/pure/RPP4.py,idaes/models/properties/modular_properties/pure,219,source,5,0,True,False
idaes/models/properties/modular_properties/pure/RPP5.py,idaes/models/properties/modular_properties/pure,250,source,5,0,True,False
idaes/models/properties/modular_properties/pure/__init__.py,idaes/models/properties/modular_properties/pure,22,source,0,0,False,False
idaes/models/properties/modular_properties/pure/electrolyte.py,idaes/models/properties/modular_properties/pure,40,source,1,0,True,False
idaes/models/properties/modular_properties/pure/tests/__init__.py,idaes/models/properties/modular_properties/pure/tests,12,test,0,0,False,False
idaes/models/properties/modular_properties/pure/tests/test_ChapmanEnskog.py,idaes/models/properties/modular_properties/pure/tests,166,test,0,4,True,False
idaes/models/properties/modular_properties/pure/tests/test_ChungPure.py,idaes/models/properties/modular_properties/pure/tests,292,test,0,3,True,False
idaes/models/properties/modular_properties/pure/tests/test_ConstantProperties.py,idaes/models/properties/modular_properties/pure/tests,409,test,0,17,True,False
idaes/models/properties/modular_properties/pure/tests/test_Eucken.py,idaes/models/properties/modular_properties/pure/tests,275,test,0,5,True,False
idaes/models/properties/modular_properties/pure/tests/test_NIST.py,idaes/models/properties/modular_properties/pure/tests,230,test,0,7,True,False
idaes/models/properties/modular_properties/pure/tests/test_Perrys.py,idaes/models/properties/modular_properties/pure/tests,258,test,0,9,True,False
idaes/models/properties/modular_properties/pure/tests/test_RPP3.py,idaes/models/properties/modular_properties/pure/tests,233,test,0,7,True,False
idaes/models/properties/modular_properties/pure/tests/test_RPP4.py,idaes/models/properties/modular_properties/pure/tests,236,test,0,7,True,False
idaes/models/properties/modular_properties/pure/tests/test_RPP5.py,idaes/models/properties/modular_properties/pure/tests,258,test,0,7,True,False
idaes/models/properties/modular_properties/pure/tests/test_electrolyte.py,idaes/models/properties/modular_properties/pure/tests,87,test,0,2,True,False
idaes/models/properties/modular_properties/reactions/__init__.py,idaes/models/properties/modular_properties/reactions,12,source,0,0,False,False
idaes/models/properties/modular_properties/reactions/dh_rxn.py,idaes/models/properties/modular_properties/reactions,97,source,2,0,True,False
idaes/models/properties/modular_properties/reactions/equilibrium_constant.py,idaes/models/properties/modular_properties/reactions,350,source,5,0,True,False
idaes/models/properties/modular_properties/reactions/equilibrium_forms.py,idaes/models/properties/modular_properties/reactions,395,source,6,0,True,False
idaes/models/properties/modular_properties/reactions/rate_constant.py,idaes/models/properties/modular_properties/reactions,104,source,1,0,True,False
idaes/models/properties/modular_properties/reactions/rate_forms.py,idaes/models/properties/modular_properties/reactions,45,source,1,0,True,False
idaes/models/properties/modular_properties/reactions/tests/__init__.py,idaes/models/properties/modular_properties/reactions/tests,12,test,0,0,False,False
idaes/models/properties/modular_properties/reactions/tests/test_dh_rxn.py,idaes/models/properties/modular_properties/reactions/tests,117,test,0,2,True,False
idaes/models/properties/modular_properties/reactions/tests/test_equilibrium_constant.py,idaes/models/properties/modular_properties/reactions/tests,791,test,3,1,True,False
idaes/models/properties/modular_properties/reactions/tests/test_equilibrium_forms.py,idaes/models/properties/modular_properties/reactions/tests,858,test,0,10,True,False
idaes/models/properties/modular_properties/reactions/tests/test_rate_constant.py,idaes/models/properties/modular_properties/reactions/tests,300,test,0,9,True,False
idaes/models/properties/modular_properties/reactions/tests/test_rate_forms.py,idaes/models/properties/modular_properties/reactions/tests,166,test,0,2,True,False
idaes/models/properties/modular_properties/reactions/tests/test_solubility_product_verification.py,idaes/models/properties/modular_properties/reactions/tests,327,test,2,1,True,False
idaes/models/properties/modular_properties/state_definitions/FPhx.py,idaes/models/properties/modular_properties/state_definitions,563,source,2,4,True,False
idaes/models/properties/modular_properties/state_definitions/FTPx.py,idaes/models/properties/modular_properties/state_definitions,1017,source,2,7,True,False
idaes/models/properties/modular_properties/state_definitions/FcPh.py,idaes/models/properties/modular_properties/state_definitions,579,source,2,4,True,False
idaes/models/properties/modular_properties/state_definitions/FcTP.py,idaes/models/properties/modular_properties/state_definitions,554,source,2,4,True,False
idaes/models/properties/modular_properties/state_definitions/FpTPxpc.py,idaes/models/properties/modular_properties/state_definitions,395,source,1,5,True,False
idaes/models/properties/modular_properties/state_definitions/FpcTP.py,idaes/models/properties/modular_properties/state_definitions,380,source,2,5,True,False
idaes/models/properties/modular_properties/state_definitions/__init__.py,idaes/models/properties/modular_properties/state_definitions,17,source,0,0,False,False
idaes/models/properties/modular_properties/state_definitions/electrolyte_states.py,idaes/models/properties/modular_properties/state_definitions,293,source,0,6,True,False
idaes/models/properties/modular_properties/state_definitions/tests/__init__.py,idaes/models/properties/modular_properties/state_definitions/tests,12,test,0,0,False,False
idaes/models/properties/modular_properties/state_definitions/tests/electrolyte_testing_config.py,idaes/models/properties/modular_properties/state_definitions/tests,256,test,0,4,True,False
idaes/models/properties/modular_properties/state_definitions/tests/test_FPhx.py,idaes/models/properties/modular_properties/state_definitions/tests,1377,test,9,1,True,False
idaes/models/properties/modular_properties/state_definitions/tests/test_FPhx_electrolyte.py,idaes/models/properties/modular_properties/state_definitions/tests,729,test,4,2,True,False
idaes/models/properties/modular_properties/state_definitions/tests/test_FTPx.py,idaes/models/properties/modular_properties/state_definitions/tests,1742,test,11,3,True,False
idaes/models/properties/modular_properties/state_definitions/tests/test_FTPx_electrolyte.py,idaes/models/properties/modular_properties/state_definitions/tests,2241,test,12,0,True,False
idaes/models/properties/modular_properties/state_definitions/tests/test_FcPh.py,idaes/models/properties/modular_properties/state_definitions/tests,1475,test,9,1,True,False
idaes/models/properties/modular_properties/state_definitions/tests/test_FcPh_electrolyte.py,idaes/models/properties/modular_properties/state_definitions/tests,726,test,4,2,True,False
idaes/models/properties/modular_properties/state_definitions/tests/test_FcTP.py,idaes/models/properties/modular_properties/state_definitions/tests,1423,test,9,1,True,False
idaes/models/properties/modular_properties/state_definitions/tests/test_FcTP_electrolyte.py,idaes/models/properties/modular_properties/state_definitions/tests,716,test,4,1,True,False
idaes/models/properties/modular_properties/state_definitions/tests/test_FpTPxpc.py,idaes/models/properties/modular_properties/state_definitions/tests,1544,test,9,2,True,False
idaes/models/properties/modular_properties/state_definitions/tests/test_FpTPxpc_electrolyte.py,idaes/models/properties/modular_properties/state_definitions/tests,732,test,4,1,True,False
idaes/models/properties/modular_properties/state_definitions/tests/test_FpcTP.py,idaes/models/properties/modular_properties/state_definitions/tests,1684,test,9,5,True,False
idaes/models/properties/modular_properties/state_definitions/tests/test_FpcTP_electrolyte.py,idaes/models/properties/modular_properties/state_definitions/tests,678,test,4,1,True,False
idaes/models/properties/modular_properties/transport_properties/__init__.py,idaes/models/properties/modular_properties/transport_properties,15,source,0,0,False,False
idaes/models/properties/modular_properties/transport_properties/no_method.py,idaes/models/properties/modular_properties/transport_properties,56,source,3,0,True,False
idaes/models/properties/modular_properties/transport_properties/tests/test_no_method.py,idaes/models/properties/modular_properties/transport_properties/tests,124,test,1,5,True,False
idaes/models/properties/modular_properties/transport_properties/tests/test_shell_and_tube_1D_transport.py,idaes/models/properties/modular_properties/transport_properties/tests,513,test,4,2,True,False
idaes/models/properties/modular_properties/transport_properties/tests/test_thermal_conductivity_wms.py,idaes/models/properties/modular_properties/transport_properties/tests,373,test,1,7,True,False
idaes/models/properties/modular_properties/transport_properties/tests/test_viscosity_wilke.py,idaes/models/properties/modular_properties/transport_properties/tests,344,test,1,9,True,False
idaes/models/properties/modular_properties/transport_properties/thermal_conductivity_wms.py,idaes/models/properties/modular_properties/transport_properties,59,source,2,0,True,False
idaes/models/properties/modular_properties/transport_properties/viscosity_wilke.py,idaes/models/properties/modular_properties/transport_properties,126,source,2,2,True,False
idaes/models/properties/swco2.py,idaes/models/properties,87,source,2,2,True,False
idaes/models/properties/tests/__init__.py,idaes/models/properties/tests,0,test,0,0,False,False
idaes/models/properties/tests/test_harness.py,idaes/models/properties/tests,406,test,1,0,False,False
idaes/models/properties/tests/test_iapws95_with_harness.py,idaes/models/properties/tests,63,test,4,0,False,False
idaes/models/properties/tests/test_swco2_with_harness.py,idaes/models/properties/tests,63,test,4,0,False,False
idaes/models/unit_models/__init__.py,idaes/models/unit_models,48,source,0,0,False,False
idaes/models/unit_models/cstr.py,idaes/models/unit_models,443,source,2,0,True,False
idaes/models/unit_models/equilibrium_reactor.py,idaes/models/unit_models,547,source,3,0,True,False
idaes/models/unit_models/feed.py,idaes/models/unit_models,226,source,3,0,True,False
idaes/models/unit_models/feed_flash.py,idaes/models/unit_models,272,source,3,0,True,False
idaes/models/unit_models/flash.py,idaes/models/unit_models,411,source,2,0,True,False
idaes/models/unit_models/gibbs_reactor.py,idaes/models/unit_models,491,source,2,0,True,False
idaes/models/unit_models/heat_exchanger.py,idaes/models/unit_models,1009,source,4,9,True,False
idaes/models/unit_models/heat_exchanger_1D.py,idaes/models/unit_models,1010,source,3,1,True,False
idaes/models/unit_models/heat_exchanger_lc.py,idaes/models/unit_models,295,source,1,0,True,False
idaes/models/unit_models/heat_exchanger_ntu.py,idaes/models/unit_models,622,source,2,0,True,False
idaes/models/unit_models/heater.py,idaes/models/unit_models,281,source,2,2,True,False
idaes/models/unit_models/icons/__init__.py,idaes/models/unit_models/icons,0,source,0,0,False,False
idaes/models/unit_models/mixer.py,idaes/models/unit_models,1348,source,5,0,True,False
idaes/models/unit_models/mscontactor.py,idaes/models/unit_models,2118,source,3,14,True,False
idaes/models/unit_models/pipe.py,idaes/models/unit_models,359,source,2,0,True,False
idaes/models/unit_models/plug_flow_reactor.py,idaes/models/unit_models,443,source,2,0,True,False
idaes/models/unit_models/pressure_changer.py,idaes/models/unit_models,1483,source,8,0,True,False
idaes/models/unit_models/product.py,idaes/models/unit_models,170,source,1,0,True,False
idaes/models/unit_models/separator.py,idaes/models/unit_models,2390,source,5,8,True,False
idaes/models/unit_models/shell_and_tube_1d.py,idaes/models/unit_models,476,source,2,0,True,False
idaes/models/unit_models/skeleton_model.py,idaes/models/unit_models,197,source,1,0,True,False
idaes/models/unit_models/solid_liquid/__init__.py,idaes/models/unit_models/solid_liquid,14,source,0,0,False,False
idaes/models/unit_models/solid_liquid/sl_separator.py,idaes/models/unit_models/solid_liquid,362,source,2,0,True,False
idaes/models/unit_models/solid_liquid/tests/__init__.py,idaes/models/unit_models/solid_liquid/tests,0,test,0,0,False,False
idaes/models/unit_models/solid_liquid/tests/test_sl_separator.py,idaes/models/unit_models/solid_liquid/tests,527,test,1,0,True,False
idaes/models/unit_models/solid_liquid/tests/test_thickener.py,idaes/models/unit_models/solid_liquid/tests,548,test,5,0,True,False
idaes/models/unit_models/solid_liquid/thickener.py,idaes/models/unit_models/solid_liquid,545,source,1,0,True,False
idaes/models/unit_models/statejunction.py,idaes/models/unit_models,153,source,1,0,True,False
idaes/models/unit_models/stoichiometric_reactor.py,idaes/models/unit_models,310,source,2,0,True,False
idaes/models/unit_models/stream_scaler.py,idaes/models/unit_models,245,source,1,0,True,False
idaes/models/unit_models/tests/__init__.py,idaes/models/unit_models/tests,0,test,0,0,False,False
idaes/models/unit_models/tests/leach_solution.py,idaes/models/unit_models/tests,253,test,4,0,True,False
idaes/models/unit_models/tests/test_cstr.py,idaes/models/unit_models/tests,508,test,4,1,True,False
idaes/models/unit_models/tests/test_equilibrium_reactor.py,idaes/models/unit_models/tests,860,test,5,1,True,False
idaes/models/unit_models/tests/test_feed.py,idaes/models/unit_models/tests,372,test,3,1,True,False
idaes/models/unit_models/tests/test_feed_flash.py,idaes/models/unit_models/tests,702,test,5,2,True,False
idaes/models/unit_models/tests/test_flash.py,idaes/models/unit_models/tests,975,test,5,3,True,False
idaes/models/unit_models/tests/test_gibbs.py,idaes/models/unit_models/tests,769,test,4,1,True,False
idaes/models/unit_models/tests/test_gibbs_scaling.py,idaes/models/unit_models/tests,476,test,2,1,True,False
idaes/models/unit_models/tests/test_heat_exchanger.py,idaes/models/unit_models/tests,2374,test,7,20,True,False
idaes/models/unit_models/tests/test_heat_exchanger_1D.py,idaes/models/unit_models/tests,3695,test,18,19,True,False
idaes/models/unit_models/tests/test_heat_exchanger_lc.py,idaes/models/unit_models/tests,646,test,3,0,True,False
idaes/models/unit_models/tests/test_heater.py,idaes/models/unit_models/tests,883,test,8,1,True,False
idaes/models/unit_models/tests/test_hx_ntu.py,idaes/models/unit_models/tests,708,test,2,9,True,False
idaes/models/unit_models/tests/test_mixer.py,idaes/models/unit_models/tests,2020,test,13,8,True,False
idaes/models/unit_models/tests/test_mscontactor.py,idaes/models/unit_models/tests,5149,test,30,2,True,False
idaes/models/unit_models/tests/test_pfr.py,idaes/models/unit_models/tests,416,test,2,1,True,False
idaes/models/unit_models/tests/test_pipe.py,idaes/models/unit_models/tests,358,test,2,1,True,False
idaes/models/unit_models/tests/test_pressure_changer.py,idaes/models/unit_models/tests,1385,test,10,1,True,False
idaes/models/unit_models/tests/test_product.py,idaes/models/unit_models/tests,432,test,4,1,True,False
idaes/models/unit_models/tests/test_rstoic.py,idaes/models/unit_models/tests,490,test,3,1,True,False
idaes/models/unit_models/tests/test_separator.py,idaes/models/unit_models/tests,5358,test,19,6,True,False
idaes/models/unit_models/tests/test_shell_and_tube_1D.py,idaes/models/unit_models/tests,2040,test,9,12,True,False
idaes/models/unit_models/tests/test_skeleton_unit_model.py,idaes/models/unit_models/tests,428,test,2,1,True,False
idaes/models/unit_models/tests/test_statejunction.py,idaes/models/unit_models/tests,329,test,4,1,True,False
idaes/models/unit_models/tests/test_stream_scaler.py,idaes/models/unit_models/tests,364,test,3,1,True,False
idaes/models/unit_models/tests/test_translator.py,idaes/models/unit_models/tests,144,test,1,1,True,False
idaes/models/unit_models/tests/test_valve.py,idaes/models/unit_models/tests,333,test,8,0,True,False
idaes/models/unit_models/translator.py,idaes/models/unit_models,255,source,1,0,True,False
idaes/models/unit_models/valve.py,idaes/models/unit_models,293,source,2,4,True,False
idaes/models_extra/__init__.py,idaes/models_extra,0,source,0,0,False,False
idaes/models_extra/co2_capture_and_utilization/__init__.py,idaes/models_extra/co2_capture_and_utilization,0,source,0,0,False,False
idaes/models_extra/co2_capture_and_utilization/unit_models/__init__.py,idaes/models_extra/co2_capture_and_utilization/unit_models,13,source,0,0,False,False
idaes/models_extra/co2_capture_and_utilization/unit_models/membrane_1d.py,idaes/models_extra/co2_capture_and_utilization/unit_models,300,source,2,0,True,False
idaes/models_extra/co2_capture_and_utilization/unit_models/tests/__init__.py,idaes/models_extra/co2_capture_and_utilization/unit_models/tests,0,test,0,0,False,False
idaes/models_extra/co2_capture_and_utilization/unit_models/tests/test_membrane_1d.py,idaes/models_extra/co2_capture_and_utilization/unit_models/tests,305,test,1,2,True,False
idaes/models_extra/column_models/MEAsolvent_column.py,idaes/models_extra/column_models,2243,source,1,0,True,False
idaes/models_extra/column_models/__init__.py,idaes/models_extra/column_models,16,source,0,0,False,False
idaes/models_extra/column_models/condenser.py,idaes/models_extra/column_models,466,source,3,0,True,False
idaes/models_extra/column_models/enhancement_factor_model_pseudo_second_order_explicit.py,idaes/models_extra/column_models,290,source,1,0,True,False
idaes/models_extra/column_models/plate_heat_exchanger.py,idaes/models_extra/column_models,686,source,1,0,True,False
idaes/models_extra/column_models/properties/MEA_solvent.py,idaes/models_extra/column_models/properties,1140,source,17,0,True,False
idaes/models_extra/column_models/properties/MEA_vapor.py,idaes/models_extra/column_models/properties,618,source,5,1,True,False
idaes/models_extra/column_models/properties/__init__.py,idaes/models_extra/column_models/properties,0,source,0,0,False,False
idaes/models_extra/column_models/properties/tests/__init__.py,idaes/models_extra/column_models/properties/tests,0,test,0,0,False,False
idaes/models_extra/column_models/properties/tests/test_mea_solvent.py,idaes/models_extra/column_models/properties/tests,178,test,1,0,True,False
idaes/models_extra/column_models/properties/tests/test_mea_vapor.py,idaes/models_extra/column_models/properties/tests,205,test,2,0,True,False
idaes/models_extra/column_models/reboiler.py,idaes/models_extra/column_models,435,source,1,0,True,False
idaes/models_extra/column_models/solvent_column.py,idaes/models_extra/column_models,963,source,1,0,True,False
idaes/models_extra/column_models/solvent_condenser.py,idaes/models_extra/column_models,651,source,1,0,True,False
idaes/models_extra/column_models/solvent_reboiler.py,idaes/models_extra/column_models,784,source,2,0,True,False
idaes/models_extra/column_models/tests/__init__.py,idaes/models_extra/column_models/tests,0,test,0,0,False,False
idaes/models_extra/column_models/tests/test_MEAsolvent_column.py,idaes/models_extra/column_models/tests,360,test,2,3,True,False
idaes/models_extra/column_models/tests/test_conventional_tray.py,idaes/models_extra/column_models/tests,326,test,1,1,True,False
idaes/models_extra/column_models/tests/test_feed_tray.py,idaes/models_extra/column_models/tests,349,test,1,1,True,False
idaes/models_extra/column_models/tests/test_partial_condenser.py,idaes/models_extra/column_models/tests,368,test,1,1,True,False
idaes/models_extra/column_models/tests/test_plate_heat_exchanger.py,idaes/models_extra/column_models/tests,295,test,1,1,True,False
idaes/models_extra/column_models/tests/test_reboiler.py,idaes/models_extra/column_models/tests,323,test,1,1,True,False
idaes/models_extra/column_models/tests/test_solvent_column.py,idaes/models_extra/column_models/tests,467,test,2,0,True,False
idaes/models_extra/column_models/tests/test_solvent_condenser.py,idaes/models_extra/column_models/tests,550,test,2,0,True,False
idaes/models_extra/column_models/tests/test_solvent_reboiler.py,idaes/models_extra/column_models/tests,335,test,1,4,True,False
idaes/models_extra/column_models/tests/test_total_condenser.py,idaes/models_extra/column_models/tests,317,test,1,1,True,False
idaes/models_extra/column_models/tests/test_tray_column.py,idaes/models_extra/column_models/tests,398,test,4,2,True,False
idaes/models_extra/column_models/tests/test_tray_side_liq_draw.py,idaes/models_extra/column_models/tests,359,test,1,1,True,False
idaes/models_extra/column_models/tests/test_tray_side_vap_draw.py,idaes/models_extra/column_models/tests,359,test,1,1,True,False
idaes/models_extra/column_models/tests/test_utilities.py,idaes/models_extra/column_models/tests,488,test,3,12,True,False
idaes/models_extra/column_models/tray.py,idaes/models_extra/column_models,772,source,1,0,True,False
idaes/models_extra/column_models/tray_column.py,idaes/models_extra/column_models,641,source,1,0,True,False
idaes/models_extra/column_models/util.py,idaes/models_extra/column_models,376,source,0,9,True,False
idaes/models_extra/gas_distribution/__init__.py,idaes/models_extra/gas_distribution,0,source,0,0,False,False
idaes/models_extra/gas_distribution/properties/__init__.py,idaes/models_extra/gas_distribution/properties,0,source,0,0,False,False
idaes/models_extra/gas_distribution/properties/natural_gas.py,idaes/models_extra/gas_distribution/properties,447,source,3,0,True,False
idaes/models_extra/gas_distribution/properties/tests/__init__.py,idaes/models_extra/gas_distribution/properties/tests,0,test,0,0,False,False
idaes/models_extra/gas_distribution/properties/tests/test_natural_gas.py,idaes/models_extra/gas_distribution/properties/tests,181,test,1,0,False,False
idaes/models_extra/gas_distribution/unit_models/__init__.py,idaes/models_extra/gas_distribution/unit_models,0,source,0,0,False,False
idaes/models_extra/gas_distribution/unit_models/compressor.py,idaes/models_extra/gas_distribution/unit_models,190,source,1,0,True,False
idaes/models_extra/gas_distribution/unit_models/node.py,idaes/models_extra/gas_distribution/unit_models,423,source,1,0,True,False
idaes/models_extra/gas_distribution/unit_models/pipeline.py,idaes/models_extra/gas_distribution/unit_models,403,source,1,0,True,False
idaes/models_extra/gas_distribution/unit_models/tests/__init__.py,idaes/models_extra/gas_distribution/unit_models/tests,0,test,0,0,False,False
idaes/models_extra/gas_distribution/unit_models/tests/test_compressor.py,idaes/models_extra/gas_distribution/unit_models/tests,260,test,2,0,False,False
idaes/models_extra/gas_distribution/unit_models/tests/test_flowsheet.py,idaes/models_extra/gas_distribution/unit_models/tests,481,test,1,0,False,False
idaes/models_extra/gas_distribution/unit_models/tests/test_node.py,idaes/models_extra/gas_distribution/unit_models/tests,517,test,1,0,False,False
idaes/models_extra/gas_distribution/unit_models/tests/test_pipeline.py,idaes/models_extra/gas_distribution/unit_models/tests,1316,test,3,0,False,False
idaes/models_extra/gas_distribution/unit_models/tests/test_pipeline_compressor.py,idaes/models_extra/gas_distribution/unit_models/tests,477,test,2,0,False,False
idaes/models_extra/gas_solid_contactors/__init__.py,idaes/models_extra/gas_solid_contactors,0,source,0,0,False,False
idaes/models_extra/gas_solid_contactors/flowsheets/__init__.py,idaes/models_extra/gas_solid_contactors/flowsheets,0,source,0,0,False,False
idaes/models_extra/gas_solid_contactors/flowsheets/dyn_TGA_example.py,idaes/models_extra/gas_solid_contactors/flowsheets,127,source,0,1,True,False
idaes/models_extra/gas_solid_contactors/flowsheets/ss_BFB_OC_oxidation.py,idaes/models_extra/gas_solid_contactors/flowsheets,197,source,0,1,True,False
idaes/models_extra/gas_solid_contactors/flowsheets/ss_BFB_methane_combustion.py,idaes/models_extra/gas_solid_contactors/flowsheets,198,source,0,1,True,False
idaes/models_extra/gas_solid_contactors/flowsheets/ss_MB_methane_combustion.py,idaes/models_extra/gas_solid_contactors/flowsheets,171,source,0,1,True,False
idaes/models_extra/gas_solid_contactors/properties/__init__.py,idaes/models_extra/gas_solid_contactors/properties,0,source,0,0,False,False
idaes/models_extra/gas_solid_contactors/properties/methane_iron_OC_reduction/__init__.py,idaes/models_extra/gas_solid_contactors/properties/methane_iron_OC_reduction,24,source,0,0,False,False
idaes/models_extra/gas_solid_contactors/properties/methane_iron_OC_reduction/gas_phase_thermo.py,idaes/models_extra/gas_solid_contactors/properties/methane_iron_OC_reduction,1295,source,3,0,True,False
idaes/models_extra/gas_solid_contactors/properties/methane_iron_OC_reduction/hetero_reactions.py,idaes/models_extra/gas_solid_contactors/properties/methane_iron_OC_reduction,631,source,3,0,True,False
idaes/models_extra/gas_solid_contactors/properties/methane_iron_OC_reduction/solid_phase_thermo.py,idaes/models_extra/gas_solid_contactors/properties/methane_iron_OC_reduction,884,source,3,0,True,False
idaes/models_extra/gas_solid_contactors/properties/methane_iron_OC_reduction/tests/__init__.py,idaes/models_extra/gas_solid_contactors/properties/methane_iron_OC_reduction/tests,0,test,0,0,False,False
idaes/models_extra/gas_solid_contactors/properties/methane_iron_OC_reduction/tests/test_CLC_gas_prop.py,idaes/models_extra/gas_solid_contactors/properties/methane_iron_OC_reduction/tests,334,test,0,11,True,False
idaes/models_extra/gas_solid_contactors/properties/methane_iron_OC_reduction/tests/test_CLC_rxn_prop.py,idaes/models_extra/gas_solid_contactors/properties/methane_iron_OC_reduction/tests,152,test,0,7,True,False
idaes/models_extra/gas_solid_contactors/properties/methane_iron_OC_reduction/tests/test_CLC_solid_prop.py,idaes/models_extra/gas_solid_contactors/properties/methane_iron_OC_reduction/tests,272,test,0,11,True,False
idaes/models_extra/gas_solid_contactors/properties/oxygen_iron_OC_oxidation/__init__.py,idaes/models_extra/gas_solid_contactors/properties/oxygen_iron_OC_oxidation,24,source,0,0,False,False
idaes/models_extra/gas_solid_contactors/properties/oxygen_iron_OC_oxidation/gas_phase_thermo.py,idaes/models_extra/gas_solid_contactors/properties/oxygen_iron_OC_oxidation,1321,source,3,0,True,False
idaes/models_extra/gas_solid_contactors/properties/oxygen_iron_OC_oxidation/hetero_reactions.py,idaes/models_extra/gas_solid_contactors/properties/oxygen_iron_OC_oxidation,632,source,3,0,True,False
idaes/models_extra/gas_solid_contactors/properties/oxygen_iron_OC_oxidation/solid_phase_thermo.py,idaes/models_extra/gas_solid_contactors/properties/oxygen_iron_OC_oxidation,874,source,3,0,True,False
idaes/models_extra/gas_solid_contactors/properties/oxygen_iron_OC_oxidation/tests/__init__.py,idaes/models_extra/gas_solid_contactors/properties/oxygen_iron_OC_oxidation/tests,0,test,0,0,False,False
idaes/models_extra/gas_solid_contactors/properties/oxygen_iron_OC_oxidation/tests/test_CLC_gas_prop.py,idaes/models_extra/gas_solid_contactors/properties/oxygen_iron_OC_oxidation/tests,1296,test,1,15,True,False
idaes/models_extra/gas_solid_contactors/properties/oxygen_iron_OC_oxidation/tests/test_CLC_rxn_prop.py,idaes/models_extra/gas_solid_contactors/properties/oxygen_iron_OC_oxidation/tests,520,test,1,8,True,False
idaes/models_extra/gas_solid_contactors/properties/oxygen_iron_OC_oxidation/tests/test_CLC_solid_prop.py,idaes/models_extra/gas_solid_contactors/properties/oxygen_iron_OC_oxidation/tests,628,test,1,14,True,False
idaes/models_extra/gas_solid_contactors/unit_models/__init__.py,idaes/models_extra/gas_solid_contactors/unit_models,18,source,0,0,False,False
idaes/models_extra/gas_solid_contactors/unit_models/bubbling_fluidized_bed.py,idaes/models_extra/gas_solid_contactors/unit_models,3551,source,1,0,True,False
idaes/models_extra/gas_solid_contactors/unit_models/fixed_bed_0D.py,idaes/models_extra/gas_solid_contactors/unit_models,549,source,1,0,True,False
idaes/models_extra/gas_solid_contactors/unit_models/fixed_bed_1D.py,idaes/models_extra/gas_solid_contactors/unit_models,2153,source,1,0,True,False
idaes/models_extra/gas_solid_contactors/unit_models/moving_bed.py,idaes/models_extra/gas_solid_contactors/unit_models,1983,source,1,0,True,False
idaes/models_extra/gas_solid_contactors/unit_models/tests/__init__.py,idaes/models_extra/gas_solid_contactors/unit_models/tests,0,test,0,0,False,False
idaes/models_extra/gas_solid_contactors/unit_models/tests/test_BFB_methane_oc.py,idaes/models_extra/gas_solid_contactors/unit_models/tests,1491,test,3,1,True,False
idaes/models_extra/gas_solid_contactors/unit_models/tests/test_BFB_oxygen_oc.py,idaes/models_extra/gas_solid_contactors/unit_models/tests,1528,test,3,1,True,False
idaes/models_extra/gas_solid_contactors/unit_models/tests/test_FB0D.py,idaes/models_extra/gas_solid_contactors/unit_models/tests,980,test,2,1,True,False
idaes/models_extra/gas_solid_contactors/unit_models/tests/test_FB1D.py,idaes/models_extra/gas_solid_contactors/unit_models/tests,1771,test,5,4,True,False
idaes/models_extra/gas_solid_contactors/unit_models/tests/test_MB.py,idaes/models_extra/gas_solid_contactors/unit_models/tests,1465,test,4,1,True,False
idaes/models_extra/power_generation/__init__.py,idaes/models_extra/power_generation,0,source,0,0,False,False
idaes/models_extra/power_generation/costing/__init__.py,idaes/models_extra/power_generation/costing,0,source,0,0,False,False
idaes/models_extra/power_generation/costing/costing_dictionaries.py,idaes/models_extra/power_generation/costing,67,source,0,2,True,False
idaes/models_extra/power_generation/costing/generic_ccs_capcost_custom_dict.py,idaes/models_extra/power_generation/costing,694,source,0,1,False,False
idaes/models_extra/power_generation/costing/power_plant_capcost.py,idaes/models_extra/power_generation/costing,2170,source,1,1,True,False
idaes/models_extra/power_generation/costing/power_plant_costing.py,idaes/models_extra/power_generation/costing,502,source,1,0,True,False
idaes/models_extra/power_generation/costing/power_plant_costing_dictionaries.py,idaes/models_extra/power_generation/costing,359,source,0,7,True,False
idaes/models_extra/power_generation/costing/tests/__init__.py,idaes/models_extra/power_generation/costing/tests,0,test,0,0,False,False
idaes/models_extra/power_generation/costing/tests/test_CCS_capcost.py,idaes/models_extra/power_generation/costing/tests,1496,test,0,2,True,False
idaes/models_extra/power_generation/costing/tests/test_NGCC_capcost.py,idaes/models_extra/power_generation/costing/tests,560,test,0,6,True,False
idaes/models_extra/power_generation/costing/tests/test_power_plant_capcost.py,idaes/models_extra/power_generation/costing/tests,2357,test,0,25,False,False
idaes/models_extra/power_generation/costing/tests/test_power_plant_costing.py,idaes/models_extra/power_generation/costing/tests,2856,test,0,29,False,False
idaes/models_extra/power_generation/flowsheets/__init__.py,idaes/models_extra/power_generation/flowsheets,0,source,0,0,False,False
idaes/models_extra/power_generation/flowsheets/subcritical_power_plant/__init__.py,idaes/models_extra/power_generation/flowsheets/subcritical_power_plant,0,source,0,0,False,False
idaes/models_extra/power_generation/flowsheets/subcritical_power_plant/generic_surrogate_dict.py,idaes/models_extra/power_generation/flowsheets/subcritical_power_plant,1336,source,0,0,False,False
idaes/models_extra/power_generation/flowsheets/subcritical_power_plant/steam_cycle_flowsheet.py,idaes/models_extra/power_generation/flowsheets/subcritical_power_plant,2214,source,0,10,True,False
idaes/models_extra/power_generation/flowsheets/subcritical_power_plant/subcritical_boiler.py,idaes/models_extra/power_generation/flowsheets/subcritical_power_plant,421,source,0,5,True,False
idaes/models_extra/power_generation/flowsheets/subcritical_power_plant/subcritical_boiler_flowsheet.py,idaes/models_extra/power_generation/flowsheets/subcritical_power_plant,1335,source,0,10,True,False
idaes/models_extra/power_generation/flowsheets/subcritical_power_plant/subcritical_power_plant.py,idaes/models_extra/power_generation/flowsheets/subcritical_power_plant,2289,source,0,11,False,False
idaes/models_extra/power_generation/flowsheets/subcritical_power_plant/tests/__init__.py,idaes/models_extra/power_generation/flowsheets/subcritical_power_plant/tests,0,test,0,0,False,False
idaes/models_extra/power_generation/flowsheets/subcritical_power_plant/tests/test_subcritical_flowsheets.py,idaes/models_extra/power_generation/flowsheets/subcritical_power_plant/tests,218,test,0,11,False,False
idaes/models_extra/power_generation/flowsheets/supercritical_power_plant/SCPC_full_plant.py,idaes/models_extra/power_generation/flowsheets/supercritical_power_plant,205,source,0,2,True,False
idaes/models_extra/power_generation/flowsheets/supercritical_power_plant/__init__.py,idaes/models_extra/power_generation/flowsheets/supercritical_power_plant,0,source,0,0,False,False
idaes/models_extra/power_generation/flowsheets/supercritical_power_plant/boiler_subflowsheet_build.py,idaes/models_extra/power_generation/flowsheets/supercritical_power_plant,755,source,0,7,True,False
idaes/models_extra/power_generation/flowsheets/supercritical_steam_cycle/__init__.py,idaes/models_extra/power_generation/flowsheets/supercritical_steam_cycle,16,source,0,0,False,False
idaes/models_extra/power_generation/flowsheets/supercritical_steam_cycle/supercritical_steam_cycle.py,idaes/models_extra/power_generation/flowsheets/supercritical_steam_cycle,1010,source,0,6,True,False
idaes/models_extra/power_generation/flowsheets/test/test_scpc_plant.py,idaes/models_extra/power_generation/flowsheets/test,72,source,0,5,True,False
idaes/models_extra/power_generation/flowsheets/test/test_scsc.py,idaes/models_extra/power_generation/flowsheets/test,79,source,0,5,True,False
idaes/models_extra/power_generation/flowsheets/test/test_subcritical_boiler.py,idaes/models_extra/power_generation/flowsheets/test,95,source,0,3,True,False
idaes/models_extra/power_generation/properties/__init__.py,idaes/models_extra/power_generation/properties,16,source,0,0,False,False
idaes/models_extra/power_generation/properties/flue_gas_ideal.py,idaes/models_extra/power_generation/properties,1060,source,3,0,True,False
idaes/models_extra/power_generation/properties/natural_gas_PR.py,idaes/models_extra/power_generation/properties,761,source,1,2,True,False
idaes/models_extra/power_generation/properties/tests/__init__.py,idaes/models_extra/power_generation/properties/tests,0,test,0,0,False,False
idaes/models_extra/power_generation/properties/tests/test_NG_PR.py,idaes/models_extra/power_generation/properties/tests,311,test,2,0,False,False
idaes/models_extra/power_generation/properties/tests/test_fg_prop.py,idaes/models_extra/power_generation/properties/tests,120,test,0,2,False,False
idaes/models_extra/power_generation/properties/tests/test_flue_gas_integration.py,idaes/models_extra/power_generation/properties/tests,188,test,1,0,True,False
idaes/models_extra/power_generation/unit_models/__init__.py,idaes/models_extra/power_generation/unit_models,31,source,0,0,False,False
idaes/models_extra/power_generation/unit_models/balance.py,idaes/models_extra/power_generation/unit_models,251,source,1,2,True,False
idaes/models_extra/power_generation/unit_models/boiler_fireside.py,idaes/models_extra/power_generation/unit_models,1260,source,1,0,True,False
idaes/models_extra/power_generation/unit_models/boiler_heat_exchanger.py,idaes/models_extra/power_generation/unit_models,1288,source,2,0,True,False
idaes/models_extra/power_generation/unit_models/boiler_heat_exchanger_2D.py,idaes/models_extra/power_generation/unit_models,3279,source,1,0,True,False
idaes/models_extra/power_generation/unit_models/cpu.py,idaes/models_extra/power_generation/unit_models,848,source,1,26,True,False
idaes/models_extra/power_generation/unit_models/cross_flow_heat_exchanger_1D.py,idaes/models_extra/power_generation/unit_models,1143,source,2,0,True,False
idaes/models_extra/power_generation/unit_models/downcomer.py,idaes/models_extra/power_generation/unit_models,485,source,1,0,True,False
idaes/models_extra/power_generation/unit_models/drum.py,idaes/models_extra/power_generation/unit_models,601,source,1,0,True,False
idaes/models_extra/power_generation/unit_models/drum1D.py,idaes/models_extra/power_generation/unit_models,1529,source,1,0,True,False
idaes/models_extra/power_generation/unit_models/feedwater_heater_0D.py,idaes/models_extra/power_generation/unit_models,400,source,2,3,True,False
idaes/models_extra/power_generation/unit_models/feedwater_heater_0D_dynamic.py,idaes/models_extra/power_generation/unit_models,460,source,2,2,True,False
idaes/models_extra/power_generation/unit_models/heat_exchanger_3streams.py,idaes/models_extra/power_generation/unit_models,652,source,1,0,True,False
idaes/models_extra/power_generation/unit_models/heat_exchanger_common.py,idaes/models_extra/power_generation/unit_models,540,source,0,3,True,False
idaes/models_extra/power_generation/unit_models/heater_1D.py,idaes/models_extra/power_generation/unit_models,555,source,2,0,True,False
idaes/models_extra/power_generation/unit_models/helm/__init__.py,idaes/models_extra/power_generation/unit_models/helm,42,source,0,0,False,False
idaes/models_extra/power_generation/unit_models/helm/compressor.py,idaes/models_extra/power_generation/unit_models/helm,213,source,1,1,False,False
idaes/models_extra/power_generation/unit_models/helm/condenser_ntu.py,idaes/models_extra/power_generation/unit_models/helm,394,source,1,1,True,False
idaes/models_extra/power_generation/unit_models/helm/mixer.py,idaes/models_extra/power_generation/unit_models/helm,442,source,1,0,True,False
idaes/models_extra/power_generation/unit_models/helm/phase_separator.py,idaes/models_extra/power_generation/unit_models/helm,222,source,1,0,True,False
idaes/models_extra/power_generation/unit_models/helm/pump.py,idaes/models_extra/power_generation/unit_models/helm,194,source,1,1,False,False
idaes/models_extra/power_generation/unit_models/helm/splitter.py,idaes/models_extra/power_generation/unit_models/helm,349,source,1,0,True,False
idaes/models_extra/power_generation/unit_models/helm/tests/__init__.py,idaes/models_extra/power_generation/unit_models/helm/tests,12,test,0,0,False,False
idaes/models_extra/power_generation/unit_models/helm/tests/test_compare_to_generic.py,idaes/models_extra/power_generation/unit_models/helm/tests,181,test,0,4,True,False
idaes/models_extra/power_generation/unit_models/helm/tests/test_condenser_ntu.py,idaes/models_extra/power_generation/unit_models/helm/tests,156,test,0,3,True,False
idaes/models_extra/power_generation/unit_models/helm/tests/test_mixer.py,idaes/models_extra/power_generation/unit_models/helm/tests,167,test,0,3,False,False
idaes/models_extra/power_generation/unit_models/helm/tests/test_phase_separator.py,idaes/models_extra/power_generation/unit_models/helm/tests,155,test,0,5,True,False
idaes/models_extra/power_generation/unit_models/helm/tests/test_splitter.py,idaes/models_extra/power_generation/unit_models/helm/tests,109,test,0,2,False,False
idaes/models_extra/power_generation/unit_models/helm/tests/test_turbine_inlet.py,idaes/models_extra/power_generation/unit_models/helm/tests,187,test,0,8,True,False
idaes/models_extra/power_generation/unit_models/helm/tests/test_turbine_multistage.py,idaes/models_extra/power_generation/unit_models/helm/tests,271,test,0,3,True,False
idaes/models_extra/power_generation/unit_models/helm/tests/test_turbine_outlet.py,idaes/models_extra/power_generation/unit_models/helm/tests,164,test,0,7,True,False
idaes/models_extra/power_generation/unit_models/helm/tests/test_turbine_stage.py,idaes/models_extra/power_generation/unit_models/helm/tests,113,test,0,5,True,False
idaes/models_extra/power_generation/unit_models/helm/turbine.py,idaes/models_extra/power_generation/unit_models/helm,222,source,1,1,False,False
idaes/models_extra/power_generation/unit_models/helm/turbine_inlet.py,idaes/models_extra/power_generation/unit_models/helm,226,source,1,0,True,False
idaes/models_extra/power_generation/unit_models/helm/turbine_multistage.py,idaes/models_extra/power_generation/unit_models/helm,836,source,1,1,True,False
idaes/models_extra/power_generation/unit_models/helm/turbine_outlet.py,idaes/models_extra/power_generation/unit_models/helm,258,source,1,0,True,False
idaes/models_extra/power_generation/unit_models/helm/turbine_stage.py,idaes/models_extra/power_generation/unit_models/helm,86,source,1,0,True,False
idaes/models_extra/power_generation/unit_models/helm/valve_steam.py,idaes/models_extra/power_generation/unit_models/helm,296,source,2,6,False,False
idaes/models_extra/power_generation/unit_models/soc_submodels/__init__.py,idaes/models_extra/power_generation/unit_models/soc_submodels,34,source,0,0,False,False
idaes/models_extra/power_generation/unit_models/soc_submodels/channel.py,idaes/models_extra/power_generation/unit_models/soc_submodels,926,source,1,0,True,False
idaes/models_extra/power_generation/unit_models/soc_submodels/common.py,idaes/models_extra/power_generation/unit_models/soc_submodels,943,source,2,22,False,False
idaes/models_extra/power_generation/unit_models/soc_submodels/conductive_slab.py,idaes/models_extra/power_generation/unit_models/soc_submodels,384,source,1,0,True,False
idaes/models_extra/power_generation/unit_models/soc_submodels/contact_resistor.py,idaes/models_extra/power_generation/unit_models/soc_submodels,186,source,1,0,True,False
idaes/models_extra/power_generation/unit_models/soc_submodels/porous_conductive_slab.py,idaes/models_extra/power_generation/unit_models/soc_submodels,1078,source,1,0,True,False
idaes/models_extra/power_generation/unit_models/soc_submodels/solid_oxide_cell.py,idaes/models_extra/power_generation/unit_models/soc_submodels,1512,source,1,0,True,False
idaes/models_extra/power_generation/unit_models/soc_submodels/solid_oxide_module_simple.py,idaes/models_extra/power_generation/unit_models/soc_submodels,477,source,1,0,True,False
idaes/models_extra/power_generation/unit_models/soc_submodels/testing.py,idaes/models_extra/power_generation/unit_models/soc_submodels,96,source,0,2,False,False
idaes/models_extra/power_generation/unit_models/soc_submodels/tests/test_channel.py,idaes/models_extra/power_generation/unit_models/soc_submodels/tests,221,test,0,8,False,False
idaes/models_extra/power_generation/unit_models/soc_submodels/tests/test_common.py,idaes/models_extra/power_generation/unit_models/soc_submodels/tests,78,test,0,3,False,False
idaes/models_extra/power_generation/unit_models/soc_submodels/tests/test_conductive_slab.py,idaes/models_extra/power_generation/unit_models/soc_submodels/tests,222,test,0,8,False,False
idaes/models_extra/power_generation/unit_models/soc_submodels/tests/test_contact_resistor.py,idaes/models_extra/power_generation/unit_models/soc_submodels/tests,178,test,0,7,False,False
idaes/models_extra/power_generation/unit_models/soc_submodels/tests/test_herring_replication.py,idaes/models_extra/power_generation/unit_models/soc_submodels/tests,638,test,0,10,True,False
idaes/models_extra/power_generation/unit_models/soc_submodels/tests/test_herring_replication_heat_loss.py,idaes/models_extra/power_generation/unit_models/soc_submodels/tests,1101,test,0,16,True,False
idaes/models_extra/power_generation/unit_models/soc_submodels/tests/test_herring_replication_interconnect.py,idaes/models_extra/power_generation/unit_models/soc_submodels/tests,831,test,0,14,True,False
idaes/models_extra/power_generation/unit_models/soc_submodels/tests/test_herring_replication_thin.py,idaes/models_extra/power_generation/unit_models/soc_submodels/tests,650,test,0,10,True,False
idaes/models_extra/power_generation/unit_models/soc_submodels/tests/test_porous_conductive_slab.py,idaes/models_extra/power_generation/unit_models/soc_submodels/tests,286,test,0,8,False,False
idaes/models_extra/power_generation/unit_models/soc_submodels/tests/test_solid_oxide_cell.py,idaes/models_extra/power_generation/unit_models/soc_submodels/tests,1457,test,0,21,False,False
idaes/models_extra/power_generation/unit_models/soc_submodels/tests/test_triple_phase_boundary.py,idaes/models_extra/power_generation/unit_models/soc_submodels/tests,562,test,0,16,False,False
idaes/models_extra/power_generation/unit_models/soc_submodels/triple_phase_boundary.py,idaes/models_extra/power_generation/unit_models/soc_submodels,530,source,1,0,True,False
idaes/models_extra/power_generation/unit_models/soec_design.py,idaes/models_extra/power_generation/unit_models,700,source,1,0,False,False
idaes/models_extra/power_generation/unit_models/steamheater.py,idaes/models_extra/power_generation/unit_models,791,source,1,0,True,False
idaes/models_extra/power_generation/unit_models/tests/__init__.py,idaes/models_extra/power_generation/unit_models/tests,0,test,0,0,False,False
idaes/models_extra/power_generation/unit_models/tests/datadictionary.py,idaes/models_extra/power_generation/unit_models/tests,65,test,0,0,True,False
idaes/models_extra/power_generation/unit_models/tests/test_boiler_heat_exchanger.py,idaes/models_extra/power_generation/unit_models/tests,240,test,0,12,True,False
idaes/models_extra/power_generation/unit_models/tests/test_boilerfireside.py,idaes/models_extra/power_generation/unit_models/tests,269,test,0,6,True,False
idaes/models_extra/power_generation/unit_models/tests/test_cpu.py,idaes/models_extra/power_generation/unit_models/tests,92,test,0,4,True,False
idaes/models_extra/power_generation/unit_models/tests/test_cross_flow_heat_exchanger_1D.py,idaes/models_extra/power_generation/unit_models/tests,380,test,0,15,False,False
idaes/models_extra/power_generation/unit_models/tests/test_downcomer.py,idaes/models_extra/power_generation/unit_models/tests,133,test,0,5,True,False
idaes/models_extra/power_generation/unit_models/tests/test_drum.py,idaes/models_extra/power_generation/unit_models/tests,178,test,0,5,True,False
idaes/models_extra/power_generation/unit_models/tests/test_drum1D.py,idaes/models_extra/power_generation/unit_models/tests,219,test,0,5,True,False
idaes/models_extra/power_generation/unit_models/tests/test_feedwater_heater.py,idaes/models_extra/power_generation/unit_models/tests,83,test,0,2,False,False
idaes/models_extra/power_generation/unit_models/tests/test_feedwater_heater_dynamic.py,idaes/models_extra/power_generation/unit_models/tests,139,test,0,4,False,False
idaes/models_extra/power_generation/unit_models/tests/test_heat_exchanger2D.py,idaes/models_extra/power_generation/unit_models/tests,196,test,0,4,True,False
idaes/models_extra/power_generation/unit_models/tests/test_heat_exchanger_3streams.py,idaes/models_extra/power_generation/unit_models/tests,172,test,0,4,True,False
idaes/models_extra/power_generation/unit_models/tests/test_heater_1D.py,idaes/models_extra/power_generation/unit_models/tests,262,test,0,10,False,False
idaes/models_extra/power_generation/unit_models/tests/test_soec_design.py,idaes/models_extra/power_generation/unit_models/tests,107,test,0,3,False,False
idaes/models_extra/power_generation/unit_models/tests/test_steamheater.py,idaes/models_extra/power_generation/unit_models/tests,147,test,0,4,True,False
idaes/models_extra/power_generation/unit_models/tests/test_waterpipe.py,idaes/models_extra/power_generation/unit_models/tests,315,test,0,7,True,False
idaes/models_extra/power_generation/unit_models/tests/test_watertank.py,idaes/models_extra/power_generation/unit_models/tests,231,test,0,8,True,False
idaes/models_extra/power_generation/unit_models/tests/test_waterwall.py,idaes/models_extra/power_generation/unit_models/tests,214,test,0,4,True,False
idaes/models_extra/power_generation/unit_models/waterpipe.py,idaes/models_extra/power_generation/unit_models,457,source,1,0,True,False
idaes/models_extra/power_generation/unit_models/watertank.py,idaes/models_extra/power_generation/unit_models,434,source,1,0,True,False
idaes/models_extra/power_generation/unit_models/waterwall_section.py,idaes/models_extra/power_generation/unit_models,1220,source,1,0,True,False
idaes/models_extra/temperature_swing_adsorption/__init__.py,idaes/models_extra/temperature_swing_adsorption,19,source,0,0,False,False
idaes/models_extra/temperature_swing_adsorption/costing/dac_costing.py,idaes/models_extra/temperature_swing_adsorption/costing,1153,source,0,6,True,False
idaes/models_extra/temperature_swing_adsorption/fixed_bed_tsa0d.py,idaes/models_extra/temperature_swing_adsorption,2880,source,4,0,True,False
idaes/models_extra/temperature_swing_adsorption/fixed_bed_tsa0d_ui.py,idaes/models_extra/temperature_swing_adsorption,549,source,0,5,True,False
idaes/models_extra/temperature_swing_adsorption/initializer.py,idaes/models_extra/temperature_swing_adsorption,926,source,1,0,True,False
idaes/models_extra/temperature_swing_adsorption/tests/test_fixed_bed_tsa0d.py,idaes/models_extra/temperature_swing_adsorption/tests,400,test,3,0,True,False
idaes/models_extra/temperature_swing_adsorption/tests/test_fixed_bed_tsa0d_costing.py,idaes/models_extra/temperature_swing_adsorption/tests,234,test,2,0,True,False
idaes/models_extra/temperature_swing_adsorption/tests/test_fixed_bed_tsa0d_ui.py,idaes/models_extra/temperature_swing_adsorption/tests,180,test,0,5,False,False
idaes/models_extra/temperature_swing_adsorption/util.py,idaes/models_extra/temperature_swing_adsorption,170,source,0,2,True,False
idaes/tests/__init__.py,idaes/tests,44,test,0,1,False,False
idaes/tests/beta_mod.py,idaes/tests,22,test,0,0,False,False
idaes/tests/prescient/5bus/__init__.py,idaes/tests/prescient/5bus,0,test,0,0,False,False
idaes/tests/prescient/__init__.py,idaes/tests/prescient,12,test,0,0,False,False
idaes/tests/prescient/test_prescient.py,idaes/tests/prescient,102,test,1,0,False,False
idaes/tests/test_beta.py,idaes/tests,85,test,0,3,False,False
idaes/tests/test_cbrt.py,idaes/tests,56,test,0,3,False,False
idaes/tests/test_clone_model.py,idaes/tests,92,test,0,3,True,False
idaes/tests/test_config.py,idaes/tests,107,test,1,5,False,False
idaes/tests/test_docs.py,idaes/tests,152,test,0,7,True,False
idaes/tests/test_headers.py,idaes/tests,75,test,0,3,True,False
idaes/tests/test_import.py,idaes/tests,88,test,0,3,False,False
idaes/tests/test_logger.py,idaes/tests,148,test,0,8,False,False
idaes/tests/test_tests.py,idaes/tests,29,test,0,2,True,False
